// entity 0
{
"mapversion" "220"
"wad" ""
"classname" "worldspawn"
// brush 0
{
( -2464 -64 -16 ) ( -2464 -63 -16 ) ( -2464 -64 -15 ) 151-green-grass-texture-seamless-dithered [ 0 -1 0 0 ] [ 0 0 -1 0 ] 0 1 1
( -64 -18960 -16 ) ( -64 -18960 -15 ) ( -63 -18960 -16 ) 151-green-grass-texture-seamless-dithered [ 1 0 0 0 ] [ 0 0 -1 0 ] 180 1 1
( -64 -64 -16 ) ( -63 -64 -16 ) ( -64 -63 -16 ) 151-green-grass-texture-seamless-dithered [ -1 0 0 0 ] [ 0 -1 0 0 ] 0 1 1
( 64 64 16 ) ( 64 65 16 ) ( 65 64 16 ) 151-green-grass-texture-seamless-dithered [ 1 0 0 0 ] [ 0 -1 0 0 ] 0 1 1
( 64 14464 16 ) ( 65 14464 16 ) ( 64 14464 17 ) 151-green-grass-texture-seamless-dithered [ -1 0 0 0 ] [ 0 0 -1 0 ] 270 1 1
( 1648 64 16 ) ( 1648 64 17 ) ( 1648 65 16 ) 151-green-grass-texture-seamless-dithered [ 0 1 0 0 ] [ 0 0 -1 0 ] 90 1 1
}
// brush 1
{
( -1088 -560 16 ) ( -1088 -559 16 ) ( -1088 -560 17 ) 4f7a9f47b1bf2ec108064fe050bd2f29-dithered [ 0 -1 0 48 ] [ 0 0 -1 0 ] 270 4 4
( -432 -1136 16 ) ( -432 -1136 17 ) ( -431 -1136 16 ) 4f7a9f47b1bf2ec108064fe050bd2f29-dithered [ 1 0 0 16 ] [ 0 0 -1 0 ] 270 4 4
( -432 -560 16 ) ( -431 -560 16 ) ( -432 -559 16 ) 4f7a9f47b1bf2ec108064fe050bd2f29-dithered [ -1 0 0 -16 ] [ 0 -1 0 48 ] 0 4 4
( 128 80 32 ) ( 128 81 32 ) ( 129 80 32 ) 4f7a9f47b1bf2ec108064fe050bd2f29-dithered [ 1 0 0 16 ] [ 0 -1 0 48 ] 0 4 4
( 128 80 32 ) ( 129 80 32 ) ( 128 80 33 ) 4f7a9f47b1bf2ec108064fe050bd2f29-dithered [ -1 0 0 -16 ] [ 0 0 -1 0 ] 0 4 4
( 128 80 32 ) ( 128 80 33 ) ( 128 81 32 ) 4f7a9f47b1bf2ec108064fe050bd2f29-dithered [ 0 1 0 -48 ] [ 0 0 -1 0 ] 0 4 4
}
// brush 2
{
( -1088 -1136 16 ) ( -1088 -1136 32 ) ( -1088 -1184 16 ) rocks4 [ 0 -1 0 0 ] [ -2.7755575615628914e-16 0 1 -320 ] 90 0.1 0.1
( -1088 -1136 32 ) ( 128 -1136 32 ) ( 128 -1184 16 ) rocks4 [ 1 0 0 0 ] [ 0 1 -2.220446049250313e-16 416 ] 0 0.1 0.1
( 128 -1184 16 ) ( 128 -1136 16 ) ( -1088 -1136 16 ) rocks4 [ -1 0 0 0 ] [ 0 -1 0 0 ] 0 0.1 0.1
( 128 -1136 16 ) ( 128 -1136 32 ) ( -1088 -1136 32 ) rocks4 [ -1 0 0 0 ] [ 0 0 -1 0 ] 0 0.1 0.1
( 128 -1184 16 ) ( 128 -1136 32 ) ( 128 -1136 16 ) rocks4 [ 0 1 0 0 ] [ 2.7755575615628914e-16 0 1 -320 ] 0 0.1 0.1
}
// brush 3
{
( -1136 80 16 ) ( -1088 80 32 ) ( -1088 -1136 32 ) rocks4 [ 0 -1 0 0 ] [ 1 0 -2.220446049250313e-16 960 ] 270 0.1 0.1
( -1136 -1136 16 ) ( -1088 -1136 32 ) ( -1088 -1136 16 ) rocks4 [ 1 0 0 0 ] [ 0 0 -1 0 ] 0 0.1 0.1
( -1088 -1136 16 ) ( -1088 80 16 ) ( -1136 80 16 ) rocks4 [ -1 0 0 0 ] [ 0 -1 0 0 ] 0 0.1 0.1
( -1088 80 16 ) ( -1088 80 32 ) ( -1136 80 16 ) rocks4 [ -1 0 0 0 ] [ 0 0 -1 0 ] 180 0.1 0.1
( -1088 -1136 32 ) ( -1088 80 32 ) ( -1088 80 16 ) rocks4 [ 0 1 0 0 ] [ 0 0 -1 0 ] 0 0.1 0.1
}
// brush 4
{
( -1088 80 32 ) ( -1088 80 16 ) ( -1088 128 16 ) rocks4 [ 0 -1 0 0 ] [ 0 0 -1 0 ] 0 0.1 0.1
( -1088 80 32 ) ( 128 80 32 ) ( 128 80 16 ) rocks4 [ 1 0 0 0 ] [ 0 0 -1 0 ] 0 0.1 0.1
( 128 80 16 ) ( 128 128 16 ) ( -1088 128 16 ) rocks4 [ -1 0 0 0 ] [ 0 -1 0 0 ] 0 0.1 0.1
( -1088 128 16 ) ( 128 128 16 ) ( 128 80 32 ) rocks4 [ -1 0 0 0 ] [ 0 -1 -2.220446049250313e-16 96 ] 0 0.1 0.1
( 128 80 32 ) ( 128 128 16 ) ( 128 80 16 ) rocks4 [ 0 1 0 0 ] [ 0 0 -1 0 ] 180 0.1 0.1
}
// brush 5
{
( 128 80 32 ) ( 128 -1136 32 ) ( 128 -1136 16 ) rocks4 [ 0 -1 0 0 ] [ 0 0 -1 0 ] 0 0.1 0.1
( 128 -1136 32 ) ( 176 -1136 16 ) ( 128 -1136 16 ) rocks4 [ 1 0 0 0 ] [ 0 0 -1 0 ] 270 0.1 0.1
( 176 -1136 16 ) ( 176 80 16 ) ( 128 80 16 ) rocks4 [ -1 0 0 0 ] [ 0 -1 0 0 ] 0 0.1 0.1
( 128 80 16 ) ( 176 80 16 ) ( 128 80 32 ) rocks4 [ -1 0 0 0 ] [ 0 0 -1 0 ] 0 0.1 0.1
( 128 80 32 ) ( 176 80 16 ) ( 176 -1136 16 ) rocks4 [ 0 1 0 0 ] [ -1 0 -2.220446049250313e-16 576 ] 0 0.1 0.1
}
// brush 6
{
( 128 -1136 16 ) ( 128 -1136 32 ) ( 128 -1184 16 ) rocks4 [ 0 -1 0 0 ] [ 0 0 -1 0 ] 0 0.1 0.1
( 128 -1184 16 ) ( 176 -1136 16 ) ( 128 -1136 16 ) rocks4 [ -1 0 0 0 ] [ 0 -1 0 0 ] 0 0.1 0.1
( 128 -1136 16 ) ( 176 -1136 16 ) ( 128 -1136 32 ) rocks4 [ -1 0 0 0 ] [ 0 2.7755575615628914e-16 1 994.1332 ] 0 0.1 0.1
( 128 -1136 32 ) ( 176 -1136 16 ) ( 128 -1184 16 ) rocks4 [ 0 1 0 0 ] [ -1 0 -2.220446049250313e-16 160 ] 0 0.1 0.1
}
// brush 7
{
( -1088 -1136 32 ) ( -1088 -1184 16 ) ( -1136 -1136 16 ) rocks4 [ 1 7.044813998280222e-16 0 -480 ] [ -7.044813998280222e-16 1 -2.220446049250313e-16 0 ] 324.9032 0.1 0.1
( -1136 -1136 16 ) ( -1088 -1184 16 ) ( -1088 -1136 16 ) rocks4 [ -7.044813998280222e-16 1 0 -160 ] [ -1 -7.044813998280222e-16 0 480 ] 0 0.1 0.1
( -1088 -1136 16 ) ( -1088 -1136 32 ) ( -1136 -1136 16 ) rocks4 [ -1 -7.044813998280222e-16 0 480 ] [ 0 0 -1 0 ] 90 0.1 0.1
( -1088 -1136 16 ) ( -1088 -1184 16 ) ( -1088 -1136 32 ) rocks4 [ -7.044813998280222e-16 1 0 -160 ] [ 2.7755575615628914e-16 1.9553286762730776e-31 1 994.13324 ] 270 0.1 0.1
}
// brush 8
{
( -1088 80 32 ) ( -1136 80 16 ) ( -1088 128 16 ) rocks4 [ -1.2246467991473532e-16 -1 0 704 ] [ 1 -1.2246467991473532e-16 -2.220446049250313e-16 544 ] 190.47568 0.1 0.1
( -1088 80 16 ) ( -1136 80 16 ) ( -1088 80 32 ) rocks4 [ 1 -1.2246467991473532e-16 0 384 ] [ -3.399077683617228e-32 -2.7755575615628914e-16 1 994.13324 ] 180 0.1 0.1
( -1088 128 16 ) ( -1136 80 16 ) ( -1088 80 16 ) rocks4 [ 1 -1.2246467991473532e-16 0 384 ] [ 1.2246467991473532e-16 1 0 -704 ] 180 0.1 0.1
( -1088 80 16 ) ( -1088 80 32 ) ( -1088 128 16 ) rocks4 [ 1.2246467991473532e-16 1 0 -704 ] [ 0 0 -1 0 ] 180 0.1 0.1
}
// brush 9
{
( 128 80 32 ) ( 128 80 16 ) ( 128 128 16 ) rocks4 [ 0 -1 0 0 ] [ 0 0 -1 0 ] 0 0.1 0.1
( 128 80 32 ) ( 176 80 16 ) ( 128 80 16 ) rocks4 [ 1 0 0 0 ] [ 0 0 -1 0 ] 0 0.1 0.1
( 128 80 16 ) ( 176 80 16 ) ( 128 128 16 ) rocks4 [ -1 0 0 0 ] [ 0 -1 0 0 ] 0 0.1 0.1
( 128 128 16 ) ( 176 80 16 ) ( 128 80 32 ) rocks4 [ -1 0 0 0 ] [ 0 -1 -2.220446049250313e-16 96 ] 0 0.1 0.1
}
// brush 10
{
( 1696 -784 0 ) ( 1696 -783 0 ) ( 1696 -784 1 ) 3084c9846583f3b4ca028f21f812cf76-dithered [ 0 -1 0 0 ] [ 0 0 -1 0 ] 0 1 1
( 1696 -1280 0 ) ( 1696 -1280 1 ) ( 1697 -1280 0 ) 3084c9846583f3b4ca028f21f812cf76-dithered [ 1 0 0 0 ] [ 0 0 -1 0 ] 270 1 1
( 1696 -784 0 ) ( 1697 -784 0 ) ( 1696 -783 0 ) 3084c9846583f3b4ca028f21f812cf76-dithered [ -1 0 0 0 ] [ 0 -1 0 0 ] 0 1 1
( 1840 -448 16 ) ( 1840 -447 16 ) ( 1841 -448 16 ) 3084c9846583f3b4ca028f21f812cf76-dithered [ 1 0 0 0 ] [ 0 -1 0 0 ] 0 1 1
( 1840 544 16 ) ( 1841 544 16 ) ( 1840 544 17 ) 3084c9846583f3b4ca028f21f812cf76-dithered [ -1 0 0 0 ] [ 0 0 -1 0 ] 180 1 1
( 2400 -448 16 ) ( 2400 -448 17 ) ( 2400 -447 16 ) 3084c9846583f3b4ca028f21f812cf76-dithered [ 0 1 0 0 ] [ 0 0 -1 0 ] 0 1 1
}
// brush 11
{
( 1648 -736 16 ) ( 1648 -735 16 ) ( 1648 -736 17 ) concrete1 [ 0 -1 0 -256 ] [ 0 0 -1 0 ] 0 1 1
( 1680 -1280 16 ) ( 1680 -1280 17 ) ( 1681 -1280 16 ) concrete1 [ 1 0 0 -912 ] [ 0 0 -1 0 ] 180 1 1
( 1680 -736 16 ) ( 1681 -736 16 ) ( 1680 -735 16 ) concrete1 [ -1 0 0 912 ] [ 0 -1 0 -256 ] 90 1 1
( 1696 -720 320 ) ( 1696 -719 320 ) ( 1697 -720 320 ) concrete1 [ 1 0 0 -912 ] [ 0 -1 0 -256 ] 180 1 1
( 1696 -720 32 ) ( 1697 -720 32 ) ( 1696 -720 33 ) concrete1 [ -1 0 0 912 ] [ 0 0 -1 0 ] 90 1 1
( 1696 -720 32 ) ( 1696 -720 33 ) ( 1696 -719 32 ) concrete1 [ 0 1 0 256 ] [ 0 0 -1 0 ] 90 1 1
}
// brush 12
{
( 1648 -16 16 ) ( 1648 -15 16 ) ( 1648 -16 17 ) concrete1 [ 0 -1 0 464 ] [ 0 0 -1 0 ] 0 1 1
( 1680 -608 16 ) ( 1680 -608 17 ) ( 1681 -608 16 ) concrete1 [ 1 0 0 -912 ] [ 0 0 -1 0 ] 90 1 1
( 1680 -16 16 ) ( 1681 -16 16 ) ( 1680 -15 16 ) concrete1 [ -1 0 0 912 ] [ 0 -1 0 464 ] 90 1 1
( 1696 0 320 ) ( 1696 1 320 ) ( 1697 0 320 ) concrete1 [ 1 0 0 -912 ] [ 0 -1 0 464 ] 180 1 1
( 1696 -384 32 ) ( 1697 -384 32 ) ( 1696 -384 33 ) concrete1 [ -1 0 0 912 ] [ 0 0 -1 0 ] 270 1 1
( 1696 0 32 ) ( 1696 0 33 ) ( 1696 1 32 ) concrete1 [ 0 1 0 -464 ] [ 0 0 -1 0 ] 90 1 1
}
// brush 13
{
( 1648 -384 16 ) ( 1648 -383 16 ) ( 1648 -384 17 ) concrete1 [ 0 -1 0 0 ] [ 0 0 -1 0 ] 270 1 1
( 1680 -384 16 ) ( 1680 -384 17 ) ( 1681 -384 16 ) concrete1 [ 1 0 0 0 ] [ 0 0 -1 0 ] 0 1 1
( 1680 -384 16 ) ( 1681 -384 16 ) ( 1680 -383 16 ) concrete1 [ -1 0 0 0 ] [ 0 -1 0 0 ] 0 1 1
( 1760 -352 320 ) ( 1760 -351 320 ) ( 1761 -352 320 ) concrete1 [ 1 0 0 0 ] [ 0 -1 0 0 ] 270 1 1
( 1760 -352 32 ) ( 1761 -352 32 ) ( 1760 -352 33 ) concrete1 [ -1 0 0 0 ] [ 0 0 -1 0 ] 0 1 1
( 2400 -352 32 ) ( 2400 -352 33 ) ( 2400 -351 32 ) concrete1 [ 0 1 0 0 ] [ 0 0 -1 0 ] 90 1 1
}
// brush 14
{
( 1648 240 16 ) ( 1648 241 16 ) ( 1648 240 17 ) concrete1 [ 0 -1 0 720 ] [ 0 0 -1 0 ] 180 1 1
( 1680 -352 16 ) ( 1680 -352 17 ) ( 1681 -352 16 ) concrete1 [ 1 0 0 -912 ] [ 0 0 -1 0 ] 270 1 1
( 1680 240 16 ) ( 1681 240 16 ) ( 1680 241 16 ) concrete1 [ -1 0 0 912 ] [ 0 -1 0 720 ] 270 1 1
( 1696 256 320 ) ( 1696 257 320 ) ( 1697 256 320 ) concrete1 [ 1 0 0 -912 ] [ 0 -1 0 720 ] 0 1 1
( 1696 -128 32 ) ( 1697 -128 32 ) ( 1696 -128 33 ) concrete1 [ -1 0 0 912 ] [ 0 0 -1 0 ] 90 1 1
( 1696 256 32 ) ( 1696 256 33 ) ( 1696 257 32 ) concrete1 [ 0 1 0 -720 ] [ 0 0 -1 0 ] 270 1 1
}
// brush 15
{
( 1648 528 16 ) ( 1648 529 16 ) ( 1648 528 17 ) concrete1 [ 0 -1 0 -16 ] [ 0 0 -1 0 ] 0 1 1
( 1680 -16 16 ) ( 1680 -16 17 ) ( 1681 -16 16 ) concrete1 [ 1 0 0 -912 ] [ 0 0 -1 0 ] 270 1 1
( 1680 528 16 ) ( 1681 528 16 ) ( 1680 529 16 ) concrete1 [ -1 0 0 912 ] [ 0 -1 0 -16 ] 180 1 1
( 1696 544 320 ) ( 1696 545 320 ) ( 1697 544 320 ) concrete1 [ 1 0 0 -912 ] [ 0 -1 0 -16 ] 270 1 1
( 1696 592 32 ) ( 1697 592 32 ) ( 1696 592 33 ) concrete1 [ -1 0 0 912 ] [ 0 0 -1 0 ] 90 1 1
( 1696 544 32 ) ( 1696 544 33 ) ( 1696 545 32 ) concrete1 [ 0 1 0 16 ] [ 0 0 -1 0 ] 180 1 1
}
// brush 16
{
( 1696 544 16 ) ( 1696 545 16 ) ( 1696 544 17 ) concrete1 [ 0 -1 0 0 ] [ 0 0 -1 0 ] 270 1 1
( 1680 544 16 ) ( 1680 544 17 ) ( 1681 544 16 ) concrete1 [ 1 0 0 0 ] [ 0 0 -1 0 ] 0 1 1
( 1680 544 16 ) ( 1681 544 16 ) ( 1680 545 16 ) concrete1 [ -1 0 0 0 ] [ 0 -1 0 0 ] 0 1 1
( 1728 560 320 ) ( 1728 561 320 ) ( 1729 560 320 ) concrete1 [ 1 0 0 0 ] [ 0 -1 0 0 ] 270 1 1
( 1728 592 32 ) ( 1729 592 32 ) ( 1728 592 33 ) concrete1 [ -1 0 0 0 ] [ 0 0 -1 0 ] 270 1 1
( 2448 560 32 ) ( 2448 560 33 ) ( 2448 561 32 ) concrete1 [ 0 1 0 0 ] [ 0 0 -1 0 ] 0 1 1
}
// brush 17
{
( 2400 544 16 ) ( 2400 545 16 ) ( 2400 544 17 ) concrete1 [ 0 -1 0 0 ] [ 0 0 -1 0 ] 0 1 1
( 2400 -1328 16 ) ( 2400 -1328 17 ) ( 2401 -1328 16 ) concrete1 [ 1 0 0 0 ] [ 0 0 -1 0 ] 90 1 1
( 2400 544 16 ) ( 2401 544 16 ) ( 2400 545 16 ) concrete1 [ -1 0 0 0 ] [ 0 -1 0 0 ] 0 1 1
( 2416 560 320 ) ( 2416 561 320 ) ( 2417 560 320 ) concrete1 [ 1 0 0 0 ] [ 0 -1 0 0 ] 270 1 1
( 2416 544 32 ) ( 2417 544 32 ) ( 2416 544 33 ) concrete1 [ -1 0 0 0 ] [ 0 0 -1 0 ] 270 1 1
( 2448 560 32 ) ( 2448 560 33 ) ( 2448 561 32 ) concrete1 [ 0 1 0 0 ] [ 0 0 -1 0 ] 270 1 1
}
// brush 18
{
( 1648 -1296 16 ) ( 1648 -1295 16 ) ( 1648 -1296 17 ) concrete1 [ 0 -1 0 -816 ] [ 0 0 -1 0 ] 180 1 1
( 1696 -1328 16 ) ( 1696 -1328 17 ) ( 1697 -1328 16 ) concrete1 [ 1 0 0 -16 ] [ 0 0 -1 0 ] 180 1 1
( 1696 -1296 16 ) ( 1697 -1296 16 ) ( 1696 -1295 16 ) concrete1 [ -1 0 0 16 ] [ 0 -1 0 -816 ] 270 1 1
( 1744 -1280 320 ) ( 1744 -1279 320 ) ( 1745 -1280 320 ) concrete1 [ 1 0 0 -16 ] [ 0 -1 0 -816 ] 180 1 1
( 1744 -1280 32 ) ( 1745 -1280 32 ) ( 1744 -1280 33 ) concrete1 [ -1 0 0 16 ] [ 0 0 -1 0 ] 270 1 1
( 2400 -1280 32 ) ( 2400 -1280 33 ) ( 2400 -1279 32 ) concrete1 [ 0 1 0 816 ] [ 0 0 -1 0 ] 270 1 1
}
// brush 19
{
( 1536 -1280 320 ) ( 1536 -1279 320 ) ( 1536 -1280 321 ) 1cb750944a6d206c48d74c2432f21a14-dithered [ 0 -1 0 0 ] [ 0 0 -1 0 ] 270 1 1
( 1680 -1440 320 ) ( 1680 -1440 321 ) ( 1681 -1440 320 ) 1cb750944a6d206c48d74c2432f21a14-dithered [ 1 0 0 0 ] [ 0 0 -1 0 ] 270 1 1
( 1680 -1280 320 ) ( 1681 -1280 320 ) ( 1680 -1279 320 ) 1cb750944a6d206c48d74c2432f21a14-dithered [ -1 0 0 0 ] [ 0 -1 0 0 ] 0 1 1
( 1712 -1248 368 ) ( 1712 -1247 368 ) ( 1713 -1248 368 ) 1cb750944a6d206c48d74c2432f21a14-dithered [ 1 0 0 0 ] [ 0 -1 0 0 ] 270 1 1
( 1712 704 336 ) ( 1713 704 336 ) ( 1712 704 337 ) 1cb750944a6d206c48d74c2432f21a14-dithered [ -1 0 0 0 ] [ 0 0 -1 0 ] 0 1 1
( 2560 -1248 336 ) ( 2560 -1248 337 ) ( 2560 -1247 336 ) 1cb750944a6d206c48d74c2432f21a14-dithered [ 0 1 0 0 ] [ 0 0 -1 0 ] 90 1 1
}
// brush 20
{
( 1696 -480 112 ) ( 1696 -479 112 ) ( 1696 -480 113 ) 1cb750944a6d206c48d74c2432f21a14-dithered [ 0 -1 0 0 ] [ 0 0 -1 0 ] 0 1 1
( 1696 -480 112 ) ( 1696 -480 113 ) ( 1697 -480 112 ) 1cb750944a6d206c48d74c2432f21a14-dithered [ 1 0 0 0 ] [ 0 0 -1 0 ] 0 1 1
( 1696 -480 112 ) ( 1697 -480 112 ) ( 1696 -479 112 ) 1cb750944a6d206c48d74c2432f21a14-dithered [ -1 0 0 0 ] [ 0 -1 0 0 ] 0 1 1
( 1744 -384 128 ) ( 1744 -383 128 ) ( 1745 -384 128 ) 1cb750944a6d206c48d74c2432f21a14-dithered [ 1 0 0 0 ] [ 0 -1 0 0 ] 0 1 1
( 1744 -384 128 ) ( 1745 -384 128 ) ( 1744 -384 129 ) 1cb750944a6d206c48d74c2432f21a14-dithered [ -1 0 0 0 ] [ 0 0 -1 0 ] 0 1 1
( 2400 -384 128 ) ( 2400 -384 129 ) ( 2400 -383 128 ) 1cb750944a6d206c48d74c2432f21a14-dithered [ 0 1 0 0 ] [ 0 0 -1 0 ] 270 1 1
}
// brush 21
{
( 1696 -352 96 ) ( 1696 -351 96 ) ( 1696 -352 97 ) 1cb750944a6d206c48d74c2432f21a14-dithered [ 0 -1 0 128 ] [ 0 0 -1 -16 ] 270 1 1
( 1696 -352 96 ) ( 1696 -352 97 ) ( 1697 -352 96 ) 1cb750944a6d206c48d74c2432f21a14-dithered [ 1 0 0 0 ] [ 0 0 -1 -16 ] 270 1 1
( 1696 -352 112 ) ( 1697 -352 112 ) ( 1696 -351 112 ) 1cb750944a6d206c48d74c2432f21a14-dithered [ -1 0 0 0 ] [ 0 -1 0 128 ] 180 1 1
( 1744 -256 128 ) ( 1744 -255 128 ) ( 1745 -256 128 ) 1cb750944a6d206c48d74c2432f21a14-dithered [ 1 0 0 0 ] [ 0 -1 0 128 ] 180 1 1
( 1744 -256 112 ) ( 1745 -256 112 ) ( 1744 -256 113 ) 1cb750944a6d206c48d74c2432f21a14-dithered [ -1 0 0 0 ] [ 0 0 -1 -16 ] 270 1 1
( 2400 -256 112 ) ( 2400 -256 113 ) ( 2400 -255 112 ) 1cb750944a6d206c48d74c2432f21a14-dithered [ 0 1 0 -128 ] [ 0 0 -1 -16 ] 180 1 1
}
// brush 22
{
( 2000 -1280 16 ) ( 2000 -1279 16 ) ( 2000 -1280 17 ) concrete1 [ 0 -1 0 0 ] [ 0 0 -1 0 ] 0 1 1
( 2000 -1280 16 ) ( 2000 -1280 17 ) ( 2001 -1280 16 ) concrete1 [ 1 0 0 0 ] [ 0 0 -1 0 ] 0 1 1
( 2000 -1280 16 ) ( 2001 -1280 16 ) ( 2000 -1279 16 ) concrete1 [ -1 0 0 0 ] [ 0 -1 0 0 ] 0 1 1
( 2016 -1056 176 ) ( 2016 -1055 176 ) ( 2017 -1056 176 ) concrete1 [ 1 0 0 0 ] [ 0 -1 0 0 ] 270 1 1
( 2016 -1056 32 ) ( 2017 -1056 32 ) ( 2016 -1056 33 ) concrete1 [ -1 0 0 0 ] [ 0 0 -1 0 ] 0 1 1
( 2016 -1056 32 ) ( 2016 -1056 33 ) ( 2016 -1055 32 ) concrete1 [ 0 1 0 0 ] [ 0 0 -1 0 ] 0 1 1
}
// brush 23
{
( 1840 -1408 16 ) ( 1840 -1407 16 ) ( 1840 -1408 17 ) concrete1 [ 0 -1 0 -128 ] [ 0 0 -1 0 ] 0 1 1
( 1840 -1280 16 ) ( 1840 -1280 17 ) ( 1841 -1280 16 ) concrete1 [ 1 0 0 160 ] [ 0 0 -1 0 ] 270 1 1
( 1840 -1408 16 ) ( 1841 -1408 16 ) ( 1840 -1407 16 ) concrete1 [ -1 0 0 -160 ] [ 0 -1 0 -128 ] 0 1 1
( 1856 -1184 176 ) ( 1856 -1183 176 ) ( 1857 -1184 176 ) concrete1 [ 1 0 0 160 ] [ 0 -1 0 -128 ] 270 1 1
( 1856 -1184 32 ) ( 1857 -1184 32 ) ( 1856 -1184 33 ) concrete1 [ -1 0 0 -160 ] [ 0 0 -1 0 ] 0 1 1
( 1856 -1184 32 ) ( 1856 -1184 33 ) ( 1856 -1183 32 ) concrete1 [ 0 1 0 128 ] [ 0 0 -1 0 ] 0 1 1
}
// brush 24
{
( 2384 -1280 16 ) ( 2384 -1279 16 ) ( 2384 -1280 17 ) ddce50fbfd632458ae86b42a56caf875-dithered [ 0 -1 0 0 ] [ 0 0 -1 0 ] 0 1 1
( 2384 -1280 16 ) ( 2384 -1280 17 ) ( 2385 -1280 16 ) ddce50fbfd632458ae86b42a56caf875-dithered [ 1 0 0 0 ] [ 0 0 -1 0 ] 0 1 1
( 2384 -1280 16 ) ( 2385 -1280 16 ) ( 2384 -1279 16 ) ddce50fbfd632458ae86b42a56caf875-dithered [ -1 0 0 0 ] [ 0 -1 0 0 ] 0 1 1
( 2400 -1264 288 ) ( 2400 -1263 288 ) ( 2401 -1264 288 ) ddce50fbfd632458ae86b42a56caf875-dithered [ 1 0 0 0 ] [ 0 -1 0 0 ] 90 1 1
( 2400 -1264 32 ) ( 2401 -1264 32 ) ( 2400 -1264 33 ) ddce50fbfd632458ae86b42a56caf875-dithered [ -1 0 0 0 ] [ 0 0 -1 0 ] 0 1 1
( 2400 -1264 32 ) ( 2400 -1264 33 ) ( 2400 -1263 32 ) ddce50fbfd632458ae86b42a56caf875-dithered [ 0 1 0 0 ] [ 0 0 -1 0 ] 0 1 1
}
// brush 25
{
( 2016 -1280 16 ) ( 2016 -1279 16 ) ( 2016 -1280 17 ) ddce50fbfd632458ae86b42a56caf875-dithered [ 0 -1 0 0 ] [ 0 0 -1 0 ] 270 1 1
( 2016 -1280 16 ) ( 2016 -1280 17 ) ( 2017 -1280 16 ) ddce50fbfd632458ae86b42a56caf875-dithered [ 1 0 0 112 ] [ 0 0 -1 0 ] 270 1 1
( 2016 -1280 16 ) ( 2017 -1280 16 ) ( 2016 -1279 16 ) ddce50fbfd632458ae86b42a56caf875-dithered [ -1 0 0 -112 ] [ 0 -1 0 0 ] 270 1 1
( 2032 -1264 288 ) ( 2032 -1263 288 ) ( 2033 -1264 288 ) ddce50fbfd632458ae86b42a56caf875-dithered [ 1 0 0 112 ] [ 0 -1 0 0 ] 270 1 1
( 2032 -1264 32 ) ( 2033 -1264 32 ) ( 2032 -1264 33 ) ddce50fbfd632458ae86b42a56caf875-dithered [ -1 0 0 -112 ] [ 0 0 -1 0 ] 270 1 1
( 2032 -1264 32 ) ( 2032 -1264 33 ) ( 2032 -1263 32 ) ddce50fbfd632458ae86b42a56caf875-dithered [ 0 1 0 0 ] [ 0 0 -1 0 ] 270 1 1
}
// brush 26
{
( 2016 -976 16 ) ( 2016 -975 16 ) ( 2016 -976 17 ) ddce50fbfd632458ae86b42a56caf875-dithered [ 0 -1 0 48 ] [ 0 0 -1 0 ] 270 1 1
( 2016 -976 16 ) ( 2016 -976 17 ) ( 2017 -976 16 ) ddce50fbfd632458ae86b42a56caf875-dithered [ 1 0 0 112 ] [ 0 0 -1 0 ] 270 1 1
( 2016 -976 16 ) ( 2017 -976 16 ) ( 2016 -975 16 ) ddce50fbfd632458ae86b42a56caf875-dithered [ -1 0 0 -112 ] [ 0 -1 0 48 ] 270 1 1
( 2032 -960 288 ) ( 2032 -959 288 ) ( 2033 -960 288 ) ddce50fbfd632458ae86b42a56caf875-dithered [ 1 0 0 112 ] [ 0 -1 0 48 ] 0 1 1
( 2032 -960 32 ) ( 2033 -960 32 ) ( 2032 -960 33 ) ddce50fbfd632458ae86b42a56caf875-dithered [ -1 0 0 -112 ] [ 0 0 -1 0 ] 270 1 1
( 2032 -960 32 ) ( 2032 -960 33 ) ( 2032 -959 32 ) ddce50fbfd632458ae86b42a56caf875-dithered [ 0 1 0 -48 ] [ 0 0 -1 0 ] 270 1 1
}
// brush 27
{
( 2384 -976 16 ) ( 2384 -975 16 ) ( 2384 -976 17 ) ddce50fbfd632458ae86b42a56caf875-dithered [ 0 -1 0 48 ] [ 0 0 -1 0 ] 180 1 1
( 2384 -976 16 ) ( 2384 -976 17 ) ( 2385 -976 16 ) ddce50fbfd632458ae86b42a56caf875-dithered [ 1 0 0 0 ] [ 0 0 -1 0 ] 180 1 1
( 2384 -976 16 ) ( 2385 -976 16 ) ( 2384 -975 16 ) ddce50fbfd632458ae86b42a56caf875-dithered [ -1 0 0 0 ] [ 0 -1 0 48 ] 180 1 1
( 2400 -960 288 ) ( 2400 -959 288 ) ( 2401 -960 288 ) ddce50fbfd632458ae86b42a56caf875-dithered [ 1 0 0 0 ] [ 0 -1 0 48 ] 270 1 1
( 2400 -960 32 ) ( 2401 -960 32 ) ( 2400 -960 33 ) ddce50fbfd632458ae86b42a56caf875-dithered [ -1 0 0 0 ] [ 0 0 -1 0 ] 180 1 1
( 2400 -960 32 ) ( 2400 -960 33 ) ( 2400 -959 32 ) ddce50fbfd632458ae86b42a56caf875-dithered [ 0 1 0 -48 ] [ 0 0 -1 0 ] 180 1 1
}
// brush 28
{
( 2192 -1280 16 ) ( 2192 -1279 16 ) ( 2192 -1280 17 ) ddce50fbfd632458ae86b42a56caf875-dithered [ 0 -1 0 0 ] [ 0 0 -1 0 ] 90 1 1
( 2208 -1280 16 ) ( 2208 -1280 17 ) ( 2209 -1280 16 ) ddce50fbfd632458ae86b42a56caf875-dithered [ 1 0 0 -80 ] [ 0 0 -1 0 ] 180 1 1
( 2208 -1280 16 ) ( 2209 -1280 16 ) ( 2208 -1279 16 ) ddce50fbfd632458ae86b42a56caf875-dithered [ -1 0 0 80 ] [ 0 -1 0 0 ] 180 1 1
( 2224 -1264 288 ) ( 2224 -1263 288 ) ( 2225 -1264 288 ) ddce50fbfd632458ae86b42a56caf875-dithered [ 1 0 0 -80 ] [ 0 -1 0 0 ] 180 1 1
( 2224 -1264 32 ) ( 2225 -1264 32 ) ( 2224 -1264 33 ) ddce50fbfd632458ae86b42a56caf875-dithered [ -1 0 0 80 ] [ 0 0 -1 0 ] 180 1 1
( 2224 -1264 32 ) ( 2224 -1264 33 ) ( 2224 -1263 32 ) ddce50fbfd632458ae86b42a56caf875-dithered [ 0 1 0 0 ] [ 0 0 -1 0 ] 180 1 1
}
// brush 29
{
( 2192 -976 16 ) ( 2192 -975 16 ) ( 2192 -976 17 ) ddce50fbfd632458ae86b42a56caf875-dithered [ 0 -1 0 48 ] [ 0 0 -1 0 ] 90 1 1
( 2208 -976 16 ) ( 2208 -976 17 ) ( 2209 -976 16 ) ddce50fbfd632458ae86b42a56caf875-dithered [ 1 0 0 -80 ] [ 0 0 -1 0 ] 180 1 1
( 2208 -976 16 ) ( 2209 -976 16 ) ( 2208 -975 16 ) ddce50fbfd632458ae86b42a56caf875-dithered [ -1 0 0 80 ] [ 0 -1 0 48 ] 180 1 1
( 2224 -960 288 ) ( 2224 -959 288 ) ( 2225 -960 288 ) ddce50fbfd632458ae86b42a56caf875-dithered [ 1 0 0 -80 ] [ 0 -1 0 48 ] 270 1 1
( 2224 -960 32 ) ( 2225 -960 32 ) ( 2224 -960 33 ) ddce50fbfd632458ae86b42a56caf875-dithered [ -1 0 0 80 ] [ 0 0 -1 0 ] 180 1 1
( 2224 -960 32 ) ( 2224 -960 33 ) ( 2224 -959 32 ) ddce50fbfd632458ae86b42a56caf875-dithered [ 0 1 0 -48 ] [ 0 0 -1 0 ] 180 1 1
}
// brush 30
{
( 2016 -1264 80 ) ( 2016 -1263 80 ) ( 2016 -1264 81 ) rust1 [ 0 -1 0 0 ] [ 0 0 -1 0 ] 0 0.5 0.5
( 2016 -1264 80 ) ( 2016 -1264 81 ) ( 2017 -1264 80 ) rust1 [ 1 0 0 0 ] [ 0 0 -1 0 ] 0 0.5 0.5
( 2016 -1264 80 ) ( 2017 -1264 80 ) ( 2016 -1263 80 ) rust1 [ -1 0 0 0 ] [ 0 -1 0 0 ] 0 0.5 0.5
( 2032 -1200 272 ) ( 2032 -1199 272 ) ( 2033 -1200 272 ) rust1 [ 1 0 0 0 ] [ 0 -1 0 0 ] 270 0.5 0.5
( 2032 -976 96 ) ( 2033 -976 96 ) ( 2032 -976 97 ) rust1 [ -1 0 0 0 ] [ 0 0 -1 0 ] 270 0.5 0.5
( 2032 -1200 96 ) ( 2032 -1200 97 ) ( 2032 -1199 96 ) rust1 [ 0 1 0 0 ] [ 0 0 -1 0 ] 0 0.5 0.5
}
// brush 31
{
( 2032 -1280 80 ) ( 2032 -1279 80 ) ( 2032 -1280 81 ) rust1 [ 0 -1 0 0 ] [ 0 0 -1 0 ] 0 0.5 0.5
( 2032 -1280 80 ) ( 2032 -1280 81 ) ( 2033 -1280 80 ) rust1 [ 1 0 0 0 ] [ 0 0 -1 0 ] 0 0.5 0.5
( 2032 -1280 80 ) ( 2033 -1280 80 ) ( 2032 -1279 80 ) rust1 [ -1 0 0 0 ] [ 0 -1 0 0 ] 0 0.5 0.5
( 2192 -1264 272 ) ( 2192 -1263 272 ) ( 2193 -1264 272 ) rust1 [ 1 0 0 0 ] [ 0 -1 0 0 ] 270 0.5 0.5
( 2192 -1264 96 ) ( 2193 -1264 96 ) ( 2192 -1264 97 ) rust1 [ -1 0 0 0 ] [ 0 0 -1 0 ] 0 0.5 0.5
( 2192 -1264 96 ) ( 2192 -1264 97 ) ( 2192 -1263 96 ) rust1 [ 0 1 0 0 ] [ 0 0 -1 0 ] 0 0.5 0.5
}
// brush 32
{
( 2224 -1280 80 ) ( 2224 -1279 80 ) ( 2224 -1280 81 ) rust1 [ 0 -1 0 0 ] [ 0 0 -1 0 ] 0 0.5 0.5
( 2224 -1280 80 ) ( 2224 -1280 81 ) ( 2225 -1280 80 ) rust1 [ 1 0 0 0 ] [ 0 0 -1 0 ] 0 0.5 0.5
( 2224 -1280 80 ) ( 2225 -1280 80 ) ( 2224 -1279 80 ) rust1 [ -1 0 0 0 ] [ 0 -1 0 0 ] 0 0.5 0.5
( 2384 -1264 272 ) ( 2384 -1263 272 ) ( 2385 -1264 272 ) rust1 [ 1 0 0 0 ] [ 0 -1 0 0 ] 270 0.5 0.5
( 2384 -1264 96 ) ( 2385 -1264 96 ) ( 2384 -1264 97 ) rust1 [ -1 0 0 0 ] [ 0 0 -1 0 ] 0 0.5 0.5
( 2384 -1264 96 ) ( 2384 -1264 97 ) ( 2384 -1263 96 ) rust1 [ 0 1 0 0 ] [ 0 0 -1 0 ] 0 0.5 0.5
}
// brush 33
{
( 2192 -1264 80 ) ( 2192 -1263 80 ) ( 2192 -1264 81 ) rust1 [ 0 -1 0 0 ] [ 0 0 -1 0 ] 0 1 0.5
( 2192 -1264 80 ) ( 2192 -1264 81 ) ( 2193 -1264 80 ) rust1 [ 1 0 0 0 ] [ 0 0 -1 0 ] 0 1 0.5
( 2192 -1264 80 ) ( 2193 -1264 80 ) ( 2192 -1263 80 ) rust1 [ -1 0 0 0 ] [ 0 -1 0 0 ] 0 1 0.5
( 2224 -1248 272 ) ( 2224 -1247 272 ) ( 2225 -1248 272 ) rust1 [ 1 0 0 0 ] [ 0 -1 0 0 ] 270 1 0.5
( 2224 -976 96 ) ( 2225 -976 96 ) ( 2224 -976 97 ) rust1 [ -1 0 0 0 ] [ 0 0 -1 0 ] 270 1 0.5
( 2224 -1248 96 ) ( 2224 -1248 97 ) ( 2224 -1247 96 ) rust1 [ 0 1 0 0 ] [ 0 0 -1 0 ] 0 1 0.5
}
// brush 34
{
( 2384 -1264 80 ) ( 2384 -1263 80 ) ( 2384 -1264 81 ) rust1 [ 0 -1 0 0 ] [ 0 0 -1 0 ] 0 0.5 0.5
( 2384 -1264 80 ) ( 2384 -1264 81 ) ( 2385 -1264 80 ) rust1 [ 1 0 0 0 ] [ 0 0 -1 0 ] 0 0.5 0.5
( 2384 -1264 80 ) ( 2385 -1264 80 ) ( 2384 -1263 80 ) rust1 [ -1 0 0 0 ] [ 0 -1 0 0 ] 0 0.5 0.5
( 2416 -976 272 ) ( 2416 -975 272 ) ( 2417 -976 272 ) rust1 [ 1 0 0 0 ] [ 0 -1 0 0 ] 270 0.5 0.5
( 2416 -976 96 ) ( 2417 -976 96 ) ( 2416 -976 97 ) rust1 [ -1 0 0 0 ] [ 0 0 -1 0 ] 0 0.5 0.5
( 2400 -976 96 ) ( 2400 -976 97 ) ( 2400 -975 96 ) rust1 [ 0 1 0 0 ] [ 0 0 -1 0 ] 270 0.5 0.5
}
// brush 35
{
( 2064 528 16 ) ( 2064 529 16 ) ( 2064 528 17 ) ddce50fbfd632458ae86b42a56caf875-dithered [ 0 -1 0 16 ] [ 0 0 -1 0 ] 90 1 1
( 2064 528 16 ) ( 2064 528 17 ) ( 2065 528 16 ) ddce50fbfd632458ae86b42a56caf875-dithered [ 1 0 0 64 ] [ 0 0 -1 0 ] 90 1 1
( 2064 528 16 ) ( 2065 528 16 ) ( 2064 529 16 ) ddce50fbfd632458ae86b42a56caf875-dithered [ -1 0 0 -64 ] [ 0 -1 0 16 ] 90 1 1
( 2080 544 288 ) ( 2080 545 288 ) ( 2081 544 288 ) ddce50fbfd632458ae86b42a56caf875-dithered [ 1 0 0 64 ] [ 0 -1 0 16 ] 180 1 1
( 2080 544 32 ) ( 2081 544 32 ) ( 2080 544 33 ) ddce50fbfd632458ae86b42a56caf875-dithered [ -1 0 0 -64 ] [ 0 0 -1 0 ] 90 1 1
( 2096 544 32 ) ( 2096 544 33 ) ( 2096 545 32 ) ddce50fbfd632458ae86b42a56caf875-dithered [ 0 1 0 -16 ] [ 0 0 -1 0 ] 0 1 1
}
// brush 36
{
( 2064 224 16 ) ( 2064 225 16 ) ( 2064 224 17 ) ddce50fbfd632458ae86b42a56caf875-dithered [ 0 -1 0 -32 ] [ 0 0 -1 0 ] 270 1 1
( 2064 224 16 ) ( 2064 224 17 ) ( 2065 224 16 ) ddce50fbfd632458ae86b42a56caf875-dithered [ 1 0 0 64 ] [ 0 0 -1 0 ] 270 1 1
( 2064 224 16 ) ( 2065 224 16 ) ( 2064 225 16 ) ddce50fbfd632458ae86b42a56caf875-dithered [ -1 0 0 -64 ] [ 0 -1 0 -32 ] 270 1 1
( 2080 240 288 ) ( 2080 241 288 ) ( 2081 240 288 ) ddce50fbfd632458ae86b42a56caf875-dithered [ 1 0 0 64 ] [ 0 -1 0 -32 ] 0 1 1
( 2080 240 32 ) ( 2081 240 32 ) ( 2080 240 33 ) ddce50fbfd632458ae86b42a56caf875-dithered [ -1 0 0 -64 ] [ 0 0 -1 0 ] 270 1 1
( 2096 240 32 ) ( 2096 240 33 ) ( 2096 241 32 ) ddce50fbfd632458ae86b42a56caf875-dithered [ 0 1 0 32 ] [ 0 0 -1 0 ] 180 1 1
}
// brush 37
{
( 1872 528 16 ) ( 1872 529 16 ) ( 1872 528 17 ) ddce50fbfd632458ae86b42a56caf875-dithered [ 0 -1 0 16 ] [ 0 0 -1 0 ] 0 1 1
( 1888 528 16 ) ( 1888 528 17 ) ( 1889 528 16 ) ddce50fbfd632458ae86b42a56caf875-dithered [ 1 0 0 240 ] [ 0 0 -1 0 ] 90 1 1
( 1888 528 16 ) ( 1889 528 16 ) ( 1888 529 16 ) ddce50fbfd632458ae86b42a56caf875-dithered [ -1 0 0 -240 ] [ 0 -1 0 16 ] 90 1 1
( 1904 544 288 ) ( 1904 545 288 ) ( 1905 544 288 ) ddce50fbfd632458ae86b42a56caf875-dithered [ 1 0 0 240 ] [ 0 -1 0 16 ] 180 1 1
( 1904 544 32 ) ( 1905 544 32 ) ( 1904 544 33 ) ddce50fbfd632458ae86b42a56caf875-dithered [ -1 0 0 -240 ] [ 0 0 -1 0 ] 90 1 1
( 1904 544 32 ) ( 1904 544 33 ) ( 1904 545 32 ) ddce50fbfd632458ae86b42a56caf875-dithered [ 0 1 0 -16 ] [ 0 0 -1 0 ] 90 1 1
}
// brush 38
{
( 1872 240 80 ) ( 1872 241 80 ) ( 1872 240 81 ) rust1 [ 0 -1 0 480 ] [ 0 0 -1 0 ] 270 1 0.5
( 1872 240 80 ) ( 1872 240 81 ) ( 1873 240 80 ) rust1 [ 1 0 0 320 ] [ 0 0 -1 0 ] 270 1 0.5
( 1872 240 80 ) ( 1873 240 80 ) ( 1872 241 80 ) rust1 [ -1 0 0 -320 ] [ 0 -1 0 -64 ] 270 1 0.5
( 1904 256 272 ) ( 1904 257 272 ) ( 1905 256 272 ) rust1 [ 1 0 0 320 ] [ 0 -1 0 -64 ] 180 1 0.5
( 1904 528 96 ) ( 1905 528 96 ) ( 1904 528 97 ) rust1 [ -1 0 0 -320 ] [ 0 0 -1 0 ] 180 1 0.5
( 1904 256 96 ) ( 1904 256 97 ) ( 1904 257 96 ) rust1 [ 0 1 0 -480 ] [ 0 0 -1 0 ] 270 1 0.5
}
// brush 39
{
( 1872 224 16 ) ( 1872 225 16 ) ( 1872 224 17 ) ddce50fbfd632458ae86b42a56caf875-dithered [ 0 -1 0 -32 ] [ 0 0 -1 0 ] 0 1 1
( 1888 224 16 ) ( 1888 224 17 ) ( 1889 224 16 ) ddce50fbfd632458ae86b42a56caf875-dithered [ 1 0 0 240 ] [ 0 0 -1 0 ] 90 1 1
( 1888 224 16 ) ( 1889 224 16 ) ( 1888 225 16 ) ddce50fbfd632458ae86b42a56caf875-dithered [ -1 0 0 -240 ] [ 0 -1 0 -32 ] 90 1 1
( 1904 240 288 ) ( 1904 241 288 ) ( 1905 240 288 ) ddce50fbfd632458ae86b42a56caf875-dithered [ 1 0 0 240 ] [ 0 -1 0 -32 ] 90 1 1
( 1904 240 32 ) ( 1905 240 32 ) ( 1904 240 33 ) ddce50fbfd632458ae86b42a56caf875-dithered [ -1 0 0 -240 ] [ 0 0 -1 0 ] 90 1 1
( 1904 240 32 ) ( 1904 240 33 ) ( 1904 241 32 ) ddce50fbfd632458ae86b42a56caf875-dithered [ 0 1 0 32 ] [ 0 0 -1 0 ] 90 1 1
}
// brush 40
{
( 1696 240 80 ) ( 1696 241 80 ) ( 1696 240 81 ) rust1 [ 0 -1 0 -64 ] [ 0 0 -1 0 ] 270 0.5 0.5
( 1696 240 80 ) ( 1696 240 81 ) ( 1697 240 80 ) rust1 [ 1 0 0 640 ] [ 0 0 -1 0 ] 270 0.5 0.5
( 1696 240 80 ) ( 1697 240 80 ) ( 1696 241 80 ) rust1 [ -1 0 0 -640 ] [ 0 -1 0 -64 ] 270 0.5 0.5
( 1712 304 272 ) ( 1712 305 272 ) ( 1713 304 272 ) rust1 [ 1 0 0 640 ] [ 0 -1 0 -64 ] 180 0.5 0.5
( 1712 528 96 ) ( 1713 528 96 ) ( 1712 528 97 ) rust1 [ -1 0 0 -640 ] [ 0 0 -1 0 ] 180 0.5 0.5
( 1712 304 96 ) ( 1712 304 97 ) ( 1712 305 96 ) rust1 [ 0 1 0 64 ] [ 0 0 -1 0 ] 270 0.5 0.5
}
// brush 41
{
( 1696 224 16 ) ( 1696 225 16 ) ( 1696 224 17 ) ddce50fbfd632458ae86b42a56caf875-dithered [ 0 -1 0 -32 ] [ 0 0 -1 0 ] 180 1 1
( 1696 224 16 ) ( 1696 224 17 ) ( 1697 224 16 ) ddce50fbfd632458ae86b42a56caf875-dithered [ 1 0 0 176 ] [ 0 0 -1 0 ] 180 1 1
( 1696 224 16 ) ( 1697 224 16 ) ( 1696 225 16 ) ddce50fbfd632458ae86b42a56caf875-dithered [ -1 0 0 -176 ] [ 0 -1 0 -32 ] 180 1 1
( 1712 240 288 ) ( 1712 241 288 ) ( 1713 240 288 ) ddce50fbfd632458ae86b42a56caf875-dithered [ 1 0 0 176 ] [ 0 -1 0 -32 ] 180 1 1
( 1712 240 32 ) ( 1713 240 32 ) ( 1712 240 33 ) ddce50fbfd632458ae86b42a56caf875-dithered [ -1 0 0 -176 ] [ 0 0 -1 0 ] 180 1 1
( 1712 240 32 ) ( 1712 240 33 ) ( 1712 241 32 ) ddce50fbfd632458ae86b42a56caf875-dithered [ 0 1 0 32 ] [ 0 0 -1 0 ] 180 1 1
}
// brush 42
{
( 1696 528 16 ) ( 1696 529 16 ) ( 1696 528 17 ) ddce50fbfd632458ae86b42a56caf875-dithered [ 0 -1 0 16 ] [ 0 0 -1 0 ] 180 1 1
( 1696 528 16 ) ( 1696 528 17 ) ( 1697 528 16 ) ddce50fbfd632458ae86b42a56caf875-dithered [ 1 0 0 176 ] [ 0 0 -1 0 ] 180 1 1
( 1696 528 16 ) ( 1697 528 16 ) ( 1696 529 16 ) ddce50fbfd632458ae86b42a56caf875-dithered [ -1 0 0 -176 ] [ 0 -1 0 16 ] 180 1 1
( 1712 544 288 ) ( 1712 545 288 ) ( 1713 544 288 ) ddce50fbfd632458ae86b42a56caf875-dithered [ 1 0 0 176 ] [ 0 -1 0 16 ] 270 1 1
( 1712 544 32 ) ( 1713 544 32 ) ( 1712 544 33 ) ddce50fbfd632458ae86b42a56caf875-dithered [ -1 0 0 -176 ] [ 0 0 -1 0 ] 180 1 1
( 1712 544 32 ) ( 1712 544 33 ) ( 1712 545 32 ) ddce50fbfd632458ae86b42a56caf875-dithered [ 0 1 0 -16 ] [ 0 0 -1 0 ] 180 1 1
}
// brush 43
{
( 2256 240 80 ) ( 2256 241 80 ) ( 2256 240 81 ) rust1 [ 0 -1 0 480 ] [ 0 0 -1 0 ] 180 1 0.5
( 2256 240 80 ) ( 2256 240 81 ) ( 2257 240 80 ) rust1 [ 1 0 0 -64 ] [ 0 0 -1 0 ] 180 1 0.5
( 2256 240 80 ) ( 2257 240 80 ) ( 2256 241 80 ) rust1 [ -1 0 0 64 ] [ 0 -1 0 -64 ] 180 1 0.5
( 2288 256 272 ) ( 2288 257 272 ) ( 2289 256 272 ) rust1 [ 1 0 0 -64 ] [ 0 -1 0 -64 ] 90 1 0.5
( 2288 528 96 ) ( 2289 528 96 ) ( 2288 528 97 ) rust1 [ -1 0 0 64 ] [ 0 0 -1 0 ] 90 1 0.5
( 2272 256 96 ) ( 2272 256 97 ) ( 2272 257 96 ) rust1 [ 0 1 0 -480 ] [ 0 0 -1 0 ] 90 1 0.5
}
// brush 44
{
( 2256 224 16 ) ( 2256 225 16 ) ( 2256 224 17 ) ddce50fbfd632458ae86b42a56caf875-dithered [ 0 -1 0 -32 ] [ 0 0 -1 0 ] 270 1 1
( 2272 224 16 ) ( 2272 224 17 ) ( 2273 224 16 ) ddce50fbfd632458ae86b42a56caf875-dithered [ 1 0 0 112 ] [ 0 0 -1 0 ] 0 1 1
( 2272 224 16 ) ( 2273 224 16 ) ( 2272 225 16 ) ddce50fbfd632458ae86b42a56caf875-dithered [ -1 0 0 -112 ] [ 0 -1 0 -32 ] 0 1 1
( 2288 240 288 ) ( 2288 241 288 ) ( 2289 240 288 ) ddce50fbfd632458ae86b42a56caf875-dithered [ 1 0 0 112 ] [ 0 -1 0 -32 ] 180 1 1
( 2288 240 32 ) ( 2289 240 32 ) ( 2288 240 33 ) ddce50fbfd632458ae86b42a56caf875-dithered [ -1 0 0 -112 ] [ 0 0 -1 0 ] 0 1 1
( 2272 240 32 ) ( 2272 240 33 ) ( 2272 241 32 ) ddce50fbfd632458ae86b42a56caf875-dithered [ 0 1 0 32 ] [ 0 0 -1 0 ] 270 1 1
}
// brush 45
{
( 2256 528 16 ) ( 2256 529 16 ) ( 2256 528 17 ) ddce50fbfd632458ae86b42a56caf875-dithered [ 0 -1 0 16 ] [ 0 0 -1 0 ] 270 1 1
( 2272 528 16 ) ( 2272 528 17 ) ( 2273 528 16 ) ddce50fbfd632458ae86b42a56caf875-dithered [ 1 0 0 112 ] [ 0 0 -1 0 ] 0 1 1
( 2272 528 16 ) ( 2273 528 16 ) ( 2272 529 16 ) ddce50fbfd632458ae86b42a56caf875-dithered [ -1 0 0 -112 ] [ 0 -1 0 16 ] 0 1 1
( 2288 544 288 ) ( 2288 545 288 ) ( 2289 544 288 ) ddce50fbfd632458ae86b42a56caf875-dithered [ 1 0 0 112 ] [ 0 -1 0 16 ] 90 1 1
( 2288 544 32 ) ( 2289 544 32 ) ( 2288 544 33 ) ddce50fbfd632458ae86b42a56caf875-dithered [ -1 0 0 -112 ] [ 0 0 -1 0 ] 0 1 1
( 2272 544 32 ) ( 2272 544 33 ) ( 2272 545 32 ) ddce50fbfd632458ae86b42a56caf875-dithered [ 0 1 0 -16 ] [ 0 0 -1 0 ] 270 1 1
}
// brush 46
{
( 2096 528 144 ) ( 2096 529 144 ) ( 2096 528 145 ) rust1 [ 0 -1 0 544 ] [ 0 0 -1 128 ] 0 0.5 0.5
( 2096 528 144 ) ( 2096 528 145 ) ( 2097 528 144 ) rust1 [ 1 0 0 896 ] [ 0 0 -1 128 ] 0 0.5 0.5
( 2096 528 80 ) ( 2097 528 80 ) ( 2096 529 80 ) rust1 [ -1 0 0 -896 ] [ 0 -1 0 544 ] 270 0.5 0.5
( 2256 544 272 ) ( 2256 545 272 ) ( 2257 544 272 ) rust1 [ 1 0 0 896 ] [ 0 -1 0 544 ] 90 0.5 0.5
( 2256 544 160 ) ( 2257 544 160 ) ( 2256 544 161 ) rust1 [ -1 0 0 -896 ] [ 0 0 -1 128 ] 0 0.5 0.5
( 2256 544 160 ) ( 2256 544 161 ) ( 2256 545 160 ) rust1 [ 0 1 0 -544 ] [ 0 0 -1 128 ] 0 0.5 0.5
}
// brush 47
{
( 1904 512 0 ) ( 1904 513 0 ) ( 1904 512 1 ) rust1 [ 0 -1 0 512 ] [ 0 0 -1 -160 ] 180 0.5 0.5
( 1904 512 0 ) ( 1904 512 1 ) ( 1905 512 0 ) rust1 [ 1 0 0 256 ] [ 0 0 -1 -160 ] 180 0.5 0.5
( 1904 512 80 ) ( 1905 512 80 ) ( 1904 513 80 ) rust1 [ -1 0 0 -256 ] [ 0 -1 0 512 ] 270 0.5 0.5
( 2064 528 272 ) ( 2064 529 272 ) ( 2065 528 272 ) rust1 [ 1 0 0 256 ] [ 0 -1 0 512 ] 180 0.5 0.5
( 2064 528 16 ) ( 2065 528 16 ) ( 2064 528 17 ) rust1 [ -1 0 0 -256 ] [ 0 0 -1 -160 ] 180 0.5 0.5
( 2064 528 16 ) ( 2064 528 17 ) ( 2064 529 16 ) rust1 [ 0 1 0 -512 ] [ 0 0 -1 -160 ] 180 0.5 0.5
}
// brush 48
{
( 1712 528 -16 ) ( 1712 529 -16 ) ( 1712 528 -15 ) rust1 [ 0 -1 0 544 ] [ 0 0 -1 -192 ] 180 0.5 0.5
( 1712 528 -16 ) ( 1712 528 -15 ) ( 1713 528 -16 ) rust1 [ 1 0 0 640 ] [ 0 0 -1 -192 ] 180 0.5 0.5
( 1712 528 80 ) ( 1713 528 80 ) ( 1712 529 80 ) rust1 [ -1 0 0 -640 ] [ 0 -1 0 544 ] 0 0.5 0.5
( 1872 544 272 ) ( 1872 545 272 ) ( 1873 544 272 ) rust1 [ 1 0 0 640 ] [ 0 -1 0 544 ] 180 0.5 0.5
( 1872 544 0 ) ( 1873 544 0 ) ( 1872 544 1 ) rust1 [ -1 0 0 -640 ] [ 0 0 -1 -192 ] 180 0.5 0.5
( 1872 544 0 ) ( 1872 544 1 ) ( 1872 545 0 ) rust1 [ 0 1 0 -544 ] [ 0 0 -1 -192 ] 180 0.5 0.5
}
// brush 49
{
( 2272 224 16 ) ( 2272 225 16 ) ( 2272 224 17 ) concrete1 [ 0 -1 0 0 ] [ 0 0 -1 0 ] 0 1 1
( 2272 224 16 ) ( 2272 224 17 ) ( 2273 224 16 ) concrete1 [ 1 0 0 0 ] [ 0 0 -1 0 ] 0 1 1
( 2272 224 16 ) ( 2273 224 16 ) ( 2272 225 16 ) concrete1 [ -1 0 0 0 ] [ 0 -1 0 0 ] 0 1 1
( 2400 256 320 ) ( 2400 257 320 ) ( 2401 256 320 ) concrete1 [ 1 0 0 0 ] [ 0 -1 0 0 ] 270 1 1
( 2400 544 32 ) ( 2401 544 32 ) ( 2400 544 33 ) concrete1 [ -1 0 0 0 ] [ 0 0 -1 0 ] 180 1 1
( 2400 256 32 ) ( 2400 256 33 ) ( 2400 257 32 ) concrete1 [ 0 1 0 0 ] [ 0 0 -1 0 ] 0 1 1
}
// brush 50
{
( 2064 240 80 ) ( 2064 241 80 ) ( 2064 240 81 ) rust1 [ 0 -1 0 -64 ] [ 0 0 -1 0 ] 270 0.5 0.5
( 2064 240 80 ) ( 2064 240 81 ) ( 2065 240 80 ) rust1 [ 1 0 0 640 ] [ 0 0 -1 0 ] 270 0.5 0.5
( 2064 240 80 ) ( 2065 240 80 ) ( 2064 241 80 ) rust1 [ -1 0 0 -640 ] [ 0 -1 0 -64 ] 270 0.5 0.5
( 2096 528 272 ) ( 2096 529 272 ) ( 2097 528 272 ) rust1 [ 1 0 0 640 ] [ 0 -1 0 -64 ] 180 0.5 0.5
( 2096 528 96 ) ( 2097 528 96 ) ( 2096 528 97 ) rust1 [ -1 0 0 -640 ] [ 0 0 -1 0 ] 270 0.5 0.5
( 2096 528 96 ) ( 2096 528 97 ) ( 2096 529 96 ) rust1 [ 0 1 0 64 ] [ 0 0 -1 0 ] 270 0.5 0.5
}
// brush 51
{
( 1648 576 0 ) ( 1648 577 0 ) ( 1648 576 1 ) 151-green-grass-texture-seamless-dithered [ 0 -1 0 0 ] [ 0 0 -1 0 ] 270 1 1
( 1696 560 0 ) ( 1696 560 1 ) ( 1697 560 0 ) 151-green-grass-texture-seamless-dithered [ 1 0 0 0 ] [ 0 0 -1 0 ] 270 1 1
( 1696 576 0 ) ( 1697 576 0 ) ( 1696 577 0 ) 151-green-grass-texture-seamless-dithered [ -1 0 0 0 ] [ 0 -1 0 0 ] 0 1 1
( 1856 784 16 ) ( 1856 785 16 ) ( 1857 784 16 ) 151-green-grass-texture-seamless-dithered [ 1 0 0 0 ] [ 0 -1 0 0 ] 0 1 1
( 1856 14848 16 ) ( 1857 14848 16 ) ( 1856 14848 17 ) 151-green-grass-texture-seamless-dithered [ -1 0 0 0 ] [ 0 0 -1 0 ] 0 1 1
( 5952 784 16 ) ( 5952 784 17 ) ( 5952 785 16 ) 151-green-grass-texture-seamless-dithered [ 0 1 0 0 ] [ 0 0 -1 0 ] 90 1 1
}
// brush 52
{
( 2416 -1296 0 ) ( 2416 -1295 0 ) ( 2416 -1296 1 ) 151-green-grass-texture-seamless-dithered [ 0 -1 0 0 ] [ 0 0 -1 0 ] 0 1 1
( 2416 -1296 0 ) ( 2416 -1296 1 ) ( 2417 -1296 0 ) 151-green-grass-texture-seamless-dithered [ 1 0 0 0 ] [ 0 0 -1 0 ] 0 1 1
( 2416 -1296 0 ) ( 2417 -1296 0 ) ( 2416 -1295 0 ) 151-green-grass-texture-seamless-dithered [ -1 0 0 0 ] [ 0 -1 0 0 ] 0 1 1
( 4400 560 16 ) ( 4400 561 16 ) ( 4401 560 16 ) 151-green-grass-texture-seamless-dithered [ 1 0 0 0 ] [ 0 -1 0 0 ] 0 1 1
( 4400 560 16 ) ( 4401 560 16 ) ( 4400 560 17 ) 151-green-grass-texture-seamless-dithered [ -1 0 0 0 ] [ 0 0 -1 0 ] 0 1 1
( 15920 560 16 ) ( 15920 560 17 ) ( 15920 561 16 ) 151-green-grass-texture-seamless-dithered [ 0 1 0 0 ] [ 0 0 -1 0 ] 180 1 1
}
// brush 53
{
( 1648 -1344 0 ) ( 1648 -1343 0 ) ( 1648 -1344 1 ) 151-green-grass-texture-seamless-dithered [ 0 -1 0 0 ] [ 0 0 -1 0 ] 270 1 1
( 1696 -17760 0 ) ( 1696 -17760 1 ) ( 1697 -17760 0 ) 151-green-grass-texture-seamless-dithered [ 1 0 0 0 ] [ 0 0 -1 0 ] 90 1 1
( 1696 -1344 0 ) ( 1697 -1344 0 ) ( 1696 -1343 0 ) 151-green-grass-texture-seamless-dithered [ -1 0 0 0 ] [ 0 -1 0 0 ] 0 1 1
( 1776 -1312 16 ) ( 1776 -1311 16 ) ( 1777 -1312 16 ) 151-green-grass-texture-seamless-dithered [ 1 0 0 0 ] [ 0 -1 0 0 ] 0 1 1
( 1776 -1296 16 ) ( 1777 -1296 16 ) ( 1776 -1296 17 ) 151-green-grass-texture-seamless-dithered [ -1 0 0 0 ] [ 0 0 -1 0 ] 270 1 1
( 16192 -1312 16 ) ( 16192 -1312 17 ) ( 16192 -1311 16 ) 151-green-grass-texture-seamless-dithered [ 0 1 0 0 ] [ 0 0 -1 0 ] 0 1 1
}
// brush 54
{
( 1648 -624 304 ) ( 1648 -623 304 ) ( 1648 -624 305 ) concrete1 [ 0 -1 0 0 ] [ 0 0 -1 0 ] 0 1 1
( 1648 -720 304 ) ( 1648 -720 305 ) ( 1649 -720 304 ) concrete1 [ 1 0 0 0 ] [ 0 0 -1 0 ] 270 1 1
( 1648 -624 272 ) ( 1649 -624 272 ) ( 1648 -623 272 ) concrete1 [ -1 0 0 0 ] [ 0 -1 0 0 ] 270 1 1
( 1696 -608 320 ) ( 1696 -607 320 ) ( 1697 -608 320 ) concrete1 [ 1 0 0 0 ] [ 0 -1 0 0 ] 0 1 1
( 1696 -608 320 ) ( 1697 -608 320 ) ( 1696 -608 321 ) concrete1 [ -1 0 0 0 ] [ 0 0 -1 0 ] 0 1 1
( 1696 -608 320 ) ( 1696 -608 321 ) ( 1696 -607 320 ) concrete1 [ 0 1 0 0 ] [ 0 0 -1 0 ] 0 1 1
}
// brush 55
{
( 1648 -48 304 ) ( 1648 -47 304 ) ( 1648 -48 305 ) concrete1 [ 0 -1 0 0 ] [ 0 0 -1 0 ] 180 1 1
( 1664 -128 304 ) ( 1664 -128 305 ) ( 1665 -128 304 ) concrete1 [ 1 0 0 0 ] [ 0 0 -1 0 ] 270 1 1
( 1664 -48 272 ) ( 1665 -48 272 ) ( 1664 -47 272 ) concrete1 [ -1 0 0 0 ] [ 0 -1 0 0 ] 180 1 1
( 1680 -16 320 ) ( 1680 -15 320 ) ( 1681 -16 320 ) concrete1 [ 1 0 0 0 ] [ 0 -1 0 0 ] 0 1 1
( 1680 -16 320 ) ( 1681 -16 320 ) ( 1680 -16 321 ) concrete1 [ -1 0 0 0 ] [ 0 0 -1 0 ] 0 1 1
( 1696 -16 320 ) ( 1696 -16 321 ) ( 1696 -15 320 ) concrete1 [ 0 1 0 0 ] [ 0 0 -1 0 ] 270 1 1
}
// brush 56
{
( -4560 -2624 16 ) ( -4560 -2623 16 ) ( -4560 -2624 17 ) 6130c9ca365d42d02a2d52637615d1c4-dithered [ 0 -1 0 0 ] [ 0 0 -1 0 ] 270 1 1
( -4544 -2640 16 ) ( -4544 -2640 17 ) ( -4543 -2640 16 ) 6130c9ca365d42d02a2d52637615d1c4-dithered [ 1 0 0 0 ] [ 0 0 -1 0 ] 270 1 1
( -4544 -2624 16 ) ( -4543 -2624 16 ) ( -4544 -2623 16 ) 6130c9ca365d42d02a2d52637615d1c4-dithered [ -1 0 0 0 ] [ 0 -1 0 0 ] 0 1 1
( -4512 -2592 432 ) ( -4512 -2591 432 ) ( -4511 -2592 432 ) 6130c9ca365d42d02a2d52637615d1c4-dithered [ 1 0 0 0 ] [ 0 -1 0 0 ] 270 1 1
( -4512 -2592 32 ) ( -4511 -2592 32 ) ( -4512 -2592 33 ) 6130c9ca365d42d02a2d52637615d1c4-dithered [ -1 0 0 0 ] [ 0 0 -1 0 ] 0 1 1
( -4512 -2592 32 ) ( -4512 -2592 33 ) ( -4512 -2591 32 ) 6130c9ca365d42d02a2d52637615d1c4-dithered [ 0 1 0 0 ] [ 0 0 -1 0 ] 0 1 1
}
// brush 57
{
( -4560 -2592 16 ) ( -4560 -2591 16 ) ( -4560 -2592 17 ) fence1_a [ 0 -1 0 0 ] [ 0 0 -1 0 ] 270 0.2 0.2
( -4544 -2592 16 ) ( -4544 -2592 17 ) ( -4543 -2592 16 ) fence1_a [ 1 0 0 0 ] [ 0 0 -1 0 ] 0 0.2 0.2
( -4544 -2592 16 ) ( -4543 -2592 16 ) ( -4544 -2591 16 ) fence1_a [ -1 0 0 0 ] [ 0 -1 0 0 ] 0 0.2 0.2
( -4512 -2544 432 ) ( -4512 -2543 432 ) ( -4511 -2544 432 ) fence1_a [ 1 0 0 0 ] [ 0 -1 0 0 ] 270 0.2 0.2
( -4512 9440 32 ) ( -4511 9440 32 ) ( -4512 9440 33 ) fence1_a [ -1 0 0 0 ] [ 0 0 -1 0 ] 180 0.2 0.2
( -4512 -2544 32 ) ( -4512 -2544 33 ) ( -4512 -2543 32 ) fence1_a [ 0 1 0 0 ] [ 0 0 -1 0 ] 0 0.2 0.2
}
// brush 58
{
( -4512 9472 32 ) ( -4512 9473 32 ) ( -4512 9472 33 ) fence1_a [ -6.123233995736766e-17 -1 0 -736 ] [ 0 0 -1 0 ] 180 0.2 0.2
( 7520 9440 16 ) ( 7519 9440 16 ) ( 7520 9440 17 ) fence1_a [ 1 -6.123233995736766e-17 0 960 ] [ 0 0 -1 0 ] 0 0.2 0.2
( 7520 9440 16 ) ( 7520 9441 16 ) ( 7519 9440 16 ) fence1_a [ -6.123233995736766e-17 -1 0 -736 ] [ 1 -6.123233995736766e-17 0 960 ] 90 0.2 0.2
( 7472 9472 432 ) ( 7471 9472 432 ) ( 7472 9473 432 ) fence1_a [ 6.123233995736766e-17 1 0 736 ] [ 1 -6.123233995736766e-17 0 960 ] 180 0.2 0.2
( 7472 9488 32 ) ( 7472 9488 33 ) ( 7471 9488 32 ) fence1_a [ -1 6.123233995736766e-17 0 -960 ] [ 0 0 -1 0 ] 180 0.2 0.2
( 7520 9440 16 ) ( 7520 9440 17 ) ( 7520 9441 16 ) fence1_a [ 6.123233995736766e-17 1 0 736 ] [ 0 0 -1 0 ] 0 0.2 0.2
}
// brush 59
{
( -4512 -2592 32 ) ( -4512 -2591 32 ) ( -4512 -2592 33 ) fence1_a [ -6.123233995736766e-17 -1 0 384 ] [ 0 0 -1 0 ] 270 0.2 0.2
( 7520 -2640 16 ) ( 7519 -2640 16 ) ( 7520 -2640 17 ) fence1_a [ 1 -6.123233995736766e-17 0 -64 ] [ 0 0 -1 0 ] 0 0.2 0.2
( 7520 -2624 16 ) ( 7520 -2623 16 ) ( 7519 -2624 16 ) fence1_a [ -6.123233995736766e-17 -1 0 384 ] [ 1 -6.123233995736766e-17 0 -64 ] 180 0.2 0.2
( 7472 -2592 432 ) ( 7471 -2592 432 ) ( 7472 -2591 432 ) fence1_a [ 6.123233995736766e-17 1 0 -384 ] [ 1 -6.123233995736766e-17 0 -64 ] 270 0.2 0.2
( 7472 -2592 32 ) ( 7472 -2592 33 ) ( 7471 -2592 32 ) fence1_a [ -1 6.123233995736766e-17 0 64 ] [ 0 0 -1 0 ] 90 0.2 0.2
( 7520 -2624 16 ) ( 7520 -2624 17 ) ( 7520 -2623 16 ) fence1_a [ 6.123233995736766e-17 1 0 -384 ] [ 0 0 -1 0 ] 90 0.2 0.2
}
// brush 60
{
( 7520 -2592 16 ) ( 7520 -2591 16 ) ( 7520 -2592 17 ) fence1_a [ 0 -1 0 0 ] [ 0 0 -1 0 ] 270 0.2 0.2
( 7520 -2592 16 ) ( 7520 -2592 17 ) ( 7521 -2592 16 ) fence1_a [ 1 0 0 96 ] [ 0 0 -1 0 ] 270 0.2 0.2
( 7520 -2592 16 ) ( 7521 -2592 16 ) ( 7520 -2591 16 ) fence1_a [ -1 0 0 -96 ] [ 0 -1 0 0 ] 270 0.2 0.2
( 7552 -2544 432 ) ( 7552 -2543 432 ) ( 7553 -2544 432 ) fence1_a [ 1 0 0 96 ] [ 0 -1 0 0 ] 180 0.2 0.2
( 7552 9440 32 ) ( 7553 9440 32 ) ( 7552 9440 33 ) fence1_a [ -1 0 0 -96 ] [ 0 0 -1 0 ] 90 0.2 0.2
( 7568 -2544 32 ) ( 7568 -2544 33 ) ( 7568 -2543 32 ) fence1_a [ 0 1 0 0 ] [ 0 0 -1 0 ] 0 0.2 0.2
}
// brush 61
{
( 7520 -2640 16 ) ( 7520 -2639 16 ) ( 7520 -2640 17 ) 6130c9ca365d42d02a2d52637615d1c4-dithered [ 0 -1 0 0 ] [ 0 0 -1 0 ] 0 1 1
( 7520 -2640 16 ) ( 7520 -2640 17 ) ( 7521 -2640 16 ) 6130c9ca365d42d02a2d52637615d1c4-dithered [ 1 0 0 0 ] [ 0 0 -1 0 ] 0 1 1
( 7520 -2640 16 ) ( 7521 -2640 16 ) ( 7520 -2639 16 ) 6130c9ca365d42d02a2d52637615d1c4-dithered [ -1 0 0 0 ] [ 0 -1 0 0 ] 0 1 1
( 7568 -2592 432 ) ( 7568 -2591 432 ) ( 7569 -2592 432 ) 6130c9ca365d42d02a2d52637615d1c4-dithered [ 1 0 0 0 ] [ 0 -1 0 0 ] 270 1 1
( 7568 -2592 32 ) ( 7569 -2592 32 ) ( 7568 -2592 33 ) 6130c9ca365d42d02a2d52637615d1c4-dithered [ -1 0 0 0 ] [ 0 0 -1 0 ] 0 1 1
( 7568 -2592 32 ) ( 7568 -2592 33 ) ( 7568 -2591 32 ) 6130c9ca365d42d02a2d52637615d1c4-dithered [ 0 1 0 0 ] [ 0 0 -1 0 ] 0 1 1
}
// brush 62
{
( 7520 9440 16 ) ( 7520 9441 16 ) ( 7520 9440 17 ) 6130c9ca365d42d02a2d52637615d1c4-dithered [ 0 -1 0 0 ] [ 0 0 -1 0 ] 0 1 1
( 7520 9440 16 ) ( 7520 9440 17 ) ( 7521 9440 16 ) 6130c9ca365d42d02a2d52637615d1c4-dithered [ 1 0 0 0 ] [ 0 0 -1 0 ] 0 1 1
( 7520 9440 16 ) ( 7521 9440 16 ) ( 7520 9441 16 ) 6130c9ca365d42d02a2d52637615d1c4-dithered [ -1 0 0 0 ] [ 0 -1 0 0 ] 0 1 1
( 7568 9504 432 ) ( 7568 9505 432 ) ( 7569 9504 432 ) 6130c9ca365d42d02a2d52637615d1c4-dithered [ 1 0 0 0 ] [ 0 -1 0 0 ] 270 1 1
( 7568 9488 32 ) ( 7569 9488 32 ) ( 7568 9488 33 ) 6130c9ca365d42d02a2d52637615d1c4-dithered [ -1 0 0 0 ] [ 0 0 -1 0 ] 270 1 1
( 7568 9504 32 ) ( 7568 9504 33 ) ( 7568 9505 32 ) 6130c9ca365d42d02a2d52637615d1c4-dithered [ 0 1 0 0 ] [ 0 0 -1 0 ] 180 1 1
}
// brush 63
{
( -4560 9440 16 ) ( -4560 9441 16 ) ( -4560 9440 17 ) 6130c9ca365d42d02a2d52637615d1c4-dithered [ 0 -1 0 0 ] [ 0 0 -1 0 ] 0 1 1
( -4560 9440 16 ) ( -4560 9440 17 ) ( -4559 9440 16 ) 6130c9ca365d42d02a2d52637615d1c4-dithered [ 1 0 0 0 ] [ 0 0 -1 0 ] 0 1 1
( -4560 9440 16 ) ( -4559 9440 16 ) ( -4560 9441 16 ) 6130c9ca365d42d02a2d52637615d1c4-dithered [ -1 0 0 0 ] [ 0 -1 0 0 ] 0 1 1
( -4512 9488 432 ) ( -4512 9489 432 ) ( -4511 9488 432 ) 6130c9ca365d42d02a2d52637615d1c4-dithered [ 1 0 0 0 ] [ 0 -1 0 0 ] 180 1 1
( -4512 9488 32 ) ( -4511 9488 32 ) ( -4512 9488 33 ) 6130c9ca365d42d02a2d52637615d1c4-dithered [ -1 0 0 0 ] [ 0 0 -1 0 ] 0 1 1
( -4512 9488 32 ) ( -4512 9488 33 ) ( -4512 9489 32 ) 6130c9ca365d42d02a2d52637615d1c4-dithered [ 0 1 0 0 ] [ 0 0 -1 0 ] 0 1 1
}
// brush 64
{
( 1648 -720 0 ) ( 1648 -719 0 ) ( 1648 -720 1 ) 3084c9846583f3b4ca028f21f812cf76-dithered [ 0 -1 0 0 ] [ 0 0 -1 0 ] 0 1 1
( 1648 -720 0 ) ( 1648 -720 1 ) ( 1649 -720 0 ) 3084c9846583f3b4ca028f21f812cf76-dithered [ 1 0 0 0 ] [ 0 0 -1 0 ] 0 1 1
( 1648 -720 0 ) ( 1649 -720 0 ) ( 1648 -719 0 ) 3084c9846583f3b4ca028f21f812cf76-dithered [ -1 0 0 0 ] [ 0 -1 0 0 ] 0 1 1
( 1696 -608 16 ) ( 1696 -607 16 ) ( 1697 -608 16 ) 3084c9846583f3b4ca028f21f812cf76-dithered [ 1 0 0 0 ] [ 0 -1 0 0 ] 0 1 1
( 1696 -608 16 ) ( 1697 -608 16 ) ( 1696 -608 17 ) 3084c9846583f3b4ca028f21f812cf76-dithered [ -1 0 0 0 ] [ 0 0 -1 0 ] 0 1 1
( 1696 -608 16 ) ( 1696 -608 17 ) ( 1696 -607 16 ) 3084c9846583f3b4ca028f21f812cf76-dithered [ 0 1 0 0 ] [ 0 0 -1 0 ] 0 1 1
}
// brush 65
{
( 1648 -128 0 ) ( 1648 -127 0 ) ( 1648 -128 1 ) 3084c9846583f3b4ca028f21f812cf76-dithered [ 0 -1 0 0 ] [ 0 0 -1 0 ] 0 1 1
( 1648 -128 0 ) ( 1648 -128 1 ) ( 1649 -128 0 ) 3084c9846583f3b4ca028f21f812cf76-dithered [ 1 0 0 0 ] [ 0 0 -1 0 ] 0 1 1
( 1648 -128 0 ) ( 1649 -128 0 ) ( 1648 -127 0 ) 3084c9846583f3b4ca028f21f812cf76-dithered [ -1 0 0 0 ] [ 0 -1 0 0 ] 0 1 1
( 1664 -16 16 ) ( 1664 -15 16 ) ( 1665 -16 16 ) 3084c9846583f3b4ca028f21f812cf76-dithered [ 1 0 0 0 ] [ 0 -1 0 0 ] 0 1 1
( 1664 -16 16 ) ( 1665 -16 16 ) ( 1664 -16 17 ) 3084c9846583f3b4ca028f21f812cf76-dithered [ -1 0 0 0 ] [ 0 0 -1 0 ] 0 1 1
( 1696 -16 16 ) ( 1696 -16 17 ) ( 1696 -15 16 ) 3084c9846583f3b4ca028f21f812cf76-dithered [ 0 1 0 0 ] [ 0 0 -1 0 ] 270 1 1
}
// brush 66
{
( -3648 8000 16 ) ( -3648 8001 16 ) ( -3648 8000 17 ) rocks4 [ 0 -1 0 -16 ] [ 0 0 -1 0 ] 180 0.1 0.1
( -3648 7184 16 ) ( -3648 7184 17 ) ( -3647 7184 16 ) rocks4 [ 1 0 0 -128 ] [ 0 0 -1 0 ] 0 0.1 0.1
( -3648 8000 -112 ) ( -3647 8000 -112 ) ( -3648 8001 -112 ) rocks4 [ -1 0 0 128 ] [ 0 -1 0 -16 ] 0 0.1 0.1
( -3616 8416 128 ) ( -3616 8417 128 ) ( -3615 8416 128 ) rocks4 [ 1 0 0 -128 ] [ 0 -1 0 -16 ] 90 0.1 0.1
( -3616 8944 32 ) ( -3615 8944 32 ) ( -3616 8944 33 ) rocks4 [ -1 0 0 128 ] [ 0 0 -1 0 ] 90 0.1 0.1
( -2464 8416 32 ) ( -2464 8416 33 ) ( -2464 8417 32 ) rocks4 [ 0 1 0 16 ] [ 0 0 -1 0 ] 90 0.1 0.1
}
// brush 67
{
( -2464 7984 16 ) ( -2464 7985 16 ) ( -2464 7984 17 ) rocks4 [ 0 -1 0 848 ] [ 0 0 -1 0 ] 270 0.1 0.1
( -3120 8320 16 ) ( -3120 8320 17 ) ( -3119 8320 16 ) rocks4 [ 1 0 0 736 ] [ 0 0 -1 0 ] 0 0.1 0.1
( -3120 7984 16 ) ( -3119 7984 16 ) ( -3120 7985 16 ) rocks4 [ -1 0 0 -736 ] [ 0 -1 0 848 ] 0 0.1 0.1
( -3088 8400 128 ) ( -3088 8401 128 ) ( -3087 8400 128 ) rocks4 [ 1 0 0 736 ] [ 0 -1 0 848 ] 270 0.1 0.1
( -3088 8944 32 ) ( -3087 8944 32 ) ( -3088 8944 33 ) rocks4 [ -1 0 0 -736 ] [ 0 0 -1 0 ] 180 0.1 0.1
( -2160 8400 32 ) ( -2160 8400 33 ) ( -2160 8401 32 ) rocks4 [ 0 1 0 -848 ] [ 0 0 -1 0 ] 90 0.1 0.1
}
// brush 68
{
( -2416 8320 16 ) ( -2416 8320 144 ) ( -2416 8112 16 ) dc480092d72e44f176508e89742c37ee-dithered [ 0 -1 0 -208 ] [ 0 0 -1 0 ] 90 1 1
( -2416 8320 144 ) ( -2208 8320 144 ) ( -2208 8112 16 ) dc480092d72e44f176508e89742c37ee-dithered [ 1 0 0 0 ] [ 0 1 -2.220446049250313e-16 -192 ] 90 1 1
( -2208 8112 16 ) ( -2208 8320 16 ) ( -2416 8320 16 ) dc480092d72e44f176508e89742c37ee-dithered [ -1 0 0 -256 ] [ 0 -1 0 -208 ] 90 1 1
( -2208 8320 16 ) ( -2208 8320 144 ) ( -2416 8320 144 ) dc480092d72e44f176508e89742c37ee-dithered [ -1 0 0 -256 ] [ 0 0 -1 0 ] 90 1 1
( -2208 8112 16 ) ( -2208 8320 144 ) ( -2208 8320 16 ) dc480092d72e44f176508e89742c37ee-dithered [ 0 1 0 208 ] [ 0 0 -1 0 ] 90 1 1
}
// brush 69
{
( -3616 8352 128 ) ( -3616 8353 128 ) ( -3616 8352 129 ) dc480092d72e44f176508e89742c37ee-dithered [ 0 -1 0 0 ] [ 0 0 -1 0 ] 180 1 1
( -2432 8368 128 ) ( -2432 8368 129 ) ( -2431 8368 128 ) dc480092d72e44f176508e89742c37ee-dithered [ 1 0 0 0 ] [ 0 0 -1 0 ] 270 1 1
( -2432 8352 128 ) ( -2431 8352 128 ) ( -2432 8353 128 ) dc480092d72e44f176508e89742c37ee-dithered [ -1 0 0 0 ] [ 0 -1 0 0 ] 0 1 1
( -2176 8576 144 ) ( -2176 8577 144 ) ( -2175 8576 144 ) dc480092d72e44f176508e89742c37ee-dithered [ 1 0 0 0 ] [ 0 -1 0 0 ] 0 1 1
( -2176 8912 144 ) ( -2175 8912 144 ) ( -2176 8912 145 ) dc480092d72e44f176508e89742c37ee-dithered [ -1 0 0 0 ] [ 0 0 -1 0 ] 180 1 1
( -2192 8576 144 ) ( -2192 8576 145 ) ( -2192 8577 144 ) dc480092d72e44f176508e89742c37ee-dithered [ 0 1 0 0 ] [ 0 0 -1 0 ] 270 1 1
}
// brush 70
{
( -3616 7216 128 ) ( -3616 7217 128 ) ( -3616 7216 129 ) dc480092d72e44f176508e89742c37ee-dithered [ 0 -1 0 0 ] [ 0 0 -1 0 ] 270 1 1
( -3632 7216 128 ) ( -3632 7216 129 ) ( -3631 7216 128 ) dc480092d72e44f176508e89742c37ee-dithered [ 1 0 0 0 ] [ 0 0 -1 0 ] 0 1 1
( -3632 7216 128 ) ( -3631 7216 128 ) ( -3632 7217 128 ) dc480092d72e44f176508e89742c37ee-dithered [ -1 0 0 0 ] [ 0 -1 0 0 ] 0 1 1
( -2496 8352 144 ) ( -2496 8353 144 ) ( -2495 8352 144 ) dc480092d72e44f176508e89742c37ee-dithered [ 1 0 0 0 ] [ 0 -1 0 0 ] 0 1 1
( -2496 8368 144 ) ( -2495 8368 144 ) ( -2496 8368 145 ) dc480092d72e44f176508e89742c37ee-dithered [ -1 0 0 0 ] [ 0 0 -1 0 ] 270 1 1
( -2496 8352 144 ) ( -2496 8352 145 ) ( -2496 8353 144 ) dc480092d72e44f176508e89742c37ee-dithered [ 0 1 0 0 ] [ 0 0 -1 0 ] 0 1 1
}
// brush 71
{
( -2416 8320 128 ) ( -2416 8321 128 ) ( -2416 8320 129 ) dc480092d72e44f176508e89742c37ee-dithered [ 0 -1 0 0 ] [ 0 0 -1 0 ] 0 1 1
( -2416 8320 128 ) ( -2416 8320 129 ) ( -2415 8320 128 ) dc480092d72e44f176508e89742c37ee-dithered [ 1 0 0 0 ] [ 0 0 -1 0 ] 0 1 1
( -2416 8320 128 ) ( -2415 8320 128 ) ( -2416 8321 128 ) dc480092d72e44f176508e89742c37ee-dithered [ -1 0 0 0 ] [ 0 -1 0 0 ] 0 1 1
( -2208 8368 144 ) ( -2208 8369 144 ) ( -2207 8368 144 ) dc480092d72e44f176508e89742c37ee-dithered [ 1 0 0 0 ] [ 0 -1 0 0 ] 0 1 1
( -2208 8368 144 ) ( -2207 8368 144 ) ( -2208 8368 145 ) dc480092d72e44f176508e89742c37ee-dithered [ -1 0 0 0 ] [ 0 0 -1 0 ] 0 1 1
( -2208 8368 144 ) ( -2208 8368 145 ) ( -2208 8369 144 ) dc480092d72e44f176508e89742c37ee-dithered [ 0 1 0 0 ] [ 0 0 -1 0 ] 0 1 1
}
// brush 72
{
( -3968 8944 0 ) ( -3968 8945 0 ) ( -3968 8944 1 ) 83d7c8c4a8810200ff49234d529de628-dithered [ 0 -1 0 0 ] [ 0 0 -1 0 ] 0 1 1
( -3584 8640 0 ) ( -3584 8640 1 ) ( -3583 8640 0 ) 83d7c8c4a8810200ff49234d529de628-dithered [ 1 0 0 0 ] [ 0 0 -1 0 ] 90 1 1
( -3584 8944 -128 ) ( -3583 8944 -128 ) ( -3584 8945 -128 ) 83d7c8c4a8810200ff49234d529de628-dithered [ -1 0 0 0 ] [ 0 -1 0 0 ] 90 1 1
( -3520 8976 16 ) ( -3520 8977 16 ) ( -3519 8976 16 ) 83d7c8c4a8810200ff49234d529de628-dithered [ 1 0 0 0 ] [ 0 -1 0 0 ] 0 1 1
( -3520 8944 16 ) ( -3519 8944 16 ) ( -3520 8944 17 ) 83d7c8c4a8810200ff49234d529de628-dithered [ -1 0 0 0 ] [ 0 0 -1 0 ] 270 1 1
( -3600 8976 16 ) ( -3600 8976 17 ) ( -3600 8977 16 ) 83d7c8c4a8810200ff49234d529de628-dithered [ 0 1 0 0 ] [ 0 0 -1 0 ] 90 1 1
}
// brush 73
{
( -4016 8720 0 ) ( -4016 8721 0 ) ( -4016 8720 1 ) 83d7c8c4a8810200ff49234d529de628-dithered [ 0 -1 0 0 ] [ 0 0 -1 0 ] 270 1 1
( -4000 7584 0 ) ( -4000 7584 1 ) ( -3999 7584 0 ) 83d7c8c4a8810200ff49234d529de628-dithered [ 1 0 0 0 ] [ 0 0 -1 0 ] 180 1 1
( -4000 8720 -448 ) ( -3999 8720 -448 ) ( -4000 8721 -448 ) 83d7c8c4a8810200ff49234d529de628-dithered [ -1 0 0 0 ] [ 0 -1 0 0 ] 180 1 1
( -3968 8944 16 ) ( -3968 8945 16 ) ( -3967 8944 16 ) 83d7c8c4a8810200ff49234d529de628-dithered [ 1 0 0 0 ] [ 0 -1 0 0 ] 0 1 1
( -3968 8944 16 ) ( -3967 8944 16 ) ( -3968 8944 17 ) 83d7c8c4a8810200ff49234d529de628-dithered [ -1 0 0 0 ] [ 0 0 -1 0 ] 0 1 1
( -3968 8944 16 ) ( -3968 8944 17 ) ( -3968 8945 16 ) 83d7c8c4a8810200ff49234d529de628-dithered [ 0 1 0 0 ] [ 0 0 -1 0 ] 0 1 1
}
// brush 74
{
( -3968 8912 -128 ) ( -3968 8913 -128 ) ( -3968 8912 -127 ) 83d7c8c4a8810200ff49234d529de628-dithered [ 0 -1 0 0 ] [ 0 0 -1 0 ] 0 1 1
( -3968 8912 -128 ) ( -3968 8912 -127 ) ( -3967 8912 -128 ) 83d7c8c4a8810200ff49234d529de628-dithered [ 1 0 0 0 ] [ 0 0 -1 0 ] 0 1 1
( -3968 8912 -448 ) ( -3967 8912 -448 ) ( -3968 8913 -448 ) 83d7c8c4a8810200ff49234d529de628-dithered [ -1 0 0 0 ] [ 0 -1 0 0 ] 270 1 1
( -3648 8944 -112 ) ( -3648 8945 -112 ) ( -3647 8944 -112 ) 83d7c8c4a8810200ff49234d529de628-dithered [ 1 0 0 0 ] [ 0 -1 0 0 ] 0 1 1
( -3648 8944 -112 ) ( -3647 8944 -112 ) ( -3648 8944 -111 ) 83d7c8c4a8810200ff49234d529de628-dithered [ -1 0 0 0 ] [ 0 0 -1 0 ] 0 1 1
( -1168 8944 -112 ) ( -1168 8944 -111 ) ( -1168 8945 -112 ) 83d7c8c4a8810200ff49234d529de628-dithered [ 0 1 0 0 ] [ 0 0 -1 0 ] 90 1 1
}
// brush 75
{
( -3648 8592 -128 ) ( -3648 8593 -128 ) ( -3648 8592 -127 ) 83d7c8c4a8810200ff49234d529de628-dithered [ 0 -1 0 0 ] [ 0 0 -1 0 ] 0 1 1
( -3648 7840 -128 ) ( -3648 7840 -127 ) ( -3647 7840 -128 ) 83d7c8c4a8810200ff49234d529de628-dithered [ 1 0 0 0 ] [ 0 0 -1 0 ] 270 1 1
( -3648 8592 -448 ) ( -3647 8592 -448 ) ( -3648 8593 -448 ) 83d7c8c4a8810200ff49234d529de628-dithered [ -1 0 0 0 ] [ 0 -1 0 0 ] 270 1 1
( -3632 8640 -112 ) ( -3632 8641 -112 ) ( -3631 8640 -112 ) 83d7c8c4a8810200ff49234d529de628-dithered [ 1 0 0 0 ] [ 0 -1 0 0 ] 0 1 1
( -3632 8640 -112 ) ( -3631 8640 -112 ) ( -3632 8640 -111 ) 83d7c8c4a8810200ff49234d529de628-dithered [ -1 0 0 0 ] [ 0 0 -1 0 ] 0 1 1
( -3600 8640 -112 ) ( -3600 8640 -111 ) ( -3600 8641 -112 ) 83d7c8c4a8810200ff49234d529de628-dithered [ 0 1 0 0 ] [ 0 0 -1 0 ] 270 1 1
}
// brush 76
{
( -3968 8624 -464 ) ( -3968 8625 -464 ) ( -3968 8624 -463 ) bf205c89ad779da0946fc7251afffe86-dithered [ 0 -1 0 0 ] [ 0 0 -1 0 ] 180 0.1 0.1
( -3648 7856 -464 ) ( -3648 7856 -463 ) ( -3647 7856 -464 ) bf205c89ad779da0946fc7251afffe86-dithered [ 1 0 0 0 ] [ 0 0 -1 0 ] 270 0.1 0.1
( -3648 8624 -768 ) ( -3647 8624 -768 ) ( -3648 8625 -768 ) bf205c89ad779da0946fc7251afffe86-dithered [ -1 0 0 0 ] [ 0 -1 0 0 ] 270 0.1 0.1
( -3632 8640 -448 ) ( -3632 8641 -448 ) ( -3631 8640 -448 ) bf205c89ad779da0946fc7251afffe86-dithered [ 1 0 0 0 ] [ 0 -1 0 0 ] 0 0.1 0.1
( -3632 8912 -448 ) ( -3631 8912 -448 ) ( -3632 8912 -447 ) bf205c89ad779da0946fc7251afffe86-dithered [ -1 0 0 0 ] [ 0 0 -1 0 ] 270 0.1 0.1
( -1168 8640 -448 ) ( -1168 8640 -447 ) ( -1168 8641 -448 ) bf205c89ad779da0946fc7251afffe86-dithered [ 0 1 0 0 ] [ 0 0 -1 0 ] 180 0.1 0.1
}
// brush 77
{
( -3968 8640 -448 ) ( -3968 7600 16 ) ( -3968 7584 16 ) 83d7c8c4a8810200ff49234d529de628-dithered [ 0 -1 0 0 ] [ 0 0 -1 0 ] 0 1 1
( -3968 7584 16 ) ( -3648 7584 16 ) ( -3648 7584 -448 ) 83d7c8c4a8810200ff49234d529de628-dithered [ 1 0 0 0 ] [ 0 0 -1 0 ] 270 1 1
( -3648 7584 -448 ) ( -3648 8640 -448 ) ( -3968 8640 -448 ) 83d7c8c4a8810200ff49234d529de628-dithered [ -1 0 0 0 ] [ 0 -1 0 0 ] 0 1 1
( -3968 7600 16 ) ( -3648 7600 16 ) ( -3648 7584 16 ) 83d7c8c4a8810200ff49234d529de628-dithered [ 1 0 0 0 ] [ 0 -1 0 0 ] 90 1 1
( -3968 8640 -448 ) ( -3648 8640 -448 ) ( -3648 7600 16 ) 83d7c8c4a8810200ff49234d529de628-dithered [ -1 0 0 0 ] [ 0 -1 -2.220446049250313e-16 128 ] 270 1 1
( -3648 7600 16 ) ( -3648 8640 -448 ) ( -3648 7584 -448 ) 83d7c8c4a8810200ff49234d529de628-dithered [ 0 1 0 0 ] [ 0 0 -1 0 ] 0 1 1
}
// brush 78
{
( -12048 7376 0 ) ( -12048 7377 0 ) ( -12048 7376 1 ) 151-green-grass-texture-seamless-dithered [ 0 -1 0 0 ] [ 0 0 -1 0 ] 90 1 1
( -4016 7184 0 ) ( -4016 7184 1 ) ( -4015 7184 0 ) 151-green-grass-texture-seamless-dithered [ 1 0 0 0 ] [ 0 0 -1 0 ] 270 1 1
( -4016 7376 0 ) ( -4015 7376 0 ) ( -4016 7377 0 ) 151-green-grass-texture-seamless-dithered [ -1 0 0 0 ] [ 0 -1 0 0 ] 0 1 1
( -3648 7584 16 ) ( -3648 7585 16 ) ( -3647 7584 16 ) 151-green-grass-texture-seamless-dithered [ 1 0 0 0 ] [ 0 -1 0 0 ] 0 1 1
( -3648 7584 16 ) ( -3647 7584 16 ) ( -3648 7584 17 ) 151-green-grass-texture-seamless-dithered [ -1 0 0 0 ] [ 0 0 -1 0 ] 0 1 1
( -3648 7584 16 ) ( -3648 7584 17 ) ( -3648 7585 16 ) 151-green-grass-texture-seamless-dithered [ 0 1 0 0 ] [ 0 0 -1 0 ] 0 1 1
}
// brush 79
{
( -12496 7584 0 ) ( -12496 7585 0 ) ( -12496 7584 1 ) 151-green-grass-texture-seamless-dithered [ 0 -1 0 0 ] [ 0 0 -1 0 ] 90 1 1
( -5072 7584 0 ) ( -5072 7584 1 ) ( -5071 7584 0 ) 151-green-grass-texture-seamless-dithered [ 1 0 0 0 ] [ 0 0 -1 0 ] 0 1 1
( -5072 7584 0 ) ( -5071 7584 0 ) ( -5072 7585 0 ) 151-green-grass-texture-seamless-dithered [ -1 0 0 0 ] [ 0 -1 0 0 ] 0 1 1
( -4016 9008 16 ) ( -4016 9009 16 ) ( -4015 9008 16 ) 151-green-grass-texture-seamless-dithered [ 1 0 0 0 ] [ 0 -1 0 0 ] 0 1 1
( -4016 13904 16 ) ( -4015 13904 16 ) ( -4016 13904 17 ) 151-green-grass-texture-seamless-dithered [ -1 0 0 0 ] [ 0 0 -1 0 ] 90 1 1
( -4016 9008 16 ) ( -4016 9008 17 ) ( -4016 9009 16 ) 151-green-grass-texture-seamless-dithered [ 0 1 0 0 ] [ 0 0 -1 0 ] 0 1 1
}
// brush 80
{
( -4016 8944 0 ) ( -4016 8945 0 ) ( -4016 8944 1 ) 151-green-grass-texture-seamless-dithered [ 0 -1 0 0 ] [ 0 0 -1 0 ] 0 1 1
( -4016 8944 0 ) ( -4016 8944 1 ) ( -4015 8944 0 ) 151-green-grass-texture-seamless-dithered [ 1 0 0 0 ] [ 0 0 -1 0 ] 0 1 1
( -4016 8944 0 ) ( -4015 8944 0 ) ( -4016 8945 0 ) 151-green-grass-texture-seamless-dithered [ -1 0 0 0 ] [ 0 -1 0 0 ] 0 1 1
( -2448 9568 16 ) ( -2448 9569 16 ) ( -2447 9568 16 ) 151-green-grass-texture-seamless-dithered [ 1 0 0 0 ] [ 0 -1 0 0 ] 0 1 1
( -2448 13696 16 ) ( -2447 13696 16 ) ( -2448 13696 17 ) 151-green-grass-texture-seamless-dithered [ -1 0 0 0 ] [ 0 0 -1 0 ] 180 1 1
( -2448 9568 16 ) ( -2448 9568 17 ) ( -2448 9569 16 ) 151-green-grass-texture-seamless-dithered [ 0 1 0 0 ] [ 0 0 -1 0 ] 0 1 1
}
// brush 81
{
( -1168 8752 -448 ) ( -1168 8753 -448 ) ( -1168 8752 -447 ) 83d7c8c4a8810200ff49234d529de628-dithered [ 0 -1 0 -32 ] [ 0 0 -1 0 ] 180 1 1
( -1168 8048 -448 ) ( -1168 8048 -447 ) ( -1167 8048 -448 ) 83d7c8c4a8810200ff49234d529de628-dithered [ 1 0 0 -240 ] [ 0 0 -1 0 ] 90 1 1
( -1168 8752 -448 ) ( -1167 8752 -448 ) ( -1168 8753 -448 ) 83d7c8c4a8810200ff49234d529de628-dithered [ -1 0 0 240 ] [ 0 -1 0 -32 ] 0 1 1
( -1120 8912 -112 ) ( -1120 8913 -112 ) ( -1119 8912 -112 ) 83d7c8c4a8810200ff49234d529de628-dithered [ 1 0 0 -240 ] [ 0 -1 0 -32 ] 270 1 1
( -1120 8912 -432 ) ( -1119 8912 -432 ) ( -1120 8912 -431 ) 83d7c8c4a8810200ff49234d529de628-dithered [ -1 0 0 240 ] [ 0 0 -1 0 ] 0 1 1
( -1072 8912 -432 ) ( -1072 8912 -431 ) ( -1072 8913 -432 ) 83d7c8c4a8810200ff49234d529de628-dithered [ 0 1 0 32 ] [ 0 0 -1 0 ] 270 1 1
}
// brush 82
{
( -3648 7808 -448 ) ( -3648 7809 -448 ) ( -3648 7808 -447 ) 83d7c8c4a8810200ff49234d529de628-dithered [ 0 -1 0 0 ] [ 0 0 -1 0 ] 90 1 1
( -2176 7808 -448 ) ( -2176 7808 -447 ) ( -2175 7808 -448 ) 83d7c8c4a8810200ff49234d529de628-dithered [ 1 0 0 0 ] [ 0 0 -1 0 ] 0 1 1
( -2176 7808 -448 ) ( -2175 7808 -448 ) ( -2176 7809 -448 ) 83d7c8c4a8810200ff49234d529de628-dithered [ -1 0 0 0 ] [ 0 -1 0 0 ] 0 1 1
( -2128 7856 -112 ) ( -2128 7857 -112 ) ( -2127 7856 -112 ) 83d7c8c4a8810200ff49234d529de628-dithered [ 1 0 0 0 ] [ 0 -1 0 0 ] 180 1 1
( -2128 7856 -432 ) ( -2127 7856 -432 ) ( -2128 7856 -431 ) 83d7c8c4a8810200ff49234d529de628-dithered [ -1 0 0 0 ] [ 0 0 -1 0 ] 0 1 1
( -1072 7856 -432 ) ( -1072 7856 -431 ) ( -1072 7857 -432 ) 83d7c8c4a8810200ff49234d529de628-dithered [ 0 1 0 0 ] [ 0 0 -1 0 ] 90 1 1
}
// brush 83
{
( -3600 7856 -128 ) ( -3600 7857 -128 ) ( -3600 7856 -127 ) 518ad05a9668e0b16717b256acf369b7-dithered [ 0 -1 0 0 ] [ 0 0 -1 0 ] 180 1 1
( -3632 7856 -128 ) ( -3632 7856 -127 ) ( -3631 7856 -128 ) 518ad05a9668e0b16717b256acf369b7-dithered [ 1 0 0 0 ] [ 0 0 -1 0 ] 0 1 1
( -3632 7856 -128 ) ( -3631 7856 -128 ) ( -3632 7857 -128 ) 518ad05a9668e0b16717b256acf369b7-dithered [ -1 0 0 0 ] [ 0 -1 0 0 ] 0 1 1
( -3616 7872 -112 ) ( -3616 7873 -112 ) ( -3615 7872 -112 ) 518ad05a9668e0b16717b256acf369b7-dithered [ 1 0 0 0 ] [ 0 -1 0 0 ] 0 1 1
( -3616 8912 -112 ) ( -3615 8912 -112 ) ( -3616 8912 -111 ) 518ad05a9668e0b16717b256acf369b7-dithered [ -1 0 0 0 ] [ 0 0 -1 0 ] 270 1 1
( -1152 7872 -112 ) ( -1152 7872 -111 ) ( -1152 7873 -112 ) 518ad05a9668e0b16717b256acf369b7-dithered [ 0 1 0 0 ] [ 0 0 -1 0 ] 90 1 1
}
// brush 84
{
( -13712 6752 0 ) ( -13712 6753 0 ) ( -13712 6752 1 ) 151-green-grass-texture-seamless-dithered [ 0 -1 0 0 ] [ 0 0 -1 0 ] 90 1 1
( -2720 -20608 0 ) ( -2720 -20608 1 ) ( -2719 -20608 0 ) 151-green-grass-texture-seamless-dithered [ 1 0 0 0 ] [ 0 0 -1 0 ] 180 1 1
( -2720 6752 0 ) ( -2719 6752 0 ) ( -2720 6753 0 ) 151-green-grass-texture-seamless-dithered [ -1 0 0 0 ] [ 0 -1 0 0 ] 0 1 1
( -2464 7184 16 ) ( -2464 7185 16 ) ( -2463 7184 16 ) 151-green-grass-texture-seamless-dithered [ 1 0 0 0 ] [ 0 -1 0 0 ] 0 1 1
( -2464 7184 16 ) ( -2463 7184 16 ) ( -2464 7184 17 ) 151-green-grass-texture-seamless-dithered [ -1 0 0 0 ] [ 0 0 -1 0 ] 0 1 1
( -2464 7184 16 ) ( -2464 7184 17 ) ( -2464 7185 16 ) 151-green-grass-texture-seamless-dithered [ 0 1 0 0 ] [ 0 0 -1 0 ] 0 1 1
}
// brush 85
{
( -3648 7184 128 ) ( -3648 7185 128 ) ( -3648 7184 129 ) 9c0f1f55ebf706816074c17403f49dc7-dithered [ 0 -1 0 0 ] [ 0 0 -1 0 ] 0 1 1
( -3648 7216 128 ) ( -3648 7216 129 ) ( -3647 7216 128 ) 9c0f1f55ebf706816074c17403f49dc7-dithered [ 1 0 0 0 ] [ 0 0 -1 0 ] 270 1 1
( -3648 7184 128 ) ( -3647 7184 128 ) ( -3648 7185 128 ) 9c0f1f55ebf706816074c17403f49dc7-dithered [ -1 0 0 0 ] [ 0 -1 0 0 ] 0 1 1
( -3616 7232 496 ) ( -3616 7233 496 ) ( -3615 7232 496 ) 9c0f1f55ebf706816074c17403f49dc7-dithered [ 1 0 0 0 ] [ 0 -1 0 0 ] 270 1 1
( -3616 8912 144 ) ( -3615 8912 144 ) ( -3616 8912 145 ) 9c0f1f55ebf706816074c17403f49dc7-dithered [ -1 0 0 0 ] [ 0 0 -1 0 ] 180 1 1
( -3616 7232 144 ) ( -3616 7232 145 ) ( -3616 7233 144 ) 9c0f1f55ebf706816074c17403f49dc7-dithered [ 0 1 0 0 ] [ 0 0 -1 0 ] 0 1 1
}
// brush 86
{
( -3616 7184 128 ) ( -3616 7185 128 ) ( -3616 7184 129 ) 9c0f1f55ebf706816074c17403f49dc7-dithered [ 0 -1 0 0 ] [ 0 0 -1 0 ] 0 1 1
( -3616 7184 128 ) ( -3616 7184 129 ) ( -3615 7184 128 ) 9c0f1f55ebf706816074c17403f49dc7-dithered [ 1 0 0 0 ] [ 0 0 -1 0 ] 0 1 1
( -3616 7184 128 ) ( -3615 7184 128 ) ( -3616 7185 128 ) 9c0f1f55ebf706816074c17403f49dc7-dithered [ -1 0 0 0 ] [ 0 -1 0 0 ] 0 1 1
( -2496 7216 496 ) ( -2496 7217 496 ) ( -2495 7216 496 ) 9c0f1f55ebf706816074c17403f49dc7-dithered [ 1 0 0 0 ] [ 0 -1 0 0 ] 270 1 1
( -2496 7216 144 ) ( -2495 7216 144 ) ( -2496 7216 145 ) 9c0f1f55ebf706816074c17403f49dc7-dithered [ -1 0 0 0 ] [ 0 0 -1 0 ] 0 1 1
( -2496 7216 144 ) ( -2496 7216 145 ) ( -2496 7217 144 ) 9c0f1f55ebf706816074c17403f49dc7-dithered [ 0 1 0 0 ] [ 0 0 -1 0 ] 0 1 1
}
// brush 87
{
( -2496 7216 128 ) ( -2496 7217 128 ) ( -2496 7216 129 ) 9c0f1f55ebf706816074c17403f49dc7-dithered [ 0 -1 0 0 ] [ 0 0 -1 0 ] 0 1 1
( -2496 7216 128 ) ( -2496 7216 129 ) ( -2495 7216 128 ) 9c0f1f55ebf706816074c17403f49dc7-dithered [ 1 0 0 0 ] [ 0 0 -1 0 ] 0 1 1
( -2496 7216 128 ) ( -2495 7216 128 ) ( -2496 7217 128 ) 9c0f1f55ebf706816074c17403f49dc7-dithered [ -1 0 0 0 ] [ 0 -1 0 0 ] 0 1 1
( -2448 8320 496 ) ( -2448 8321 496 ) ( -2447 8320 496 ) 9c0f1f55ebf706816074c17403f49dc7-dithered [ 1 0 0 0 ] [ 0 -1 0 0 ] 180 1 1
( -2448 8368 144 ) ( -2447 8368 144 ) ( -2448 8368 145 ) 9c0f1f55ebf706816074c17403f49dc7-dithered [ -1 0 0 0 ] [ 0 0 -1 0 ] 270 1 1
( -2464 8320 144 ) ( -2464 8320 145 ) ( -2464 8321 144 ) 9c0f1f55ebf706816074c17403f49dc7-dithered [ 0 1 0 0 ] [ 0 0 -1 0 ] 270 1 1
}
// brush 88
{
( -2464 8320 128 ) ( -2464 8321 128 ) ( -2464 8320 129 ) 9c0f1f55ebf706816074c17403f49dc7-dithered [ 0 -1 0 0 ] [ 0 0 -1 0 ] 270 1 1
( -2448 8320 128 ) ( -2448 8320 129 ) ( -2447 8320 128 ) 9c0f1f55ebf706816074c17403f49dc7-dithered [ 1 0 0 0 ] [ 0 0 -1 0 ] 0 1 1
( -2448 8320 128 ) ( -2447 8320 128 ) ( -2448 8321 128 ) 9c0f1f55ebf706816074c17403f49dc7-dithered [ -1 0 0 0 ] [ 0 -1 0 0 ] 0 1 1
( -2416 8368 448 ) ( -2416 8369 448 ) ( -2415 8368 448 ) 9c0f1f55ebf706816074c17403f49dc7-dithered [ 1 0 0 0 ] [ 0 -1 0 0 ] 0 1 1
( -2416 8368 144 ) ( -2415 8368 144 ) ( -2416 8368 145 ) 9c0f1f55ebf706816074c17403f49dc7-dithered [ -1 0 0 0 ] [ 0 0 -1 0 ] 0 1 1
( -2416 8368 144 ) ( -2416 8368 145 ) ( -2416 8369 144 ) 9c0f1f55ebf706816074c17403f49dc7-dithered [ 0 1 0 0 ] [ 0 0 -1 0 ] 0 1 1
}
// brush 89
{
( -2208 8320 128 ) ( -2208 8321 128 ) ( -2208 8320 129 ) 9c0f1f55ebf706816074c17403f49dc7-dithered [ 0 -1 0 0 ] [ 0 0 -1 0 ] 0 1 1
( -2208 8320 128 ) ( -2208 8320 129 ) ( -2207 8320 128 ) 9c0f1f55ebf706816074c17403f49dc7-dithered [ 1 0 0 0 ] [ 0 0 -1 0 ] 0 1 1
( -2208 8320 128 ) ( -2207 8320 128 ) ( -2208 8321 128 ) 9c0f1f55ebf706816074c17403f49dc7-dithered [ -1 0 0 0 ] [ 0 -1 0 0 ] 0 1 1
( -2192 8368 448 ) ( -2192 8369 448 ) ( -2191 8368 448 ) 9c0f1f55ebf706816074c17403f49dc7-dithered [ 1 0 0 0 ] [ 0 -1 0 0 ] 90 1 1
( -2192 8368 144 ) ( -2191 8368 144 ) ( -2192 8368 145 ) 9c0f1f55ebf706816074c17403f49dc7-dithered [ -1 0 0 0 ] [ 0 0 -1 0 ] 0 1 1
( -2192 8368 144 ) ( -2192 8368 145 ) ( -2192 8369 144 ) 9c0f1f55ebf706816074c17403f49dc7-dithered [ 0 1 0 0 ] [ 0 0 -1 0 ] 0 1 1
}
// brush 90
{
( -2192 8368 128 ) ( -2192 8369 128 ) ( -2192 8368 129 ) 9c0f1f55ebf706816074c17403f49dc7-dithered [ 0 -1 0 0 ] [ 0 0 -1 0 ] 0 1 1
( -2192 8368 128 ) ( -2192 8368 129 ) ( -2191 8368 128 ) 9c0f1f55ebf706816074c17403f49dc7-dithered [ 1 0 0 0 ] [ 0 0 -1 0 ] 0 1 1
( -2192 8368 128 ) ( -2191 8368 128 ) ( -2192 8369 128 ) 9c0f1f55ebf706816074c17403f49dc7-dithered [ -1 0 0 0 ] [ 0 -1 0 0 ] 0 1 1
( -2160 8896 496 ) ( -2160 8897 496 ) ( -2159 8896 496 ) 9c0f1f55ebf706816074c17403f49dc7-dithered [ 1 0 0 0 ] [ 0 -1 0 0 ] 0 1 1
( -2160 8912 144 ) ( -2159 8912 144 ) ( -2160 8912 145 ) 9c0f1f55ebf706816074c17403f49dc7-dithered [ -1 0 0 0 ] [ 0 0 -1 0 ] 270 1 1
( -2160 8896 144 ) ( -2160 8896 145 ) ( -2160 8897 144 ) 9c0f1f55ebf706816074c17403f49dc7-dithered [ 0 1 0 0 ] [ 0 0 -1 0 ] 0 1 1
}
// brush 91
{
( -3616 8912 128 ) ( -3616 8913 128 ) ( -3616 8912 129 ) 9c0f1f55ebf706816074c17403f49dc7-dithered [ 0 -1 0 0 ] [ 0 0 -1 0 ] 0 1 1
( -3616 8912 128 ) ( -3616 8912 129 ) ( -3615 8912 128 ) 9c0f1f55ebf706816074c17403f49dc7-dithered [ 1 0 0 0 ] [ 0 0 -1 0 ] 0 1 1
( -3616 8912 128 ) ( -3615 8912 128 ) ( -3616 8913 128 ) 9c0f1f55ebf706816074c17403f49dc7-dithered [ -1 0 0 0 ] [ 0 -1 0 0 ] 0 1 1
( -2192 8944 496 ) ( -2192 8945 496 ) ( -2191 8944 496 ) 9c0f1f55ebf706816074c17403f49dc7-dithered [ 1 0 0 0 ] [ 0 -1 0 0 ] 90 1 1
( -2192 8944 144 ) ( -2191 8944 144 ) ( -2192 8944 145 ) 9c0f1f55ebf706816074c17403f49dc7-dithered [ -1 0 0 0 ] [ 0 0 -1 0 ] 0 1 1
( -2192 8944 144 ) ( -2192 8944 145 ) ( -2192 8945 144 ) 9c0f1f55ebf706816074c17403f49dc7-dithered [ 0 1 0 0 ] [ 0 0 -1 0 ] 0 1 1
}
// brush 92
{
( -3648 8944 496 ) ( -3056 7904 736 ) ( -3648 7184 496 ) 9c0f1f55ebf706816074c17403f49dc7-dithered [ 1 0 0 0 ] [ 0 -1 0 0 ] 270 1 1
( -3056 7904 736 ) ( -2448 7184 496 ) ( -3648 7184 496 ) 9c0f1f55ebf706816074c17403f49dc7-dithered [ 1 0 0 0 ] [ 0 1 -2.220446049250313e-16 0 ] 0 1 1
( -2448 7184 496 ) ( -2448 8944 496 ) ( -3648 8944 496 ) 9c0f1f55ebf706816074c17403f49dc7-dithered [ -1 0 0 0 ] [ 0 -1 0 0 ] 0 1 1
( -3648 8944 496 ) ( -2448 8944 496 ) ( -3056 7904 736 ) 9c0f1f55ebf706816074c17403f49dc7-dithered [ 0 1 0 0 ] [ -1 0 -2.220446049250313e-16 -128 ] 180 1 1
( -3056 7904 736 ) ( -2448 8944 496 ) ( -2448 7184 496 ) 9c0f1f55ebf706816074c17403f49dc7-dithered [ 0 1 0 0 ] [ -1 0 -2.220446049250313e-16 -128 ] 180 1 1
}
// brush 93
{
( -3664 8944 496 ) ( -3072 7904 736 ) ( -3664 7184 496 ) 9c0f1f55ebf706816074c17403f49dc7-dithered [ 1 0 0 16 ] [ 0 -1 0 0 ] 180 1 1
( -3072 7904 736 ) ( -2464 7184 496 ) ( -3664 7184 496 ) 9c0f1f55ebf706816074c17403f49dc7-dithered [ 1 0 0 16 ] [ 0 1 -2.220446049250313e-16 0 ] 90 1 1
( -2464 7184 496 ) ( -2464 8944 496 ) ( -3664 8944 496 ) 9c0f1f55ebf706816074c17403f49dc7-dithered [ -1 0 0 -16 ] [ 0 -1 0 0 ] 270 1 1
( -3664 8944 496 ) ( -2464 8944 496 ) ( -3072 7904 736 ) 9c0f1f55ebf706816074c17403f49dc7-dithered [ 0 1 0 0 ] [ -1 0 -2.220446049250313e-16 -144 ] 270 1 1
( -3072 7904 736 ) ( -2464 8944 496 ) ( -2464 7184 496 ) 9c0f1f55ebf706816074c17403f49dc7-dithered [ 0 1 0 0 ] [ -1 0 -2.220446049250313e-16 -144 ] 270 1 1
}
// brush 94
{
( -3648 8944 496 ) ( -3056 7904 736 ) ( -3648 7184 496 ) 9c0f1f55ebf706816074c17403f49dc7-dithered [ 1 0 0 0 ] [ 0 -1 0 0 ] 90 1 1
( -3056 7904 736 ) ( -2448 7184 496 ) ( -3648 7184 496 ) 9c0f1f55ebf706816074c17403f49dc7-dithered [ 1 0 0 0 ] [ 0 1 -2.220446049250313e-16 0 ] 180 1 1
( -2448 7184 496 ) ( -2448 8944 496 ) ( -3648 8944 496 ) 9c0f1f55ebf706816074c17403f49dc7-dithered [ -1 0 0 0 ] [ 0 -1 0 0 ] 180 1 1
( -3648 8944 496 ) ( -2448 8944 496 ) ( -3056 7904 736 ) 9c0f1f55ebf706816074c17403f49dc7-dithered [ 0 1 0 0 ] [ -1 0 -2.220446049250313e-16 -128 ] 0 1 1
( -3056 7904 736 ) ( -2448 8944 496 ) ( -2448 7184 496 ) 9c0f1f55ebf706816074c17403f49dc7-dithered [ 0 1 0 0 ] [ -1 0 -2.220446049250313e-16 -128 ] 0 1 1
}
// brush 95
{
( -2448 8352 480 ) ( -2448 8353 480 ) ( -2448 8352 481 ) 9c0f1f55ebf706816074c17403f49dc7-dithered [ 0 -1 0 0 ] [ 0 0 -1 0 ] 0 1 1
( -2448 8240 480 ) ( -2448 8240 481 ) ( -2447 8240 480 ) 9c0f1f55ebf706816074c17403f49dc7-dithered [ 1 0 0 0 ] [ 0 0 -1 0 ] 180 1 1
( -2448 8352 448 ) ( -2447 8352 448 ) ( -2448 8353 448 ) 9c0f1f55ebf706816074c17403f49dc7-dithered [ -1 0 0 0 ] [ 0 -1 0 0 ] 270 1 1
( -2192 8912 496 ) ( -2192 8913 496 ) ( -2191 8912 496 ) 9c0f1f55ebf706816074c17403f49dc7-dithered [ 1 0 0 0 ] [ 0 -1 0 0 ] 0 1 1
( -2192 8912 496 ) ( -2191 8912 496 ) ( -2192 8912 497 ) 9c0f1f55ebf706816074c17403f49dc7-dithered [ -1 0 0 0 ] [ 0 0 -1 0 ] 0 1 1
( -2192 8912 496 ) ( -2192 8912 497 ) ( -2192 8913 496 ) 9c0f1f55ebf706816074c17403f49dc7-dithered [ 0 1 0 0 ] [ 0 0 -1 0 ] 0 1 1
}
// brush 96
{
( -2192 8320 128 ) ( -2192 8321 128 ) ( -2192 8320 129 ) c6e552989719f3c03de55324950a5064-dithered [ 0 -1 0 0 ] [ 0 0 -1 0 ] 0 1 1
( -2192 8320 128 ) ( -2192 8320 129 ) ( -2191 8320 128 ) c6e552989719f3c03de55324950a5064-dithered [ 1 0 0 0 ] [ 0 0 -1 0 ] 0 1 1
( -2192 8320 128 ) ( -2191 8320 128 ) ( -2192 8321 128 ) c6e552989719f3c03de55324950a5064-dithered [ -1 0 0 0 ] [ 0 -1 0 0 ] 0 1 1
( -2160 8368 496 ) ( -2160 8369 496 ) ( -2159 8368 496 ) c6e552989719f3c03de55324950a5064-dithered [ 1 0 0 0 ] [ 0 -1 0 0 ] 270 1 1
( -2160 8368 144 ) ( -2159 8368 144 ) ( -2160 8368 145 ) c6e552989719f3c03de55324950a5064-dithered [ -1 0 0 0 ] [ 0 0 -1 0 ] 0 1 1
( -2160 8368 144 ) ( -2160 8368 145 ) ( -2160 8369 144 ) c6e552989719f3c03de55324950a5064-dithered [ 0 1 0 0 ] [ 0 0 -1 0 ] 0 1 1
}
// brush 97
{
( -2192 8896 128 ) ( -2192 8897 128 ) ( -2192 8896 129 ) c6e552989719f3c03de55324950a5064-dithered [ 0 -1 0 64 ] [ 0 0 -1 0 ] 90 1 1
( -2192 8912 128 ) ( -2192 8912 129 ) ( -2191 8912 128 ) c6e552989719f3c03de55324950a5064-dithered [ 1 0 0 0 ] [ 0 0 -1 0 ] 0 1 1
( -2192 8896 128 ) ( -2191 8896 128 ) ( -2192 8897 128 ) c6e552989719f3c03de55324950a5064-dithered [ -1 0 0 0 ] [ 0 -1 0 64 ] 90 1 1
( -2160 8944 496 ) ( -2160 8945 496 ) ( -2159 8944 496 ) c6e552989719f3c03de55324950a5064-dithered [ 1 0 0 0 ] [ 0 -1 0 64 ] 0 1 1
( -2160 8944 144 ) ( -2159 8944 144 ) ( -2160 8944 145 ) c6e552989719f3c03de55324950a5064-dithered [ -1 0 0 0 ] [ 0 0 -1 0 ] 90 1 1
( -2160 8944 144 ) ( -2160 8944 145 ) ( -2160 8945 144 ) c6e552989719f3c03de55324950a5064-dithered [ 0 1 0 -64 ] [ 0 0 -1 0 ] 90 1 1
}
// brush 98
{
( -3648 8896 128 ) ( -3648 8897 128 ) ( -3648 8896 129 ) c6e552989719f3c03de55324950a5064-dithered [ 0 -1 0 64 ] [ 0 0 -1 0 ] 90 1 1
( -3648 8912 128 ) ( -3648 8912 129 ) ( -3647 8912 128 ) c6e552989719f3c03de55324950a5064-dithered [ 1 0 0 176 ] [ 0 0 -1 0 ] 0 1 1
( -3648 8896 128 ) ( -3647 8896 128 ) ( -3648 8897 128 ) c6e552989719f3c03de55324950a5064-dithered [ -1 0 0 -176 ] [ 0 -1 0 64 ] 90 1 1
( -3616 8944 496 ) ( -3616 8945 496 ) ( -3615 8944 496 ) c6e552989719f3c03de55324950a5064-dithered [ 1 0 0 176 ] [ 0 -1 0 64 ] 0 1 1
( -3616 8944 144 ) ( -3615 8944 144 ) ( -3616 8944 145 ) c6e552989719f3c03de55324950a5064-dithered [ -1 0 0 -176 ] [ 0 0 -1 0 ] 90 1 1
( -3616 8944 144 ) ( -3616 8944 145 ) ( -3616 8945 144 ) c6e552989719f3c03de55324950a5064-dithered [ 0 1 0 -64 ] [ 0 0 -1 0 ] 90 1 1
}
// brush 99
{
( -3648 7184 128 ) ( -3648 7185 128 ) ( -3648 7184 129 ) c6e552989719f3c03de55324950a5064-dithered [ 0 -1 0 -112 ] [ 0 0 -1 0 ] 90 1 1
( -3648 7184 128 ) ( -3648 7184 129 ) ( -3647 7184 128 ) c6e552989719f3c03de55324950a5064-dithered [ 1 0 0 176 ] [ 0 0 -1 0 ] 90 1 1
( -3648 7184 128 ) ( -3647 7184 128 ) ( -3648 7185 128 ) c6e552989719f3c03de55324950a5064-dithered [ -1 0 0 -176 ] [ 0 -1 0 -112 ] 90 1 1
( -3616 7232 496 ) ( -3616 7233 496 ) ( -3615 7232 496 ) c6e552989719f3c03de55324950a5064-dithered [ 1 0 0 176 ] [ 0 -1 0 -112 ] 0 1 1
( -3616 7216 144 ) ( -3615 7216 144 ) ( -3616 7216 145 ) c6e552989719f3c03de55324950a5064-dithered [ -1 0 0 -176 ] [ 0 0 -1 0 ] 0 1 1
( -3616 7232 144 ) ( -3616 7232 145 ) ( -3616 7233 144 ) c6e552989719f3c03de55324950a5064-dithered [ 0 1 0 112 ] [ 0 0 -1 0 ] 90 1 1
}
// brush 100
{
( -2496 7184 128 ) ( -2496 7185 128 ) ( -2496 7184 129 ) c6e552989719f3c03de55324950a5064-dithered [ 0 -1 0 -112 ] [ 0 0 -1 0 ] 90 1 1
( -2496 7184 128 ) ( -2496 7184 129 ) ( -2495 7184 128 ) c6e552989719f3c03de55324950a5064-dithered [ 1 0 0 48 ] [ 0 0 -1 0 ] 90 1 1
( -2496 7184 128 ) ( -2495 7184 128 ) ( -2496 7185 128 ) c6e552989719f3c03de55324950a5064-dithered [ -1 0 0 -48 ] [ 0 -1 0 -112 ] 90 1 1
( -2464 7232 496 ) ( -2464 7233 496 ) ( -2463 7232 496 ) c6e552989719f3c03de55324950a5064-dithered [ 1 0 0 48 ] [ 0 -1 0 -112 ] 0 1 1
( -2464 7216 144 ) ( -2463 7216 144 ) ( -2464 7216 145 ) c6e552989719f3c03de55324950a5064-dithered [ -1 0 0 -48 ] [ 0 0 -1 0 ] 0 1 1
( -2464 7232 144 ) ( -2464 7232 145 ) ( -2464 7233 144 ) c6e552989719f3c03de55324950a5064-dithered [ 0 1 0 112 ] [ 0 0 -1 0 ] 90 1 1
}
// brush 101
{
( -2464 8336 480 ) ( -2464 8337 480 ) ( -2464 8336 481 ) 9c0f1f55ebf706816074c17403f49dc7-dithered [ 0 -1 0 0 ] [ 0 0 -1 0 ] 0 1 1
( -2464 8336 480 ) ( -2464 8336 481 ) ( -2463 8336 480 ) 9c0f1f55ebf706816074c17403f49dc7-dithered [ 1 0 0 0 ] [ 0 0 -1 0 ] 0 1 1
( -2464 8336 448 ) ( -2463 8336 448 ) ( -2464 8337 448 ) 9c0f1f55ebf706816074c17403f49dc7-dithered [ -1 0 0 0 ] [ 0 -1 0 0 ] 270 1 1
( -2448 8368 496 ) ( -2448 8369 496 ) ( -2447 8368 496 ) 9c0f1f55ebf706816074c17403f49dc7-dithered [ 1 0 0 0 ] [ 0 -1 0 0 ] 0 1 1
( -2448 8368 496 ) ( -2447 8368 496 ) ( -2448 8368 497 ) 9c0f1f55ebf706816074c17403f49dc7-dithered [ -1 0 0 0 ] [ 0 0 -1 0 ] 0 1 1
( -2448 8368 496 ) ( -2448 8368 497 ) ( -2448 8369 496 ) 9c0f1f55ebf706816074c17403f49dc7-dithered [ 0 1 0 0 ] [ 0 0 -1 0 ] 0 1 1
}
// brush 102
{
( 5952 7520 0 ) ( 5952 7521 0 ) ( 5952 7520 1 ) b8a836efdc17cd32912f3f8a19cd0b8a-dithered [ 0 -1 0 0 ] [ 0 0 -1 0 ] 0 1 1
( 5952 7424 0 ) ( 5952 7424 1 ) ( 5953 7424 0 ) b8a836efdc17cd32912f3f8a19cd0b8a-dithered [ 1 0 0 0 ] [ 0 0 -1 0 ] 270 1 1
( 5952 7520 0 ) ( 5953 7520 0 ) ( 5952 7521 0 ) b8a836efdc17cd32912f3f8a19cd0b8a-dithered [ -1 0 0 0 ] [ 0 -1 0 0 ] 0 1 1
( 6064 7648 16 ) ( 6064 7649 16 ) ( 6065 7648 16 ) b8a836efdc17cd32912f3f8a19cd0b8a-dithered [ 1 0 0 0 ] [ 0 -1 0 0 ] 0 1 1
( 6064 9072 16 ) ( 6065 9072 16 ) ( 6064 9072 17 ) b8a836efdc17cd32912f3f8a19cd0b8a-dithered [ -1 0 0 0 ] [ 0 0 -1 0 ] 270 1 1
( 7248 7648 16 ) ( 7248 7648 17 ) ( 7248 7649 16 ) b8a836efdc17cd32912f3f8a19cd0b8a-dithered [ 0 1 0 0 ] [ 0 0 -1 0 ] 180 1 1
}
// brush 103
{
( 5952 6768 0 ) ( 5952 6769 0 ) ( 5952 6768 1 ) 151-green-grass-texture-seamless-dithered [ 0 -1 0 0 ] [ 0 0 -1 0 ] 0 1 1
( 5952 560 0 ) ( 5952 560 1 ) ( 5953 560 0 ) 151-green-grass-texture-seamless-dithered [ 1 0 0 0 ] [ 0 0 -1 0 ] 270 1 1
( 5952 6768 0 ) ( 5953 6768 0 ) ( 5952 6769 0 ) 151-green-grass-texture-seamless-dithered [ -1 0 0 0 ] [ 0 -1 0 0 ] 0 1 1
( 6592 7424 16 ) ( 6592 7425 16 ) ( 6593 7424 16 ) 151-green-grass-texture-seamless-dithered [ 1 0 0 0 ] [ 0 -1 0 0 ] 0 1 1
( 6592 7424 16 ) ( 6593 7424 16 ) ( 6592 7424 17 ) 151-green-grass-texture-seamless-dithered [ -1 0 0 0 ] [ 0 0 -1 0 ] 0 1 1
( 14688 7424 16 ) ( 14688 7424 17 ) ( 14688 7425 16 ) 151-green-grass-texture-seamless-dithered [ 0 1 0 0 ] [ 0 0 -1 0 ] 180 1 1
}
// brush 104
{
( 5952 9072 0 ) ( 5952 9073 0 ) ( 5952 9072 1 ) 151-green-grass-texture-seamless-dithered [ 0 -1 0 0 ] [ 0 0 -1 0 ] 0 1 1
( 5952 9072 0 ) ( 5952 9072 1 ) ( 5953 9072 0 ) 151-green-grass-texture-seamless-dithered [ 1 0 0 0 ] [ 0 0 -1 0 ] 0 1 1
( 5952 9072 0 ) ( 5953 9072 0 ) ( 5952 9073 0 ) 151-green-grass-texture-seamless-dithered [ -1 0 0 0 ] [ 0 -1 0 0 ] 0 1 1
( 7328 11088 16 ) ( 7328 11089 16 ) ( 7329 11088 16 ) 151-green-grass-texture-seamless-dithered [ 1 0 0 0 ] [ 0 -1 0 0 ] 0 1 1
( 7328 15248 16 ) ( 7329 15248 16 ) ( 7328 15248 17 ) 151-green-grass-texture-seamless-dithered [ -1 0 0 0 ] [ 0 0 -1 0 ] 270 1 1
( 14720 11088 16 ) ( 14720 11088 17 ) ( 14720 11089 16 ) 151-green-grass-texture-seamless-dithered [ 0 1 0 0 ] [ 0 0 -1 0 ] 90 1 1
}
// brush 105
{
( 7248 7424 0 ) ( 7248 7425 0 ) ( 7248 7424 1 ) 151-green-grass-texture-seamless-dithered [ 0 -1 0 0 ] [ 0 0 -1 0 ] 0 1 1
( 7248 7424 0 ) ( 7248 7424 1 ) ( 7249 7424 0 ) 151-green-grass-texture-seamless-dithered [ 1 0 0 0 ] [ 0 0 -1 0 ] 0 1 1
( 7248 7424 0 ) ( 7249 7424 0 ) ( 7248 7425 0 ) 151-green-grass-texture-seamless-dithered [ -1 0 0 0 ] [ 0 -1 0 0 ] 0 1 1
( 7408 7728 16 ) ( 7408 7729 16 ) ( 7409 7728 16 ) 151-green-grass-texture-seamless-dithered [ 1 0 0 0 ] [ 0 -1 0 0 ] 0 1 1
( 7408 9072 16 ) ( 7409 9072 16 ) ( 7408 9072 17 ) 151-green-grass-texture-seamless-dithered [ -1 0 0 0 ] [ 0 0 -1 0 ] 270 1 1
( 14400 7728 16 ) ( 14400 7728 17 ) ( 14400 7729 16 ) 151-green-grass-texture-seamless-dithered [ 0 1 0 0 ] [ 0 0 -1 0 ] 180 1 1
}
// brush 106
{
( 5952 7424 16 ) ( 5952 7425 16 ) ( 5952 7424 17 ) bricks1 [ 0 -1 0 0 ] [ 0 0 -1 0 ] 0 0.1 0.1
( 5952 7424 16 ) ( 5952 7424 17 ) ( 5953 7424 16 ) bricks1 [ 1 0 0 0 ] [ 0 0 -1 0 ] 0 0.1 0.1
( 5952 7424 16 ) ( 5953 7424 16 ) ( 5952 7425 16 ) bricks1 [ -1 0 0 0 ] [ 0 -1 0 0 ] 0 0.1 0.1
( 6176 7440 160 ) ( 6176 7441 160 ) ( 6177 7440 160 ) bricks1 [ 1 0 0 0 ] [ 0 -1 0 0 ] 180 0.1 0.1
( 6176 7440 32 ) ( 6177 7440 32 ) ( 6176 7440 33 ) bricks1 [ -1 0 0 0 ] [ 0 0 -1 0 ] 0 0.1 0.1
( 6352 7440 32 ) ( 6352 7440 33 ) ( 6352 7441 32 ) bricks1 [ 0 1 0 0 ] [ 0 0 -1 0 ] 180 0.1 0.1
}
// brush 107
{
( 6176 8576 16 ) ( 6176 8577 16 ) ( 6176 8576 17 ) bricks1 [ 0 -1 0 -768 ] [ 0 0 -1 0 ] 90 0.1 0.1
( 6176 8576 16 ) ( 6176 8576 17 ) ( 6177 8576 16 ) bricks1 [ 1 0 0 -192 ] [ 0 0 -1 0 ] 90 0.1 0.1
( 6176 8576 16 ) ( 6177 8576 16 ) ( 6176 8577 16 ) bricks1 [ -1 0 0 192 ] [ 0 -1 0 -768 ] 90 0.1 0.1
( 6400 8592 336 ) ( 6400 8593 336 ) ( 6401 8592 336 ) bricks1 [ 1 0 0 -192 ] [ 0 -1 0 -768 ] 270 0.1 0.1
( 6400 8592 32 ) ( 6401 8592 32 ) ( 6400 8592 33 ) bricks1 [ -1 0 0 192 ] [ 0 0 -1 0 ] 90 0.1 0.1
( 6592 8592 32 ) ( 6592 8592 33 ) ( 6592 8593 32 ) bricks1 [ 0 1 0 768 ] [ 0 0 -1 0 ] 180 0.1 0.1
}
// brush 108
{
( 6848 7408 16 ) ( 6848 7409 16 ) ( 6848 7408 17 ) bricks1 [ 0 -1 0 -160 ] [ 0 0 -1 0 ] 0 0.1 0.1
( 6848 7408 16 ) ( 6848 7408 17 ) ( 6849 7408 16 ) bricks1 [ 1 0 0 -768 ] [ 0 0 -1 0 ] 0 0.1 0.1
( 6848 7408 16 ) ( 6849 7408 16 ) ( 6848 7409 16 ) bricks1 [ -1 0 0 768 ] [ 0 -1 0 -160 ] 0 0.1 0.1
( 7072 7424 128 ) ( 7072 7425 128 ) ( 7073 7424 128 ) bricks1 [ 1 0 0 -768 ] [ 0 -1 0 -160 ] 180 0.1 0.1
( 7072 7424 32 ) ( 7073 7424 32 ) ( 7072 7424 33 ) bricks1 [ -1 0 0 768 ] [ 0 0 -1 0 ] 0 0.1 0.1
( 7248 7424 32 ) ( 7248 7424 33 ) ( 7248 7425 32 ) bricks1 [ 0 1 0 160 ] [ 0 0 -1 0 ] 180 0.1 0.1
}
// brush 109
{
( 6832 9056 16 ) ( 6832 9057 16 ) ( 6832 9056 17 ) bricks1 [ 0 -1 0 960 ] [ 0 0 -1 0 ] 180 0.1 0.1
( 6832 9056 16 ) ( 6832 9056 17 ) ( 6833 9056 16 ) bricks1 [ 1 0 0 -608 ] [ 0 0 -1 0 ] 180 0.1 0.1
( 6832 9056 16 ) ( 6833 9056 16 ) ( 6832 9057 16 ) bricks1 [ -1 0 0 608 ] [ 0 -1 0 960 ] 180 0.1 0.1
( 7056 9072 256 ) ( 7056 9073 256 ) ( 7057 9072 256 ) bricks1 [ 1 0 0 -608 ] [ 0 -1 0 960 ] 90 0.1 0.1
( 7056 9072 32 ) ( 7057 9072 32 ) ( 7056 9072 33 ) bricks1 [ -1 0 0 608 ] [ 0 0 -1 0 ] 180 0.1 0.1
( 7232 9072 32 ) ( 7232 9072 33 ) ( 7232 9073 32 ) bricks1 [ 0 1 0 -960 ] [ 0 0 -1 0 ] 0 0.1 0.1
}
// brush 110
{
( 7232 7824 16 ) ( 7232 7824 17 ) ( 7232 7823 16 ) bricks1 [ -1.0718754395722282e-15 -1 0 -480 ] [ 0 0 -1 0 ] 0 0.1 0.1
( 7248 7424 32 ) ( 7248 7424 33 ) ( 7249 7424 32 ) bricks1 [ 1 -1.0718754395722282e-15 0 -128 ] [ 0 0 -1 0 ] 180 0.1 0.1
( 7232 7824 16 ) ( 7232 7823 16 ) ( 7233 7824 16 ) bricks1 [ 1.0718754395722282e-15 1 0 480 ] [ -1 1.0718754395722282e-15 0 128 ] 270 0.1 0.1
( 7248 7600 256 ) ( 7249 7600 256 ) ( 7248 7599 256 ) bricks1 [ -1.0718754395722282e-15 -1 0 -480 ] [ -1 1.0718754395722282e-15 0 128 ] 0 0.1 0.1
( 7232 7824 16 ) ( 7233 7824 16 ) ( 7232 7824 17 ) bricks1 [ -1 1.0718754395722282e-15 0 128 ] [ 0 0 -1 0 ] 0 0.1 0.1
( 7248 7600 32 ) ( 7248 7599 32 ) ( 7248 7600 33 ) bricks1 [ 1.0718754395722282e-15 1 0 480 ] [ 0 0 -1 0 ] 0 0.1 0.1
}
// brush 111
{
( 6592 8592 16 ) ( 6592 8592 17 ) ( 6592 8591 16 ) bricks1 [ -1.0718754395722282e-15 -1 0 32 ] [ 0 0 -1 0 ] 0 0.1 0.1
( 6608 8192 32 ) ( 6608 8192 33 ) ( 6609 8192 32 ) bricks1 [ 1 -1.0718754395722282e-15 0 128 ] [ 0 0 -1 0 ] 180 0.1 0.1
( 6592 8592 16 ) ( 6592 8591 16 ) ( 6593 8592 16 ) bricks1 [ 1.0718754395722282e-15 1 0 -32 ] [ -1 1.0718754395722282e-15 0 -128 ] 270 0.1 0.1
( 6608 8368 256 ) ( 6609 8368 256 ) ( 6608 8367 256 ) bricks1 [ -1.0718754395722282e-15 -1 0 32 ] [ -1 1.0718754395722282e-15 0 -128 ] 0 0.1 0.1
( 6592 8592 16 ) ( 6593 8592 16 ) ( 6592 8592 17 ) bricks1 [ -1 1.0718754395722282e-15 0 -128 ] [ 0 0 -1 0 ] 0 0.1 0.1
( 6608 8368 32 ) ( 6608 8367 32 ) ( 6608 8368 33 ) bricks1 [ 1.0718754395722282e-15 1 0 -32 ] [ 0 0 -1 0 ] 0 0.1 0.1
}
// brush 112
{
( 7232 9072 16 ) ( 7232 9072 17 ) ( 7232 9071 16 ) bricks1 [ -1.0718754395722282e-15 -1 0 736 ] [ 0 0 -1 0 ] 180 0.1 0.1
( 7248 8672 32 ) ( 7248 8672 33 ) ( 7249 8672 32 ) bricks1 [ 1 -1.0718754395722282e-15 0 -128 ] [ 0 0 -1 0 ] 0 0.1 0.1
( 7232 9072 16 ) ( 7232 9071 16 ) ( 7233 9072 16 ) bricks1 [ 1.0718754395722282e-15 1 0 -736 ] [ -1 1.0718754395722282e-15 0 128 ] 90 0.1 0.1
( 7248 8848 256 ) ( 7249 8848 256 ) ( 7248 8847 256 ) bricks1 [ -1.0718754395722282e-15 -1 0 736 ] [ -1 1.0718754395722282e-15 0 128 ] 180 0.1 0.1
( 7232 9072 16 ) ( 7233 9072 16 ) ( 7232 9072 17 ) bricks1 [ -1 1.0718754395722282e-15 0 128 ] [ 0 0 -1 0 ] 180 0.1 0.1
( 7248 8848 32 ) ( 7248 8847 32 ) ( 7248 8848 33 ) bricks1 [ 1.0718754395722282e-15 1 0 -736 ] [ 0 0 -1 0 ] 180 0.1 0.1
}
// brush 113
{
( 6416 8992 16 ) ( 6416 8992 17 ) ( 6416 8991 16 ) bricks1 [ -1.0718754395722282e-15 -1 0 -64 ] [ 0 0 -1 0 ] 270 0.1 0.1
( 6432 8592 32 ) ( 6432 8592 33 ) ( 6433 8592 32 ) bricks1 [ 1 -1.0718754395722282e-15 0 -160 ] [ 0 0 -1 0 ] 90 0.1 0.1
( 6416 8992 16 ) ( 6416 8991 16 ) ( 6417 8992 16 ) bricks1 [ 1.0718754395722282e-15 1 0 64 ] [ -1 1.0718754395722282e-15 0 160 ] 180 0.1 0.1
( 6432 8768 176 ) ( 6433 8768 176 ) ( 6432 8767 176 ) bricks1 [ -1.0718754395722282e-15 -1 0 -64 ] [ -1 1.0718754395722282e-15 0 160 ] 180 0.1 0.1
( 6416 8992 16 ) ( 6417 8992 16 ) ( 6416 8992 17 ) bricks1 [ -1 1.0718754395722282e-15 0 160 ] [ 0 0 -1 0 ] 270 0.1 0.1
( 6432 8768 32 ) ( 6432 8767 32 ) ( 6432 8768 33 ) bricks1 [ 1.0718754395722282e-15 1 0 64 ] [ 0 0 -1 0 ] 270 0.1 0.1
}
// brush 114
{
( 6592 8192 16 ) ( 6592 8192 17 ) ( 6592 8191 16 ) bricks1 [ -1.0718754395722282e-15 -1 0 128 ] [ 0 0 -1 0 ] 270 0.1 0.1
( 6608 8016 32 ) ( 6608 8016 33 ) ( 6609 8016 32 ) bricks1 [ 1 -1.0718754395722282e-15 0 128 ] [ 0 0 -1 0 ] 0 0.1 0.1
( 6592 8192 16 ) ( 6592 8191 16 ) ( 6593 8192 16 ) bricks1 [ 1.0718754395722282e-15 1 0 -128 ] [ -1 1.0718754395722282e-15 0 -128 ] 180 0.1 0.1
( 6608 7968 432 ) ( 6609 7968 432 ) ( 6608 7967 432 ) bricks1 [ -1.0718754395722282e-15 -1 0 128 ] [ -1 1.0718754395722282e-15 0 -128 ] 90 0.1 0.1
( 6592 8192 16 ) ( 6593 8192 16 ) ( 6592 8192 17 ) bricks1 [ -1 1.0718754395722282e-15 0 -128 ] [ 0 0 -1 0 ] 270 0.1 0.1
( 6608 7968 32 ) ( 6608 7967 32 ) ( 6608 7968 33 ) bricks1 [ 1.0718754395722282e-15 1 0 -128 ] [ 0 0 -1 0 ] 270 0.1 0.1
}
// brush 115
{
( 6944 7824 16 ) ( 6944 7824 17 ) ( 6944 7823 16 ) bricks1 [ -1.0718754395722282e-15 -1 0 -480 ] [ 0 0 -1 0 ] 0 0.1 0.1
( 6960 7424 32 ) ( 6960 7424 33 ) ( 6961 7424 32 ) bricks1 [ 1 -1.0718754395722282e-15 0 -320 ] [ 0 0 -1 0 ] 180 0.1 0.1
( 6944 7824 16 ) ( 6944 7823 16 ) ( 6945 7824 16 ) bricks1 [ 1.0718754395722282e-15 1 0 480 ] [ -1 1.0718754395722282e-15 0 320 ] 270 0.1 0.1
( 6960 7600 144 ) ( 6961 7600 144 ) ( 6960 7599 144 ) bricks1 [ -1.0718754395722282e-15 -1 0 -480 ] [ -1 1.0718754395722282e-15 0 320 ] 270 0.1 0.1
( 6944 7824 16 ) ( 6945 7824 16 ) ( 6944 7824 17 ) bricks1 [ -1 1.0718754395722282e-15 0 320 ] [ 0 0 -1 0 ] 0 0.1 0.1
( 6960 7600 32 ) ( 6960 7599 32 ) ( 6960 7600 33 ) bricks1 [ 1.0718754395722282e-15 1 0 480 ] [ 0 0 -1 0 ] 0 0.1 0.1
}
// brush 116
{
( 5952 9104 16 ) ( 5952 9104 17 ) ( 5952 9103 16 ) bricks1 [ -1.0718754395722282e-15 -1 0 32 ] [ 0 0 -1 0 ] 90 0.1 0.1
( 5968 8704 32 ) ( 5968 8704 33 ) ( 5969 8704 32 ) bricks1 [ 1 -1.0718754395722282e-15 0 384 ] [ 0 0 -1 0 ] 270 0.1 0.1
( 5952 9104 16 ) ( 5952 9103 16 ) ( 5953 9104 16 ) bricks1 [ 1.0718754395722282e-15 1 0 -32 ] [ -1 1.0718754395722282e-15 0 -384 ] 0 0.1 0.1
( 5968 8880 336 ) ( 5969 8880 336 ) ( 5968 8879 336 ) bricks1 [ -1.0718754395722282e-15 -1 0 32 ] [ -1 1.0718754395722282e-15 0 -384 ] 270 0.1 0.1
( 5952 9104 16 ) ( 5953 9104 16 ) ( 5952 9104 17 ) bricks1 [ -1 1.0718754395722282e-15 0 -384 ] [ 0 0 -1 0 ] 90 0.1 0.1
( 5968 8880 32 ) ( 5968 8879 32 ) ( 5968 8880 33 ) bricks1 [ 1.0718754395722282e-15 1 0 -32 ] [ 0 0 -1 0 ] 90 0.1 0.1
}
// brush 117
{
( 6176 8592 16 ) ( 6176 8592 17 ) ( 6176 8591 16 ) bricks1 [ -1.0718754395722282e-15 -1 0 32 ] [ 0 0 -1 0 ] 180 0.1 0.1
( 6192 8192 32 ) ( 6192 8192 33 ) ( 6193 8192 32 ) bricks1 [ 1 -1.0718754395722282e-15 0 192 ] [ 0 0 -1 0 ] 0 0.1 0.1
( 6176 8592 16 ) ( 6176 8591 16 ) ( 6177 8592 16 ) bricks1 [ 1.0718754395722282e-15 1 0 -32 ] [ -1 1.0718754395722282e-15 0 -192 ] 90 0.1 0.1
( 6192 8368 256 ) ( 6193 8368 256 ) ( 6192 8367 256 ) bricks1 [ -1.0718754395722282e-15 -1 0 32 ] [ -1 1.0718754395722282e-15 0 -192 ] 180 0.1 0.1
( 6176 8592 16 ) ( 6177 8592 16 ) ( 6176 8592 17 ) bricks1 [ -1 1.0718754395722282e-15 0 -192 ] [ 0 0 -1 0 ] 180 0.1 0.1
( 6192 8368 32 ) ( 6192 8367 32 ) ( 6192 8368 33 ) bricks1 [ 1.0718754395722282e-15 1 0 -32 ] [ 0 0 -1 0 ] 180 0.1 0.1
}
// brush 118
{
( 5952 8208 -80 ) ( 5952 8209 -80 ) ( 5952 8208 -79 ) bricks1 [ 0 -1 0 672 ] [ 0 0 -1 -960 ] 0 0.1 0.1
( 5952 8208 -80 ) ( 5952 8208 -79 ) ( 5953 8208 -80 ) bricks1 [ 1 0 0 0 ] [ 0 0 -1 -960 ] 0 0.1 0.1
( 5952 8208 16 ) ( 5953 8208 16 ) ( 5952 8209 16 ) bricks1 [ -1 0 0 0 ] [ 0 -1 0 672 ] 270 0.1 0.1
( 6176 8224 160 ) ( 6176 8225 160 ) ( 6177 8224 160 ) bricks1 [ 1 0 0 0 ] [ 0 -1 0 672 ] 270 0.1 0.1
( 6176 8224 -64 ) ( 6177 8224 -64 ) ( 6176 8224 -63 ) bricks1 [ -1 0 0 0 ] [ 0 0 -1 -960 ] 0 0.1 0.1
( 6176 8224 -64 ) ( 6176 8224 -63 ) ( 6176 8225 -64 ) bricks1 [ 0 1 0 -672 ] [ 0 0 -1 -960 ] 90 0.1 0.1
}
// brush 119
{
( 5952 7424 160 ) ( 5952 7425 160 ) ( 5952 7424 161 ) bricks1 [ 0 -1 0 0 ] [ 0 0 -1 0 ] 0 0.1 0.1
( 5952 7424 160 ) ( 5952 7424 161 ) ( 5953 7424 160 ) bricks1 [ 1 0 0 0 ] [ 0 0 -1 0 ] 0 0.1 0.1
( 5952 7424 160 ) ( 5953 7424 160 ) ( 5952 7425 160 ) bricks1 [ -1 0 0 0 ] [ 0 -1 0 0 ] 0 0.1 0.1
( 6016 7440 336 ) ( 6016 7441 336 ) ( 6017 7440 336 ) bricks1 [ 1 0 0 0 ] [ 0 -1 0 0 ] 270 0.1 0.1
( 6016 7440 176 ) ( 6017 7440 176 ) ( 6016 7440 177 ) bricks1 [ -1 0 0 0 ] [ 0 0 -1 0 ] 0 0.1 0.1
( 6096 7440 176 ) ( 6096 7440 177 ) ( 6096 7441 176 ) bricks1 [ 0 1 0 0 ] [ 0 0 -1 0 ] 270 0.1 0.1
}
// brush 120
{
( 6848 7408 128 ) ( 6848 7409 128 ) ( 6848 7408 129 ) bricks1 [ 0 -1 0 -160 ] [ 0 0 -1 -320 ] 90 0.1 0.1
( 6848 7408 128 ) ( 6848 7408 129 ) ( 6849 7408 128 ) bricks1 [ 1 0 0 -768 ] [ 0 0 -1 -320 ] 90 0.1 0.1
( 6848 7408 128 ) ( 6849 7408 128 ) ( 6848 7409 128 ) bricks1 [ -1 0 0 768 ] [ 0 -1 0 -160 ] 90 0.1 0.1
( 6912 7424 336 ) ( 6912 7425 336 ) ( 6913 7424 336 ) bricks1 [ 1 0 0 -768 ] [ 0 -1 0 -160 ] 270 0.1 0.1
( 6912 7424 144 ) ( 6913 7424 144 ) ( 6912 7424 145 ) bricks1 [ -1 0 0 768 ] [ 0 0 -1 -320 ] 90 0.1 0.1
( 6912 7424 144 ) ( 6912 7424 145 ) ( 6912 7425 144 ) bricks1 [ 0 1 0 160 ] [ 0 0 -1 -320 ] 270 0.1 0.1
}
// brush 121
{
( 6912 7408 128 ) ( 6912 7409 128 ) ( 6912 7408 129 ) bricks1 [ 0 -1 0 -160 ] [ 0 0 -1 -320 ] 270 0.1 0.1
( 6912 7408 128 ) ( 6912 7408 129 ) ( 6913 7408 128 ) bricks1 [ 1 0 0 -384 ] [ 0 0 -1 -320 ] 270 0.1 0.1
( 6912 7408 128 ) ( 6913 7408 128 ) ( 6912 7409 128 ) bricks1 [ -1 0 0 384 ] [ 0 -1 0 -160 ] 270 0.1 0.1
( 6976 7424 256 ) ( 6976 7425 256 ) ( 6977 7424 256 ) bricks1 [ 1 0 0 -384 ] [ 0 -1 0 -160 ] 90 0.1 0.1
( 6976 7424 144 ) ( 6977 7424 144 ) ( 6976 7424 145 ) bricks1 [ -1 0 0 384 ] [ 0 0 -1 -320 ] 270 0.1 0.1
( 7056 7424 144 ) ( 7056 7424 145 ) ( 7056 7425 144 ) bricks1 [ 0 1 0 160 ] [ 0 0 -1 -320 ] 180 0.1 0.1
}
// brush 122
{
( 7104 7408 128 ) ( 7104 7409 128 ) ( 7104 7408 129 ) bricks1 [ 0 -1 0 -160 ] [ 0 0 -1 -320 ] 180 0.1 0.1
( 7104 7408 128 ) ( 7104 7408 129 ) ( 7105 7408 128 ) bricks1 [ 1 0 0 768 ] [ 0 0 -1 -320 ] 180 0.1 0.1
( 7104 7408 128 ) ( 7105 7408 128 ) ( 7104 7409 128 ) bricks1 [ -1 0 0 -768 ] [ 0 -1 0 -160 ] 180 0.1 0.1
( 7168 7424 176 ) ( 7168 7425 176 ) ( 7169 7424 176 ) bricks1 [ 1 0 0 768 ] [ 0 -1 0 -160 ] 0 0.1 0.1
( 7168 7424 144 ) ( 7169 7424 144 ) ( 7168 7424 145 ) bricks1 [ -1 0 0 -768 ] [ 0 0 -1 -320 ] 180 0.1 0.1
( 7248 7424 144 ) ( 7248 7424 145 ) ( 7248 7425 144 ) bricks1 [ 0 1 0 160 ] [ 0 0 -1 -320 ] 90 0.1 0.1
}
// brush 123
{
( 6208 7424 160 ) ( 6208 7425 160 ) ( 6208 7424 161 ) bricks1 [ 0 -1 0 0 ] [ 0 0 -1 0 ] 0 0.1 0.1
( 6208 7424 160 ) ( 6208 7424 161 ) ( 6209 7424 160 ) bricks1 [ 1 0 0 -512 ] [ 0 0 -1 0 ] 0 0.1 0.1
( 6208 7424 160 ) ( 6209 7424 160 ) ( 6208 7425 160 ) bricks1 [ -1 0 0 512 ] [ 0 -1 0 0 ] 0 0.1 0.1
( 6272 7440 192 ) ( 6272 7441 192 ) ( 6273 7440 192 ) bricks1 [ 1 0 0 -512 ] [ 0 -1 0 0 ] 180 0.1 0.1
( 6272 7440 176 ) ( 6273 7440 176 ) ( 6272 7440 177 ) bricks1 [ -1 0 0 512 ] [ 0 0 -1 0 ] 0 0.1 0.1
( 6352 7440 176 ) ( 6352 7440 177 ) ( 6352 7441 176 ) bricks1 [ 0 1 0 0 ] [ 0 0 -1 0 ] 270 0.1 0.1
}
// brush 124
{
( 6032 8208 160 ) ( 6032 8209 160 ) ( 6032 8208 161 ) bricks1 [ 0 -1 0 672 ] [ 0 0 -1 0 ] 0 0.1 0.1
( 6032 8208 160 ) ( 6032 8208 161 ) ( 6033 8208 160 ) bricks1 [ 1 0 0 224 ] [ 0 0 -1 0 ] 0 0.1 0.1
( 6032 8208 160 ) ( 6033 8208 160 ) ( 6032 8209 160 ) bricks1 [ -1 0 0 -224 ] [ 0 -1 0 672 ] 0 0.1 0.1
( 6096 8224 208 ) ( 6096 8225 208 ) ( 6097 8224 208 ) bricks1 [ 1 0 0 224 ] [ 0 -1 0 672 ] 180 0.1 0.1
( 6096 8224 176 ) ( 6097 8224 176 ) ( 6096 8224 177 ) bricks1 [ -1 0 0 -224 ] [ 0 0 -1 0 ] 0 0.1 0.1
( 6176 8224 176 ) ( 6176 8224 177 ) ( 6176 8225 176 ) bricks1 [ 0 1 0 -672 ] [ 0 0 -1 0 ] 270 0.1 0.1
}
// brush 125
{
( 6176 8592 336 ) ( 6176 8593 336 ) ( 6176 8592 337 ) bricks1 [ 0 -1 0 416 ] [ 0 0 -1 736 ] 180 0.1 0.1
( 6176 8576 336 ) ( 6176 8576 337 ) ( 6177 8576 336 ) bricks1 [ 1 0 0 -192 ] [ 0 0 -1 736 ] 0 0.1 0.1
( 6176 8592 336 ) ( 6177 8592 336 ) ( 6176 8593 336 ) bricks1 [ -1 0 0 192 ] [ 0 -1 0 416 ] 180 0.1 0.1
( 6240 8608 384 ) ( 6240 8609 384 ) ( 6241 8608 384 ) bricks1 [ 1 0 0 -192 ] [ 0 -1 0 416 ] 270 0.1 0.1
( 6240 8592 352 ) ( 6241 8592 352 ) ( 6240 8592 353 ) bricks1 [ -1 0 0 192 ] [ 0 0 -1 736 ] 90 0.1 0.1
( 6320 8608 352 ) ( 6320 8608 353 ) ( 6320 8609 352 ) bricks1 [ 0 1 0 -416 ] [ 0 0 -1 736 ] 90 0.1 0.1
}
// brush 126
{
( 6976 9056 256 ) ( 6976 9057 256 ) ( 6976 9056 257 ) bricks1 [ 0 -1 0 960 ] [ 0 0 -1 960 ] 180 0.1 0.1
( 6976 9056 256 ) ( 6976 9056 257 ) ( 6977 9056 256 ) bricks1 [ 1 0 0 0 ] [ 0 0 -1 960 ] 180 0.1 0.1
( 6976 9056 256 ) ( 6977 9056 256 ) ( 6976 9057 256 ) bricks1 [ -1 0 0 0 ] [ 0 -1 0 960 ] 180 0.1 0.1
( 7040 9072 352 ) ( 7040 9073 352 ) ( 7041 9072 352 ) bricks1 [ 1 0 0 0 ] [ 0 -1 0 960 ] 0 0.1 0.1
( 7040 9072 272 ) ( 7041 9072 272 ) ( 7040 9072 273 ) bricks1 [ -1 0 0 0 ] [ 0 0 -1 960 ] 180 0.1 0.1
( 7120 9072 272 ) ( 7120 9072 273 ) ( 7120 9073 272 ) bricks1 [ 0 1 0 -960 ] [ 0 0 -1 960 ] 90 0.1 0.1
}
// brush 127
{
( 7120 9056 48 ) ( 7120 9057 48 ) ( 7120 9056 49 ) bricks1 [ 0 -1 0 -64 ] [ 0 0 -1 -96 ] 180 0.1 0.1
( 7104 9056 48 ) ( 7104 9056 49 ) ( 7105 9056 48 ) bricks1 [ 1 0 0 -256 ] [ 0 0 -1 -96 ] 270 0.1 0.1
( 7104 9056 256 ) ( 7105 9056 256 ) ( 7104 9057 256 ) bricks1 [ -1 0 0 256 ] [ 0 -1 0 -64 ] 180 0.1 0.1
( 7168 9072 384 ) ( 7168 9073 384 ) ( 7169 9072 384 ) bricks1 [ 1 0 0 -256 ] [ 0 -1 0 -64 ] 0 0.1 0.1
( 7168 9072 64 ) ( 7169 9072 64 ) ( 7168 9072 65 ) bricks1 [ -1 0 0 256 ] [ 0 0 -1 -96 ] 270 0.1 0.1
( 7248 9072 64 ) ( 7248 9072 65 ) ( 7248 9073 64 ) bricks1 [ 0 1 0 64 ] [ 0 0 -1 -96 ] 180 0.1 0.1
}
// brush 128
{
( 6416 9056 16 ) ( 6416 9056 17 ) ( 6416 9055 16 ) bricks1 [ -1.0718754395722282e-15 -1 0 576 ] [ 0 0 -1 0 ] 180 0.1 0.1
( 6432 8704 32 ) ( 6432 8704 33 ) ( 6433 8704 32 ) bricks1 [ 1 -1.0718754395722282e-15 0 -160 ] [ 0 0 -1 0 ] 270 0.1 0.1
( 6416 9056 176 ) ( 6416 9055 176 ) ( 6417 9056 176 ) bricks1 [ 1.0718754395722282e-15 1 0 -576 ] [ -1 1.0718754395722282e-15 0 160 ] 270 0.1 0.1
( 6432 8832 224 ) ( 6433 8832 224 ) ( 6432 8831 224 ) bricks1 [ -1.0718754395722282e-15 -1 0 576 ] [ -1 1.0718754395722282e-15 0 160 ] 270 0.1 0.1
( 6416 8816 16 ) ( 6417 8816 16 ) ( 6416 8816 17 ) bricks1 [ -1 1.0718754395722282e-15 0 160 ] [ 0 0 -1 0 ] 90 0.1 0.1
( 6432 8832 32 ) ( 6432 8831 32 ) ( 6432 8832 33 ) bricks1 [ 1.0718754395722282e-15 1 0 -576 ] [ 0 0 -1 0 ] 180 0.1 0.1
}
// brush 129
{
( 5952 9344 336 ) ( 5952 9344 337 ) ( 5952 9343 336 ) bricks1 [ -1.0718754395722282e-15 -1 0 384 ] [ 0 0 -1 128 ] 90 0.1 0.1
( 5968 8992 352 ) ( 5968 8992 353 ) ( 5969 8992 352 ) bricks1 [ 1 -1.0718754395722282e-15 0 384 ] [ 0 0 -1 128 ] 180 0.1 0.1
( 5952 9344 336 ) ( 5952 9343 336 ) ( 5953 9344 336 ) bricks1 [ 1.0718754395722282e-15 1 0 -384 ] [ -1 1.0718754395722282e-15 0 -384 ] 90 0.1 0.1
( 5968 9120 544 ) ( 5969 9120 544 ) ( 5968 9119 544 ) bricks1 [ -1.0718754395722282e-15 -1 0 384 ] [ -1 1.0718754395722282e-15 0 -384 ] 180 0.1 0.1
( 5952 9104 336 ) ( 5953 9104 336 ) ( 5952 9104 337 ) bricks1 [ -1 1.0718754395722282e-15 0 -384 ] [ 0 0 -1 128 ] 0 0.1 0.1
( 5968 9120 352 ) ( 5968 9119 352 ) ( 5968 9120 353 ) bricks1 [ 1.0718754395722282e-15 1 0 -384 ] [ 0 0 -1 128 ] 90 0.1 0.1
}
// brush 130
{
( 5952 9120 112 ) ( 5952 9120 113 ) ( 5952 9119 112 ) bricks1 [ -1.0718754395722282e-15 -1 0 192 ] [ 0 0 -1 960 ] 90 0.1 0.1
( 5968 8768 128 ) ( 5968 8768 129 ) ( 5969 8768 128 ) bricks1 [ 1 -1.0718754395722282e-15 0 384 ] [ 0 0 -1 960 ] 180 0.1 0.1
( 5952 9120 336 ) ( 5952 9119 336 ) ( 5953 9120 336 ) bricks1 [ 1.0718754395722282e-15 1 0 -192 ] [ -1 1.0718754395722282e-15 0 -384 ] 90 0.1 0.1
( 5968 8896 400 ) ( 5969 8896 400 ) ( 5968 8895 400 ) bricks1 [ -1.0718754395722282e-15 -1 0 192 ] [ -1 1.0718754395722282e-15 0 -384 ] 0 0.1 0.1
( 5952 8992 112 ) ( 5953 8992 112 ) ( 5952 8992 113 ) bricks1 [ -1 1.0718754395722282e-15 0 -384 ] [ 0 0 -1 960 ] 270 0.1 0.1
( 5968 8896 128 ) ( 5968 8895 128 ) ( 5968 8896 129 ) bricks1 [ 1.0718754395722282e-15 1 0 -192 ] [ 0 0 -1 960 ] 90 0.1 0.1
}
// brush 131
{
( 6592 8544 96 ) ( 6592 8544 97 ) ( 6592 8543 96 ) bricks1 [ -1.0718754395722282e-15 -1 0 -448 ] [ 0 0 -1 800 ] 180 0.1 0.1
( 6608 8192 112 ) ( 6608 8192 113 ) ( 6609 8192 112 ) bricks1 [ 1 -1.0718754395722282e-15 0 -896 ] [ 0 0 -1 800 ] 270 0.1 0.1
( 6592 8544 256 ) ( 6592 8543 256 ) ( 6593 8544 256 ) bricks1 [ 1.0718754395722282e-15 1 0 448 ] [ -1 1.0718754395722282e-15 0 896 ] 270 0.1 0.1
( 6608 8320 384 ) ( 6609 8320 384 ) ( 6608 8319 384 ) bricks1 [ -1.0718754395722282e-15 -1 0 -448 ] [ -1 1.0718754395722282e-15 0 896 ] 180 0.1 0.1
( 6592 8304 96 ) ( 6593 8304 96 ) ( 6592 8304 97 ) bricks1 [ -1 1.0718754395722282e-15 0 896 ] [ 0 0 -1 800 ] 90 0.1 0.1
( 6608 8320 112 ) ( 6608 8319 112 ) ( 6608 8320 113 ) bricks1 [ 1.0718754395722282e-15 1 0 448 ] [ 0 0 -1 800 ] 180 0.1 0.1
}
// brush 132
{
( 6592 8768 96 ) ( 6592 8768 97 ) ( 6592 8767 96 ) bricks1 [ -1.0718754395722282e-15 -1 0 -256 ] [ 0 0 -1 800 ] 180 0.1 0.1
( 6608 8416 112 ) ( 6608 8416 113 ) ( 6609 8416 112 ) bricks1 [ 1 -1.0718754395722282e-15 0 -896 ] [ 0 0 -1 800 ] 270 0.1 0.1
( 6592 8768 256 ) ( 6592 8767 256 ) ( 6593 8768 256 ) bricks1 [ 1.0718754395722282e-15 1 0 256 ] [ -1 1.0718754395722282e-15 0 896 ] 270 0.1 0.1
( 6608 8544 288 ) ( 6609 8544 288 ) ( 6608 8543 288 ) bricks1 [ -1.0718754395722282e-15 -1 0 -256 ] [ -1 1.0718754395722282e-15 0 896 ] 180 0.1 0.1
( 6592 8528 96 ) ( 6593 8528 96 ) ( 6592 8528 97 ) bricks1 [ -1 1.0718754395722282e-15 0 896 ] [ 0 0 -1 800 ] 90 0.1 0.1
( 6608 8544 112 ) ( 6608 8543 112 ) ( 6608 8544 113 ) bricks1 [ 1.0718754395722282e-15 1 0 256 ] [ 0 0 -1 800 ] 180 0.1 0.1
}
// brush 133
{
( 6592 8608 96 ) ( 6592 8608 97 ) ( 6592 8607 96 ) bricks1 [ -1.0718754395722282e-15 -1 0 192 ] [ 0 0 -1 800 ] 270 0.1 0.1
( 6608 8304 112 ) ( 6608 8304 113 ) ( 6609 8304 112 ) bricks1 [ 1 -1.0718754395722282e-15 0 -896 ] [ 0 0 -1 800 ] 180 0.1 0.1
( 6592 8608 256 ) ( 6592 8607 256 ) ( 6593 8608 256 ) bricks1 [ 1.0718754395722282e-15 1 0 -192 ] [ -1 1.0718754395722282e-15 0 896 ] 0 0.1 0.1
( 6608 8384 352 ) ( 6609 8384 352 ) ( 6608 8383 352 ) bricks1 [ -1.0718754395722282e-15 -1 0 192 ] [ -1 1.0718754395722282e-15 0 896 ] 270 0.1 0.1
( 6592 8368 96 ) ( 6593 8368 96 ) ( 6592 8368 97 ) bricks1 [ -1 1.0718754395722282e-15 0 896 ] [ 0 0 -1 800 ] 180 0.1 0.1
( 6608 8384 112 ) ( 6608 8383 112 ) ( 6608 8384 113 ) bricks1 [ 1.0718754395722282e-15 1 0 -192 ] [ 0 0 -1 800 ] 270 0.1 0.1
}
// brush 134
{
( 6944 8064 96 ) ( 6944 8064 97 ) ( 6944 8063 96 ) bricks1 [ -1.0718754395722282e-15 -1 0 -128 ] [ 0 0 -1 800 ] 180 0.1 0.1
( 6960 7712 112 ) ( 6960 7712 113 ) ( 6961 7712 112 ) bricks1 [ 1 -1.0718754395722282e-15 0 -320 ] [ 0 0 -1 800 ] 270 0.1 0.1
( 6944 8064 144 ) ( 6944 8063 144 ) ( 6945 8064 144 ) bricks1 [ 1.0718754395722282e-15 1 0 128 ] [ -1 1.0718754395722282e-15 0 320 ] 90 0.1 0.1
( 6960 7840 304 ) ( 6961 7840 304 ) ( 6960 7839 304 ) bricks1 [ -1.0718754395722282e-15 -1 0 -128 ] [ -1 1.0718754395722282e-15 0 320 ] 270 0.1 0.1
( 6944 7824 96 ) ( 6945 7824 96 ) ( 6944 7824 97 ) bricks1 [ -1 1.0718754395722282e-15 0 320 ] [ 0 0 -1 800 ] 90 0.1 0.1
( 6960 7840 112 ) ( 6960 7839 112 ) ( 6960 7840 113 ) bricks1 [ 1.0718754395722282e-15 1 0 128 ] [ 0 0 -1 800 ] 180 0.1 0.1
}
// brush 135
{
( 6944 7904 -64 ) ( 6944 7904 -63 ) ( 6944 7903 -64 ) bricks1 [ -1.0718754395722282e-15 -1 0 -704 ] [ 0 0 -1 -800 ] 0 0.1 0.1
( 6960 7552 -48 ) ( 6960 7552 -47 ) ( 6961 7552 -48 ) bricks1 [ 1 -1.0718754395722282e-15 0 -320 ] [ 0 0 -1 -800 ] 90 0.1 0.1
( 6944 7904 144 ) ( 6944 7903 144 ) ( 6945 7904 144 ) bricks1 [ 1.0718754395722282e-15 1 0 704 ] [ -1 1.0718754395722282e-15 0 320 ] 0 0.1 0.1
( 6960 7680 208 ) ( 6961 7680 208 ) ( 6960 7679 208 ) bricks1 [ -1.0718754395722282e-15 -1 0 -704 ] [ -1 1.0718754395722282e-15 0 320 ] 0 0.1 0.1
( 6944 7712 -64 ) ( 6945 7712 -64 ) ( 6944 7712 -63 ) bricks1 [ -1 1.0718754395722282e-15 0 320 ] [ 0 0 -1 -800 ] 180 0.1 0.1
( 6960 7680 -48 ) ( 6960 7679 -48 ) ( 6960 7680 -47 ) bricks1 [ 1.0718754395722282e-15 1 0 704 ] [ 0 0 -1 -800 ] 0 0.1 0.1
}
// brush 136
{
( 6944 8000 48 ) ( 6944 8000 49 ) ( 6944 7999 48 ) bricks1 [ -1.0718754395722282e-15 -1 0 -768 ] [ 0 0 -1 320 ] 270 0.1 0.1
( 6960 7648 64 ) ( 6960 7648 65 ) ( 6961 7648 64 ) bricks1 [ 1 -1.0718754395722282e-15 0 -320 ] [ 0 0 -1 320 ] 0 0.1 0.1
( 6944 8000 208 ) ( 6944 7999 208 ) ( 6945 8000 208 ) bricks1 [ 1.0718754395722282e-15 1 0 768 ] [ -1 1.0718754395722282e-15 0 320 ] 0 0.1 0.1
( 6960 7776 256 ) ( 6961 7776 256 ) ( 6960 7775 256 ) bricks1 [ -1.0718754395722282e-15 -1 0 -768 ] [ -1 1.0718754395722282e-15 0 320 ] 0 0.1 0.1
( 6944 7712 48 ) ( 6945 7712 48 ) ( 6944 7712 49 ) bricks1 [ -1 1.0718754395722282e-15 0 320 ] [ 0 0 -1 320 ] 90 0.1 0.1
( 6960 7776 64 ) ( 6960 7775 64 ) ( 6960 7776 65 ) bricks1 [ 1.0718754395722282e-15 1 0 768 ] [ 0 0 -1 320 ] 270 0.1 0.1
}
// brush 137
{
( 7232 7968 -160 ) ( 7232 7968 -159 ) ( 7232 7967 -160 ) bricks1 [ -1.0718754395722282e-15 -1 0 -64 ] [ 0 0 -1 -736 ] 0 0.1 0.1
( 7232 7424 -144 ) ( 7232 7424 -143 ) ( 7233 7424 -144 ) bricks1 [ 1 -1.0718754395722282e-15 0 -992 ] [ 0 0 -1 -736 ] 90 0.1 0.1
( 7216 7968 256 ) ( 7216 7967 256 ) ( 7217 7968 256 ) bricks1 [ 1.0718754395722282e-15 1 0 64 ] [ -1 1.0718754395722282e-15 0 992 ] 90 0.1 0.1
( 7232 7744 288 ) ( 7233 7744 288 ) ( 7232 7743 288 ) bricks1 [ -1.0718754395722282e-15 -1 0 -64 ] [ -1 1.0718754395722282e-15 0 992 ] 90 0.1 0.1
( 7216 7776 -160 ) ( 7217 7776 -160 ) ( 7216 7776 -159 ) bricks1 [ -1 1.0718754395722282e-15 0 992 ] [ 0 0 -1 -736 ] 270 0.1 0.1
( 7248 7744 -144 ) ( 7248 7743 -144 ) ( 7248 7744 -143 ) bricks1 [ 1.0718754395722282e-15 1 0 64 ] [ 0 0 -1 -736 ] 0 0.1 0.1
}
// brush 138
{
( 7232 7952 128 ) ( 7232 7952 129 ) ( 7232 7951 128 ) bricks1 [ -1.0718754395722282e-15 -1 0 -224 ] [ 0 0 -1 96 ] 90 0.1 0.1
( 7248 7424 144 ) ( 7248 7424 145 ) ( 7249 7424 144 ) bricks1 [ 1 -1.0718754395722282e-15 0 -128 ] [ 0 0 -1 96 ] 90 0.1 0.1
( 7232 7952 288 ) ( 7232 7951 288 ) ( 7233 7952 288 ) bricks1 [ 1.0718754395722282e-15 1 0 224 ] [ -1 1.0718754395722282e-15 0 128 ] 180 0.1 0.1
( 7248 7728 336 ) ( 7249 7728 336 ) ( 7248 7727 336 ) bricks1 [ -1.0718754395722282e-15 -1 0 -224 ] [ -1 1.0718754395722282e-15 0 128 ] 180 0.1 0.1
( 7232 7712 128 ) ( 7233 7712 128 ) ( 7232 7712 129 ) bricks1 [ -1 1.0718754395722282e-15 0 128 ] [ 0 0 -1 96 ] 0 0.1 0.1
( 7248 7728 144 ) ( 7248 7727 144 ) ( 7248 7728 145 ) bricks1 [ 1.0718754395722282e-15 1 0 224 ] [ 0 0 -1 96 ] 90 0.1 0.1
}
// brush 139
{
( 6592 8016 16 ) ( 6592 8016 17 ) ( 6592 8015 16 ) bricks1 [ -1.0718754395722282e-15 -1 0 -608 ] [ 0 0 -1 0 ] 270 0.1 0.1
( 6608 7840 32 ) ( 6608 7840 33 ) ( 6609 7840 32 ) bricks1 [ 1 -1.0718754395722282e-15 0 128 ] [ 0 0 -1 0 ] 0 0.1 0.1
( 6592 8016 16 ) ( 6592 8015 16 ) ( 6593 8016 16 ) bricks1 [ 1.0718754395722282e-15 1 0 608 ] [ -1 1.0718754395722282e-15 0 -128 ] 180 0.1 0.1
( 6608 7792 80 ) ( 6609 7792 80 ) ( 6608 7791 80 ) bricks1 [ -1.0718754395722282e-15 -1 0 -608 ] [ -1 1.0718754395722282e-15 0 -128 ] 0 0.1 0.1
( 6592 8016 16 ) ( 6593 8016 16 ) ( 6592 8016 17 ) bricks1 [ -1 1.0718754395722282e-15 0 -128 ] [ 0 0 -1 0 ] 270 0.1 0.1
( 6608 7792 32 ) ( 6608 7791 32 ) ( 6608 7792 33 ) bricks1 [ 1.0718754395722282e-15 1 0 608 ] [ 0 0 -1 0 ] 270 0.1 0.1
}
// brush 140
{
( 6592 7904 -368 ) ( 6592 7904 -367 ) ( 6592 7903 -368 ) bricks1 [ -1.0718754395722282e-15 -1 0 -704 ] [ 0 0 -1 -768 ] 270 0.1 0.1
( 6608 7808 -352 ) ( 6608 7808 -351 ) ( 6609 7808 -352 ) bricks1 [ 1 -1.0718754395722282e-15 0 128 ] [ 0 0 -1 -768 ] 270 0.1 0.1
( 6592 7904 -368 ) ( 6592 7903 -368 ) ( 6593 7904 -368 ) bricks1 [ 1.0718754395722282e-15 1 0 704 ] [ -1 1.0718754395722282e-15 0 -128 ] 180 0.1 0.1
( 6608 7680 224 ) ( 6609 7680 224 ) ( 6608 7679 224 ) bricks1 [ -1.0718754395722282e-15 -1 0 -704 ] [ -1 1.0718754395722282e-15 0 -128 ] 270 0.1 0.1
( 6592 7856 -368 ) ( 6593 7856 -368 ) ( 6592 7856 -367 ) bricks1 [ -1 1.0718754395722282e-15 0 -128 ] [ 0 0 -1 -768 ] 180 0.1 0.1
( 6608 7680 -352 ) ( 6608 7679 -352 ) ( 6608 7680 -351 ) bricks1 [ 1.0718754395722282e-15 1 0 704 ] [ 0 0 -1 -768 ] 270 0.1 0.1
}
// brush 141
{
( 7104 8928 16 ) ( 7104 8929 16 ) ( 7104 8928 17 ) 07892355cc74f984f94d3df97b3a2336-dithered [ 0 -1 0 -64 ] [ 0 0 -1 0 ] 90 0.5 0.5
( 7168 8928 16 ) ( 7168 8928 17 ) ( 7169 8928 16 ) 07892355cc74f984f94d3df97b3a2336-dithered [ 1 0 0 -128 ] [ 0 0 -1 0 ] 180 0.5 0.5
( 7168 8928 16 ) ( 7169 8928 16 ) ( 7168 8929 16 ) 07892355cc74f984f94d3df97b3a2336-dithered [ -1 0 0 128 ] [ 0 -1 0 -64 ] 180 0.5 0.5
( 7296 9024 128 ) ( 7296 9025 128 ) ( 7297 9024 128 ) 07892355cc74f984f94d3df97b3a2336-dithered [ 1 0 0 -128 ] [ 0 -1 0 -64 ] 90 0.5 0.5
( 7296 9056 32 ) ( 7297 9056 32 ) ( 7296 9056 33 ) 07892355cc74f984f94d3df97b3a2336-dithered [ -1 0 0 128 ] [ 0 0 -1 0 ] 90 0.5 0.5
( 7232 9024 32 ) ( 7232 9024 33 ) ( 7232 9025 32 ) 07892355cc74f984f94d3df97b3a2336-dithered [ 0 1 0 64 ] [ 0 0 -1 0 ] 90 0.5 0.5
}
// brush 142
{
( 6432 8592 16 ) ( 6432 8593 16 ) ( 6432 8592 17 ) 07892355cc74f984f94d3df97b3a2336-dithered [ 0 -1 0 32 ] [ 0 0 -1 0 ] 0 0.5 0.5
( 6496 8592 16 ) ( 6496 8592 17 ) ( 6497 8592 16 ) 07892355cc74f984f94d3df97b3a2336-dithered [ 1 0 0 192 ] [ 0 0 -1 0 ] 90 0.5 0.5
( 6496 8592 16 ) ( 6497 8592 16 ) ( 6496 8593 16 ) 07892355cc74f984f94d3df97b3a2336-dithered [ -1 0 0 -192 ] [ 0 -1 0 32 ] 90 0.5 0.5
( 6624 8688 128 ) ( 6624 8689 128 ) ( 6625 8688 128 ) 07892355cc74f984f94d3df97b3a2336-dithered [ 1 0 0 192 ] [ 0 -1 0 32 ] 0 0.5 0.5
( 6624 8720 32 ) ( 6625 8720 32 ) ( 6624 8720 33 ) 07892355cc74f984f94d3df97b3a2336-dithered [ -1 0 0 -192 ] [ 0 0 -1 0 ] 0 0.5 0.5
( 6560 8688 32 ) ( 6560 8688 33 ) ( 6560 8689 32 ) 07892355cc74f984f94d3df97b3a2336-dithered [ 0 1 0 -32 ] [ 0 0 -1 0 ] 0 0.5 0.5
}
// brush 143
{
( 7248 7696 16 ) ( 7248 7697 16 ) ( 7248 7696 17 ) 07892355cc74f984f94d3df97b3a2336-dithered [ 0 -1 0 32 ] [ 0 0 -1 0 ] 270 0.5 0.5
( 7312 7696 16 ) ( 7312 7696 17 ) ( 7313 7696 16 ) 07892355cc74f984f94d3df97b3a2336-dithered [ 1 0 0 -160 ] [ 0 0 -1 0 ] 0 0.5 0.5
( 7312 7696 16 ) ( 7313 7696 16 ) ( 7312 7697 16 ) 07892355cc74f984f94d3df97b3a2336-dithered [ -1 0 0 160 ] [ 0 -1 0 32 ] 0 0.5 0.5
( 7440 7792 128 ) ( 7440 7793 128 ) ( 7441 7792 128 ) 07892355cc74f984f94d3df97b3a2336-dithered [ 1 0 0 -160 ] [ 0 -1 0 32 ] 270 0.5 0.5
( 7440 7824 32 ) ( 7441 7824 32 ) ( 7440 7824 33 ) 07892355cc74f984f94d3df97b3a2336-dithered [ -1 0 0 160 ] [ 0 0 -1 0 ] 270 0.5 0.5
( 7376 7792 32 ) ( 7376 7792 33 ) ( 7376 7793 32 ) 07892355cc74f984f94d3df97b3a2336-dithered [ 0 1 0 -32 ] [ 0 0 -1 0 ] 270 0.5 0.5
}
// brush 144
{
( 5952 7296 16 ) ( 5952 7297 16 ) ( 5952 7296 17 ) 07892355cc74f984f94d3df97b3a2336-dithered [ 0 -1 0 0 ] [ 0 0 -1 0 ] 270 0.5 0.5
( 6016 7296 16 ) ( 6016 7296 17 ) ( 6017 7296 16 ) 07892355cc74f984f94d3df97b3a2336-dithered [ 1 0 0 128 ] [ 0 0 -1 0 ] 0 0.5 0.5
( 6016 7296 16 ) ( 6017 7296 16 ) ( 6016 7297 16 ) 07892355cc74f984f94d3df97b3a2336-dithered [ -1 0 0 -128 ] [ 0 -1 0 0 ] 0 0.5 0.5
( 6144 7392 256 ) ( 6144 7393 256 ) ( 6145 7392 256 ) 07892355cc74f984f94d3df97b3a2336-dithered [ 1 0 0 128 ] [ 0 -1 0 0 ] 180 0.5 0.5
( 6144 7424 32 ) ( 6145 7424 32 ) ( 6144 7424 33 ) 07892355cc74f984f94d3df97b3a2336-dithered [ -1 0 0 -128 ] [ 0 0 -1 0 ] 270 0.5 0.5
( 6080 7392 32 ) ( 6080 7392 33 ) ( 6080 7393 32 ) 07892355cc74f984f94d3df97b3a2336-dithered [ 0 1 0 0 ] [ 0 0 -1 0 ] 270 0.5 0.5
}
// brush 145
{
( 5808 8688 16 ) ( 5808 8689 16 ) ( 5808 8688 17 ) 07892355cc74f984f94d3df97b3a2336-dithered [ 0 -1 0 -32 ] [ 0 0 -1 0 ] 180 0.5 0.5
( 5872 8688 16 ) ( 5872 8688 17 ) ( 5873 8688 16 ) 07892355cc74f984f94d3df97b3a2336-dithered [ 1 0 0 160 ] [ 0 0 -1 0 ] 270 0.5 0.5
( 5872 8688 16 ) ( 5873 8688 16 ) ( 5872 8689 16 ) 07892355cc74f984f94d3df97b3a2336-dithered [ -1 0 0 -160 ] [ 0 -1 0 -32 ] 270 0.5 0.5
( 6000 8784 256 ) ( 6000 8785 256 ) ( 6001 8784 256 ) 07892355cc74f984f94d3df97b3a2336-dithered [ 1 0 0 160 ] [ 0 -1 0 -32 ] 90 0.5 0.5
( 6000 9088 32 ) ( 6001 9088 32 ) ( 6000 9088 33 ) 07892355cc74f984f94d3df97b3a2336-dithered [ -1 0 0 -160 ] [ 0 0 -1 0 ] 90 0.5 0.5
( 5936 8784 32 ) ( 5936 8784 33 ) ( 5936 8785 32 ) 07892355cc74f984f94d3df97b3a2336-dithered [ 0 1 0 32 ] [ 0 0 -1 0 ] 180 0.5 0.5
}
// brush 146
{
( 5808 9088 16 ) ( 5808 9089 16 ) ( 5808 9088 17 ) 07892355cc74f984f94d3df97b3a2336-dithered [ 0 -1 0 0 ] [ 0 0 -1 0 ] 90 0.5 0.5
( 5872 9088 16 ) ( 5872 9088 17 ) ( 5873 9088 16 ) 07892355cc74f984f94d3df97b3a2336-dithered [ 1 0 0 160 ] [ 0 0 -1 0 ] 180 0.5 0.5
( 5872 9088 16 ) ( 5873 9088 16 ) ( 5872 9089 16 ) 07892355cc74f984f94d3df97b3a2336-dithered [ -1 0 0 -160 ] [ 0 -1 0 0 ] 180 0.5 0.5
( 6000 9184 144 ) ( 6000 9185 144 ) ( 6001 9184 144 ) 07892355cc74f984f94d3df97b3a2336-dithered [ 1 0 0 160 ] [ 0 -1 0 0 ] 270 0.5 0.5
( 6000 9216 32 ) ( 6001 9216 32 ) ( 6000 9216 33 ) 07892355cc74f984f94d3df97b3a2336-dithered [ -1 0 0 -160 ] [ 0 0 -1 0 ] 90 0.5 0.5
( 5936 9184 32 ) ( 5936 9184 33 ) ( 5936 9185 32 ) 07892355cc74f984f94d3df97b3a2336-dithered [ 0 1 0 0 ] [ 0 0 -1 0 ] 90 0.5 0.5
}
// brush 147
{
( 6192 8448 16 ) ( 6192 8449 16 ) ( 6192 8448 17 ) 07892355cc74f984f94d3df97b3a2336-dithered [ 0 -1 0 0 ] [ 0 0 -1 0 ] 0 0.5 0.5
( 6256 8448 16 ) ( 6256 8448 17 ) ( 6257 8448 16 ) 07892355cc74f984f94d3df97b3a2336-dithered [ 1 0 0 160 ] [ 0 0 -1 0 ] 90 0.5 0.5
( 6256 8448 16 ) ( 6257 8448 16 ) ( 6256 8449 16 ) 07892355cc74f984f94d3df97b3a2336-dithered [ -1 0 0 -160 ] [ 0 -1 0 0 ] 90 0.5 0.5
( 6384 8544 256 ) ( 6384 8545 256 ) ( 6385 8544 256 ) 07892355cc74f984f94d3df97b3a2336-dithered [ 1 0 0 160 ] [ 0 -1 0 0 ] 270 0.5 0.5
( 6384 8576 32 ) ( 6385 8576 32 ) ( 6384 8576 33 ) 07892355cc74f984f94d3df97b3a2336-dithered [ -1 0 0 -160 ] [ 0 0 -1 0 ] 0 0.5 0.5
( 6320 8544 32 ) ( 6320 8544 33 ) ( 6320 8545 32 ) 07892355cc74f984f94d3df97b3a2336-dithered [ 0 1 0 0 ] [ 0 0 -1 0 ] 0 0.5 0.5
}
// brush 148
{
( 6848 7280 16 ) ( 6848 7281 16 ) ( 6848 7280 17 ) 07892355cc74f984f94d3df97b3a2336-dithered [ 0 -1 0 -32 ] [ 0 0 -1 0 ] 90 0.5 0.5
( 6912 7280 16 ) ( 6912 7280 17 ) ( 6913 7280 16 ) 07892355cc74f984f94d3df97b3a2336-dithered [ 1 0 0 -128 ] [ 0 0 -1 0 ] 180 0.5 0.5
( 6912 7280 16 ) ( 6913 7280 16 ) ( 6912 7281 16 ) 07892355cc74f984f94d3df97b3a2336-dithered [ -1 0 0 128 ] [ 0 -1 0 -32 ] 180 0.5 0.5
( 7040 7376 144 ) ( 7040 7377 144 ) ( 7041 7376 144 ) 07892355cc74f984f94d3df97b3a2336-dithered [ 1 0 0 -128 ] [ 0 -1 0 -32 ] 270 0.5 0.5
( 7040 7408 32 ) ( 7041 7408 32 ) ( 7040 7408 33 ) 07892355cc74f984f94d3df97b3a2336-dithered [ -1 0 0 128 ] [ 0 0 -1 0 ] 90 0.5 0.5
( 7104 7376 32 ) ( 7104 7376 33 ) ( 7104 7377 32 ) 07892355cc74f984f94d3df97b3a2336-dithered [ 0 1 0 32 ] [ 0 0 -1 0 ] 0 0.5 0.5
}
// brush 149
{
( 6336 -992 16 ) ( 6336 -991 16 ) ( 6336 -992 17 ) street2 [ 0 -1 0 0 ] [ 0 0 -1 0 ] 90 1 1
( 6336 -1072 16 ) ( 6336 -1072 17 ) ( 6337 -1072 16 ) street2 [ 1 0 0 -32 ] [ 0 0 -1 0 ] 0 1 1
( 6336 -992 16 ) ( 6337 -992 16 ) ( 6336 -991 16 ) street2 [ -1 0 0 32 ] [ 0 -1 0 0 ] 90 1 1
( 6416 -928 32 ) ( 6416 -927 32 ) ( 6417 -928 32 ) street2 [ 1 0 0 -32 ] [ 0 -1 0 0 ] 90 1 1
( 6416 -928 32 ) ( 6417 -928 32 ) ( 6416 -928 33 ) street2 [ -1 0 0 32 ] [ 0 0 -1 0 ] 90 1 1
( 6480 -928 32 ) ( 6480 -928 33 ) ( 6480 -927 32 ) street2 [ 0 1 0 0 ] [ 0 0 -1 0 ] 90 1 1
}
// brush 150
{
( 4560 2208 16 ) ( 4560 2209 16 ) ( 4560 2208 17 ) 07892355cc74f984f94d3df97b3a2336-dithered [ 0 -1 0 -192 ] [ 0 0 -1 0 ] 180 0.5 0.5
( 4624 2208 16 ) ( 4624 2208 17 ) ( 4625 2208 16 ) 07892355cc74f984f94d3df97b3a2336-dithered [ 1 0 0 -160 ] [ 0 0 -1 0 ] 270 0.5 0.5
( 4624 2208 16 ) ( 4625 2208 16 ) ( 4624 2209 16 ) 07892355cc74f984f94d3df97b3a2336-dithered [ -1 0 0 160 ] [ 0 -1 0 -192 ] 270 0.5 0.5
( 4752 2304 144 ) ( 4752 2305 144 ) ( 4753 2304 144 ) 07892355cc74f984f94d3df97b3a2336-dithered [ 1 0 0 -160 ] [ 0 -1 0 -192 ] 0 0.5 0.5
( 4752 2336 32 ) ( 4753 2336 32 ) ( 4752 2336 33 ) 07892355cc74f984f94d3df97b3a2336-dithered [ -1 0 0 160 ] [ 0 0 -1 0 ] 180 0.5 0.5
( 4816 2304 32 ) ( 4816 2304 33 ) ( 4816 2305 32 ) 07892355cc74f984f94d3df97b3a2336-dithered [ 0 1 0 192 ] [ 0 0 -1 0 ] 90 0.5 0.5
}
// brush 151
{
( 144 -1904 16 ) ( 144 -1903 16 ) ( 144 -1904 17 ) 07892355cc74f984f94d3df97b3a2336-dithered [ 0 -1 0 -224 ] [ 0 0 -1 0 ] 0 0.5 0.5
( 208 -1904 16 ) ( 208 -1904 17 ) ( 209 -1904 16 ) 07892355cc74f984f94d3df97b3a2336-dithered [ 1 0 0 224 ] [ 0 0 -1 0 ] 90 0.5 0.5
( 208 -1904 16 ) ( 209 -1904 16 ) ( 208 -1903 16 ) 07892355cc74f984f94d3df97b3a2336-dithered [ -1 0 0 -224 ] [ 0 -1 0 -224 ] 90 0.5 0.5
( 336 -1808 144 ) ( 336 -1807 144 ) ( 337 -1808 144 ) 07892355cc74f984f94d3df97b3a2336-dithered [ 1 0 0 224 ] [ 0 -1 0 -224 ] 180 0.5 0.5
( 336 -1776 32 ) ( 337 -1776 32 ) ( 336 -1776 33 ) 07892355cc74f984f94d3df97b3a2336-dithered [ -1 0 0 -224 ] [ 0 0 -1 0 ] 0 0.5 0.5
( 400 -1808 32 ) ( 400 -1808 33 ) ( 400 -1807 32 ) 07892355cc74f984f94d3df97b3a2336-dithered [ 0 1 0 224 ] [ 0 0 -1 0 ] 270 0.5 0.5
}
// brush 152
{
( -3200 -480 16 ) ( -3200 -479 16 ) ( -3200 -480 17 ) 07892355cc74f984f94d3df97b3a2336-dithered [ 0 -1 0 -192 ] [ 0 0 -1 0 ] 0 0.5 0.5
( -3136 -480 16 ) ( -3136 -480 17 ) ( -3135 -480 16 ) 07892355cc74f984f94d3df97b3a2336-dithered [ 1 0 0 0 ] [ 0 0 -1 0 ] 90 0.5 0.5
( -3136 -480 16 ) ( -3135 -480 16 ) ( -3136 -479 16 ) 07892355cc74f984f94d3df97b3a2336-dithered [ -1 0 0 0 ] [ 0 -1 0 -192 ] 90 0.5 0.5
( -3008 -384 128 ) ( -3008 -383 128 ) ( -3007 -384 128 ) 07892355cc74f984f94d3df97b3a2336-dithered [ 1 0 0 0 ] [ 0 -1 0 -192 ] 90 0.5 0.5
( -3008 -208 32 ) ( -3007 -208 32 ) ( -3008 -208 33 ) 07892355cc74f984f94d3df97b3a2336-dithered [ -1 0 0 0 ] [ 0 0 -1 0 ] 180 0.5 0.5
( -2944 -384 32 ) ( -2944 -384 33 ) ( -2944 -383 32 ) 07892355cc74f984f94d3df97b3a2336-dithered [ 0 1 0 192 ] [ 0 0 -1 0 ] 270 0.5 0.5
}
// brush 153
{
( -4288 2832 16 ) ( -4288 2833 16 ) ( -4288 2832 17 ) 07892355cc74f984f94d3df97b3a2336-dithered [ 0 -1 0 32 ] [ 0 0 -1 0 ] 0 0.5 0.5
( -4224 2832 16 ) ( -4224 2832 17 ) ( -4223 2832 16 ) 07892355cc74f984f94d3df97b3a2336-dithered [ 1 0 0 128 ] [ 0 0 -1 0 ] 90 0.5 0.5
( -4224 2832 16 ) ( -4223 2832 16 ) ( -4224 2833 16 ) 07892355cc74f984f94d3df97b3a2336-dithered [ -1 0 0 -128 ] [ 0 -1 0 32 ] 90 0.5 0.5
( -4096 2928 128 ) ( -4096 2929 128 ) ( -4095 2928 128 ) 07892355cc74f984f94d3df97b3a2336-dithered [ 1 0 0 128 ] [ 0 -1 0 32 ] 90 0.5 0.5
( -4096 3088 32 ) ( -4095 3088 32 ) ( -4096 3088 33 ) 07892355cc74f984f94d3df97b3a2336-dithered [ -1 0 0 -128 ] [ 0 0 -1 0 ] 90 0.5 0.5
( -4160 2928 32 ) ( -4160 2928 33 ) ( -4160 2929 32 ) 07892355cc74f984f94d3df97b3a2336-dithered [ 0 1 0 -32 ] [ 0 0 -1 0 ] 180 0.5 0.5
}
// brush 154
{
( -3648 7056 16 ) ( -3648 7057 16 ) ( -3648 7056 17 ) 07892355cc74f984f94d3df97b3a2336-dithered [ 0 -1 0 32 ] [ 0 0 -1 0 ] 90 0.5 0.5
( -3584 7056 16 ) ( -3584 7056 17 ) ( -3583 7056 16 ) 07892355cc74f984f94d3df97b3a2336-dithered [ 1 0 0 -128 ] [ 0 0 -1 0 ] 180 0.5 0.5
( -3584 7056 16 ) ( -3583 7056 16 ) ( -3584 7057 16 ) 07892355cc74f984f94d3df97b3a2336-dithered [ -1 0 0 128 ] [ 0 -1 0 32 ] 180 0.5 0.5
( -3456 7152 128 ) ( -3456 7153 128 ) ( -3455 7152 128 ) 07892355cc74f984f94d3df97b3a2336-dithered [ 1 0 0 -128 ] [ 0 -1 0 32 ] 180 0.5 0.5
( -3456 7184 32 ) ( -3455 7184 32 ) ( -3456 7184 33 ) 07892355cc74f984f94d3df97b3a2336-dithered [ -1 0 0 128 ] [ 0 0 -1 0 ] 0 0.5 0.5
( -3520 7152 32 ) ( -3520 7152 33 ) ( -3520 7153 32 ) 07892355cc74f984f94d3df97b3a2336-dithered [ 0 1 0 -32 ] [ 0 0 -1 0 ] 270 0.5 0.5
}
// brush 155
{
( -4512 7680 16 ) ( -4512 7681 16 ) ( -4512 7680 17 ) 07892355cc74f984f94d3df97b3a2336-dithered [ 0 -1 0 0 ] [ 0 0 -1 0 ] 0 0.5 0.5
( -4448 7680 16 ) ( -4448 7680 17 ) ( -4447 7680 16 ) 07892355cc74f984f94d3df97b3a2336-dithered [ 1 0 0 64 ] [ 0 0 -1 0 ] 90 0.5 0.5
( -4448 7680 16 ) ( -4447 7680 16 ) ( -4448 7681 16 ) 07892355cc74f984f94d3df97b3a2336-dithered [ -1 0 0 -64 ] [ 0 -1 0 0 ] 90 0.5 0.5
( -4320 7776 128 ) ( -4320 7777 128 ) ( -4319 7776 128 ) 07892355cc74f984f94d3df97b3a2336-dithered [ 1 0 0 64 ] [ 0 -1 0 0 ] 90 0.5 0.5
( -4320 7824 32 ) ( -4319 7824 32 ) ( -4320 7824 33 ) 07892355cc74f984f94d3df97b3a2336-dithered [ -1 0 0 -64 ] [ 0 0 -1 0 ] 0 0.5 0.5
( -4384 7776 32 ) ( -4384 7776 33 ) ( -4384 7777 32 ) 07892355cc74f984f94d3df97b3a2336-dithered [ 0 1 0 0 ] [ 0 0 -1 0 ] 180 0.5 0.5
}
// brush 156
{
( -2624 7216 144 ) ( -2624 7217 144 ) ( -2624 7216 145 ) 07892355cc74f984f94d3df97b3a2336-dithered [ 0 -1 0 -160 ] [ 0 0 -1 0 ] 90 0.5 0.5
( -2560 7216 144 ) ( -2560 7216 145 ) ( -2559 7216 144 ) 07892355cc74f984f94d3df97b3a2336-dithered [ 1 0 0 -128 ] [ 0 0 -1 0 ] 180 0.5 0.5
( -2560 7216 144 ) ( -2559 7216 144 ) ( -2560 7217 144 ) 07892355cc74f984f94d3df97b3a2336-dithered [ -1 0 0 128 ] [ 0 -1 0 -160 ] 180 0.5 0.5
( -2432 7312 256 ) ( -2432 7313 256 ) ( -2431 7312 256 ) 07892355cc74f984f94d3df97b3a2336-dithered [ 1 0 0 -128 ] [ 0 -1 0 -160 ] 180 0.5 0.5
( -2432 7344 160 ) ( -2431 7344 160 ) ( -2432 7344 161 ) 07892355cc74f984f94d3df97b3a2336-dithered [ -1 0 0 128 ] [ 0 0 -1 0 ] 0 0.5 0.5
( -2496 7312 160 ) ( -2496 7312 161 ) ( -2496 7313 160 ) 07892355cc74f984f94d3df97b3a2336-dithered [ 0 1 0 160 ] [ 0 0 -1 0 ] 270 0.5 0.5
}
// brush 157
{
( -2160 8320 16 ) ( -2160 8321 16 ) ( -2160 8320 17 ) 07892355cc74f984f94d3df97b3a2336-dithered [ 0 -1 0 0 ] [ 0 0 -1 0 ] 0 0.5 0.5
( -2096 8320 16 ) ( -2096 8320 17 ) ( -2095 8320 16 ) 07892355cc74f984f94d3df97b3a2336-dithered [ 1 0 0 -32 ] [ 0 0 -1 0 ] 90 0.5 0.5
( -2096 8320 16 ) ( -2095 8320 16 ) ( -2096 8321 16 ) 07892355cc74f984f94d3df97b3a2336-dithered [ -1 0 0 32 ] [ 0 -1 0 0 ] 90 0.5 0.5
( -1968 8416 128 ) ( -1968 8417 128 ) ( -1967 8416 128 ) 07892355cc74f984f94d3df97b3a2336-dithered [ 1 0 0 -32 ] [ 0 -1 0 0 ] 90 0.5 0.5
( -1968 8448 32 ) ( -1967 8448 32 ) ( -1968 8448 33 ) 07892355cc74f984f94d3df97b3a2336-dithered [ -1 0 0 32 ] [ 0 0 -1 0 ] 270 0.5 0.5
( -2032 8416 32 ) ( -2032 8416 33 ) ( -2032 8417 32 ) 07892355cc74f984f94d3df97b3a2336-dithered [ 0 1 0 0 ] [ 0 0 -1 0 ] 180 0.5 0.5
}
// brush 158
{
( 1840 9280 16 ) ( 1840 9281 16 ) ( 1840 9280 17 ) 07892355cc74f984f94d3df97b3a2336-dithered [ 0 -1 0 128 ] [ 0 0 -1 0 ] 270 0.5 0.5
( 1904 9280 16 ) ( 1904 9280 17 ) ( 1905 9280 16 ) 07892355cc74f984f94d3df97b3a2336-dithered [ 1 0 0 -96 ] [ 0 0 -1 0 ] 0 0.5 0.5
( 1904 9280 16 ) ( 1905 9280 16 ) ( 1904 9281 16 ) 07892355cc74f984f94d3df97b3a2336-dithered [ -1 0 0 96 ] [ 0 -1 0 128 ] 0 0.5 0.5
( 2032 9376 128 ) ( 2032 9377 128 ) ( 2033 9376 128 ) 07892355cc74f984f94d3df97b3a2336-dithered [ 1 0 0 -96 ] [ 0 -1 0 128 ] 0 0.5 0.5
( 2032 9408 32 ) ( 2033 9408 32 ) ( 2032 9408 33 ) 07892355cc74f984f94d3df97b3a2336-dithered [ -1 0 0 96 ] [ 0 0 -1 0 ] 180 0.5 0.5
( 1968 9376 32 ) ( 1968 9376 33 ) ( 1968 9377 32 ) 07892355cc74f984f94d3df97b3a2336-dithered [ 0 1 0 -128 ] [ 0 0 -1 0 ] 90 0.5 0.5
}
// brush 159
{
( -2248 -296 -9000 ) ( -2248 -295 -9000 ) ( -2248 -296 -8999 ) 151-green-grass-texture-seamless-dithered [ 0 -1 0 24 ] [ 0 0 -1 -24 ] 180 1 1
( 152 -9320 -9000 ) ( 152 -9320 -8999 ) ( 153 -9320 -9000 ) 151-green-grass-texture-seamless-dithered [ 1 0 0 -216 ] [ 0 0 -1 -24 ] 90 1 1
( 152 -296 -9000 ) ( 153 -296 -9000 ) ( 152 -295 -9000 ) 151-green-grass-texture-seamless-dithered [ -1 0 0 216 ] [ 0 -1 0 24 ] 180 1 1
( 280 -168 -8968 ) ( 280 -167 -8968 ) ( 281 -168 -8968 ) 151-green-grass-texture-seamless-dithered [ 1 0 0 -216 ] [ 0 -1 0 24 ] 180 1 1
( 280 12976 -8968 ) ( 281 12976 -8968 ) ( 280 12976 -8967 ) 151-green-grass-texture-seamless-dithered [ -1 0 0 216 ] [ 0 0 -1 -24 ] 90 1 1
( 1864 -168 -8968 ) ( 1864 -168 -8967 ) ( 1864 -167 -8968 ) 151-green-grass-texture-seamless-dithered [ 0 1 0 -24 ] [ 0 0 -1 -24 ] 270 1 1
}
// brush 160
{
( -872 -792 -8968 ) ( -872 -791 -8968 ) ( -872 -792 -8967 ) 4f7a9f47b1bf2ec108064fe050bd2f29-dithered [ 0 -1 0 -10 ] [ 0 0 -1 -198 ] 90 4 4
( -216 -1368 -8968 ) ( -216 -1368 -8967 ) ( -215 -1368 -8968 ) 4f7a9f47b1bf2ec108064fe050bd2f29-dithered [ 1 0 0 -38 ] [ 0 0 -1 -198 ] 90 4 4
( -216 -792 -8968 ) ( -215 -792 -8968 ) ( -216 -791 -8968 ) 4f7a9f47b1bf2ec108064fe050bd2f29-dithered [ -1 0 0 38 ] [ 0 -1 0 -10 ] 180 4 4
( 344 -152 -8952 ) ( 344 -151 -8952 ) ( 345 -152 -8952 ) 4f7a9f47b1bf2ec108064fe050bd2f29-dithered [ 1 0 0 -38 ] [ 0 -1 0 -10 ] 180 4 4
( 344 -152 -8952 ) ( 345 -152 -8952 ) ( 344 -152 -8951 ) 4f7a9f47b1bf2ec108064fe050bd2f29-dithered [ -1 0 0 38 ] [ 0 0 -1 -198 ] 180 4 4
( 344 -152 -8952 ) ( 344 -152 -8951 ) ( 344 -151 -8952 ) 4f7a9f47b1bf2ec108064fe050bd2f29-dithered [ 0 1 0 10 ] [ 0 0 -1 -198 ] 180 4 4
}
// brush 161
{
( -872 -1368 -8968 ) ( -872 -1368 -8952 ) ( -872 -1416 -8968 ) rocks4 [ 0 -1 0 752 ] [ -2.7755575615628914e-16 0 1 432 ] 270 0.1 0.1
( -872 -1368 -8952 ) ( 344 -1368 -8952 ) ( 344 -1416 -8968 ) rocks4 [ 1 0 0 -112 ] [ 0 1 -2.220446049250313e-16 -336 ] 180 0.1 0.1
( 344 -1416 -8968 ) ( 344 -1368 -8968 ) ( -872 -1368 -8968 ) rocks4 [ -1 0 0 112 ] [ 0 -1 0 752 ] 180 0.1 0.1
( 344 -1368 -8968 ) ( 344 -1368 -8952 ) ( -872 -1368 -8952 ) rocks4 [ -1 0 0 112 ] [ 0 0 -1 -752 ] 180 0.1 0.1
( 344 -1416 -8968 ) ( 344 -1368 -8952 ) ( 344 -1368 -8968 ) rocks4 [ 0 1 0 -752 ] [ 2.7755575615628914e-16 0 1 432 ] 180 0.1 0.1
}
// brush 162
{
( -920 -152 -8968 ) ( -872 -152 -8952 ) ( -872 -1368 -8952 ) rocks4 [ 0 -1 0 752 ] [ 1 0 -2.220446049250313e-16 -176 ] 90 0.1 0.1
( -920 -1368 -8968 ) ( -872 -1368 -8952 ) ( -872 -1368 -8968 ) rocks4 [ 1 0 0 -112 ] [ 0 0 -1 -752 ] 180 0.1 0.1
( -872 -1368 -8968 ) ( -872 -152 -8968 ) ( -920 -152 -8968 ) rocks4 [ -1 0 0 112 ] [ 0 -1 0 752 ] 180 0.1 0.1
( -872 -152 -8968 ) ( -872 -152 -8952 ) ( -920 -152 -8968 ) rocks4 [ -1 0 0 112 ] [ 0 0 -1 -752 ] 0 0.1 0.1
( -872 -1368 -8952 ) ( -872 -152 -8952 ) ( -872 -152 -8968 ) rocks4 [ 0 1 0 -752 ] [ 0 0 -1 -752 ] 180 0.1 0.1
}
// brush 163
{
( -872 -152 -8952 ) ( -872 -152 -8968 ) ( -872 -104 -8968 ) rocks4 [ 0 -1 0 752 ] [ 0 0 -1 -752 ] 180 0.1 0.1
( -872 -152 -8952 ) ( 344 -152 -8952 ) ( 344 -152 -8968 ) rocks4 [ 1 0 0 -112 ] [ 0 0 -1 -752 ] 180 0.1 0.1
( 344 -152 -8968 ) ( 344 -104 -8968 ) ( -872 -104 -8968 ) rocks4 [ -1 0 0 112 ] [ 0 -1 0 752 ] 180 0.1 0.1
( -872 -104 -8968 ) ( 344 -104 -8968 ) ( 344 -152 -8952 ) rocks4 [ -1 0 0 112 ] [ 0 -1 -2.220446049250313e-16 848 ] 180 0.1 0.1
( 344 -152 -8952 ) ( 344 -104 -8968 ) ( 344 -152 -8968 ) rocks4 [ 0 1 0 -752 ] [ 0 0 -1 -752 ] 0 0.1 0.1
}
// brush 164
{
( 344 -152 -8952 ) ( 344 -1368 -8952 ) ( 344 -1368 -8968 ) rocks4 [ 0 -1 0 752 ] [ 0 0 -1 -752 ] 180 0.1 0.1
( 344 -1368 -8952 ) ( 392 -1368 -8968 ) ( 344 -1368 -8968 ) rocks4 [ 1 0 0 -112 ] [ 0 0 -1 -752 ] 90 0.1 0.1
( 392 -1368 -8968 ) ( 392 -152 -8968 ) ( 344 -152 -8968 ) rocks4 [ -1 0 0 112 ] [ 0 -1 0 752 ] 180 0.1 0.1
( 344 -152 -8968 ) ( 392 -152 -8968 ) ( 344 -152 -8952 ) rocks4 [ -1 0 0 112 ] [ 0 0 -1 -752 ] 180 0.1 0.1
( 344 -152 -8952 ) ( 392 -152 -8968 ) ( 392 -1368 -8968 ) rocks4 [ 0 1 0 -752 ] [ -1 0 -2.220446049250313e-16 688 ] 180 0.1 0.1
}
// brush 165
{
( 344 -1368 -8968 ) ( 344 -1368 -8952 ) ( 344 -1416 -8968 ) rocks4 [ 0 -1 0 752 ] [ 0 0 -1 -752 ] 180 0.1 0.1
( 344 -1416 -8968 ) ( 392 -1368 -8968 ) ( 344 -1368 -8968 ) rocks4 [ -1 0 0 112 ] [ 0 -1 0 752 ] 180 0.1 0.1
( 344 -1368 -8968 ) ( 392 -1368 -8968 ) ( 344 -1368 -8952 ) rocks4 [ -1 0 0 112 ] [ 0 2.7755575615628914e-16 1 722.1328 ] 180 0.1 0.1
( 344 -1368 -8952 ) ( 392 -1368 -8968 ) ( 344 -1416 -8968 ) rocks4 [ 0 1 0 -752 ] [ -1 0 -2.220446049250313e-16 272 ] 180 0.1 0.1
}
// brush 166
{
( -872 -1368 -8952 ) ( -872 -1416 -8968 ) ( -920 -1368 -8968 ) rocks4 [ 1 7.044813998280222e-16 0 -592 ] [ -7.044813998280222e-16 1 -2.220446049250313e-16 -752 ] 144.9032 0.1 0.1
( -920 -1368 -8968 ) ( -872 -1416 -8968 ) ( -872 -1368 -8968 ) rocks4 [ -7.044813998280222e-16 1 0 -912 ] [ -1 -7.044813998280222e-16 0 592 ] 180 0.1 0.1
( -872 -1368 -8968 ) ( -872 -1368 -8952 ) ( -920 -1368 -8968 ) rocks4 [ -1 -7.044813998280222e-16 0 592 ] [ 0 0 -1 -752 ] 270 0.1 0.1
( -872 -1368 -8968 ) ( -872 -1416 -8968 ) ( -872 -1368 -8952 ) rocks4 [ -7.044813998280222e-16 1 0 -912 ] [ 2.7755575615628914e-16 1.9553286762730776e-31 1 722.1328 ] 90 0.1 0.1
}
// brush 167
{
( -872 -152 -8952 ) ( -920 -152 -8968 ) ( -872 -104 -8968 ) rocks4 [ -1.2246467991473532e-16 -1 0 432 ] [ 1 -1.2246467991473532e-16 -2.220446049250313e-16 -592 ] 10.4756775 0.1 0.1
( -872 -152 -8968 ) ( -920 -152 -8968 ) ( -872 -152 -8952 ) rocks4 [ 1 -1.2246467991473532e-16 0 -752 ] [ -3.399077683617228e-32 -2.7755575615628914e-16 1 722.1328 ] 0 0.1 0.1
( -872 -104 -8968 ) ( -920 -152 -8968 ) ( -872 -152 -8968 ) rocks4 [ 1 -1.2246467991473532e-16 0 -752 ] [ 1.2246467991473532e-16 1 0 -432 ] 0 0.1 0.1
( -872 -152 -8968 ) ( -872 -152 -8952 ) ( -872 -104 -8968 ) rocks4 [ 1.2246467991473532e-16 1 0 -432 ] [ 0 0 -1 -752 ] 0 0.1 0.1
}
// brush 168
{
( 344 -152 -8952 ) ( 344 -152 -8968 ) ( 344 -104 -8968 ) rocks4 [ 0 -1 0 752 ] [ 0 0 -1 -752 ] 180 0.1 0.1
( 344 -152 -8952 ) ( 392 -152 -8968 ) ( 344 -152 -8968 ) rocks4 [ 1 0 0 -112 ] [ 0 0 -1 -752 ] 180 0.1 0.1
( 344 -152 -8968 ) ( 392 -152 -8968 ) ( 344 -104 -8968 ) rocks4 [ -1 0 0 112 ] [ 0 -1 0 752 ] 180 0.1 0.1
( 344 -104 -8968 ) ( 392 -152 -8968 ) ( 344 -152 -8952 ) rocks4 [ -1 0 0 112 ] [ 0 -1 -2.220446049250313e-16 848 ] 180 0.1 0.1
}
// brush 169
{
( 1912 -1016 -8984 ) ( 1912 -1015 -8984 ) ( 1912 -1016 -8983 ) 3084c9846583f3b4ca028f21f812cf76-dithered [ 0 -1 0 24 ] [ 0 0 -1 -24 ] 180 1 1
( 1912 -1512 -8984 ) ( 1912 -1512 -8983 ) ( 1913 -1512 -8984 ) 3084c9846583f3b4ca028f21f812cf76-dithered [ 1 0 0 -216 ] [ 0 0 -1 -24 ] 90 1 1
( 1912 -1016 -8984 ) ( 1913 -1016 -8984 ) ( 1912 -1015 -8984 ) 3084c9846583f3b4ca028f21f812cf76-dithered [ -1 0 0 216 ] [ 0 -1 0 24 ] 180 1 1
( 2056 -680 -8968 ) ( 2056 -679 -8968 ) ( 2057 -680 -8968 ) 3084c9846583f3b4ca028f21f812cf76-dithered [ 1 0 0 -216 ] [ 0 -1 0 24 ] 180 1 1
( 2056 312 -8968 ) ( 2057 312 -8968 ) ( 2056 312 -8967 ) 3084c9846583f3b4ca028f21f812cf76-dithered [ -1 0 0 216 ] [ 0 0 -1 -24 ] 0 1 1
( 2616 -680 -8968 ) ( 2616 -680 -8967 ) ( 2616 -679 -8968 ) 3084c9846583f3b4ca028f21f812cf76-dithered [ 0 1 0 -24 ] [ 0 0 -1 -24 ] 180 1 1
}
// brush 170
{
( 1864 -968 -8968 ) ( 1864 -967 -8968 ) ( 1864 -968 -8967 ) concrete1 [ 0 -1 0 -488 ] [ 0 0 -1 -792 ] 180 1 1
( 1896 -1512 -8968 ) ( 1896 -1512 -8967 ) ( 1897 -1512 -8968 ) concrete1 [ 1 0 0 -104 ] [ 0 0 -1 -792 ] 0 1 1
( 1896 -968 -8968 ) ( 1897 -968 -8968 ) ( 1896 -967 -8968 ) concrete1 [ -1 0 0 104 ] [ 0 -1 0 -488 ] 270 1 1
( 1912 -952 -8664 ) ( 1912 -951 -8664 ) ( 1913 -952 -8664 ) concrete1 [ 1 0 0 -104 ] [ 0 -1 0 -488 ] 0 1 1
( 1912 -952 -8952 ) ( 1913 -952 -8952 ) ( 1912 -952 -8951 ) concrete1 [ -1 0 0 104 ] [ 0 0 -1 -792 ] 270 1 1
( 1912 -952 -8952 ) ( 1912 -952 -8951 ) ( 1912 -951 -8952 ) concrete1 [ 0 1 0 488 ] [ 0 0 -1 -792 ] 270 1 1
}
// brush 171
{
( 1864 -248 -8968 ) ( 1864 -247 -8968 ) ( 1864 -248 -8967 ) concrete1 [ 0 -1 0 232 ] [ 0 0 -1 -792 ] 180 1 1
( 1896 -840 -8968 ) ( 1896 -840 -8967 ) ( 1897 -840 -8968 ) concrete1 [ 1 0 0 -104 ] [ 0 0 -1 -792 ] 270 1 1
( 1896 -248 -8968 ) ( 1897 -248 -8968 ) ( 1896 -247 -8968 ) concrete1 [ -1 0 0 104 ] [ 0 -1 0 232 ] 270 1 1
( 1912 -232 -8664 ) ( 1912 -231 -8664 ) ( 1913 -232 -8664 ) concrete1 [ 1 0 0 -104 ] [ 0 -1 0 232 ] 0 1 1
( 1912 -616 -8952 ) ( 1913 -616 -8952 ) ( 1912 -616 -8951 ) concrete1 [ -1 0 0 104 ] [ 0 0 -1 -792 ] 90 1 1
( 1912 -232 -8952 ) ( 1912 -232 -8951 ) ( 1912 -231 -8952 ) concrete1 [ 0 1 0 -232 ] [ 0 0 -1 -792 ] 270 1 1
}
// brush 172
{
( 1864 -616 -8968 ) ( 1864 -615 -8968 ) ( 1864 -616 -8967 ) concrete1 [ 0 -1 0 -232 ] [ 0 0 -1 -792 ] 90 1 1
( 1896 -616 -8968 ) ( 1896 -616 -8967 ) ( 1897 -616 -8968 ) concrete1 [ 1 0 0 -216 ] [ 0 0 -1 -792 ] 180 1 1
( 1896 -616 -8968 ) ( 1897 -616 -8968 ) ( 1896 -615 -8968 ) concrete1 [ -1 0 0 216 ] [ 0 -1 0 -232 ] 180 1 1
( 1976 -584 -8664 ) ( 1976 -583 -8664 ) ( 1977 -584 -8664 ) concrete1 [ 1 0 0 -216 ] [ 0 -1 0 -232 ] 90 1 1
( 1976 -584 -8952 ) ( 1977 -584 -8952 ) ( 1976 -584 -8951 ) concrete1 [ -1 0 0 216 ] [ 0 0 -1 -792 ] 180 1 1
( 2616 -584 -8952 ) ( 2616 -584 -8951 ) ( 2616 -583 -8952 ) concrete1 [ 0 1 0 232 ] [ 0 0 -1 -792 ] 270 1 1
}
// brush 173
{
( 1864 8 -8968 ) ( 1864 9 -8968 ) ( 1864 8 -8967 ) concrete1 [ 0 -1 0 -536 ] [ 0 0 -1 -792 ] 0 1 1
( 1896 -584 -8968 ) ( 1896 -584 -8967 ) ( 1897 -584 -8968 ) concrete1 [ 1 0 0 -104 ] [ 0 0 -1 -792 ] 90 1 1
( 1896 8 -8968 ) ( 1897 8 -8968 ) ( 1896 9 -8968 ) concrete1 [ -1 0 0 104 ] [ 0 -1 0 -536 ] 90 1 1
( 1912 24 -8664 ) ( 1912 25 -8664 ) ( 1913 24 -8664 ) concrete1 [ 1 0 0 -104 ] [ 0 -1 0 -536 ] 180 1 1
( 1912 -360 -8952 ) ( 1913 -360 -8952 ) ( 1912 -360 -8951 ) concrete1 [ -1 0 0 104 ] [ 0 0 -1 -792 ] 270 1 1
( 1912 24 -8952 ) ( 1912 24 -8951 ) ( 1912 25 -8952 ) concrete1 [ 0 1 0 536 ] [ 0 0 -1 -792 ] 90 1 1
}
// brush 174
{
( 1864 296 -8968 ) ( 1864 297 -8968 ) ( 1864 296 -8967 ) concrete1 [ 0 -1 0 -248 ] [ 0 0 -1 -792 ] 180 1 1
( 1896 -248 -8968 ) ( 1896 -248 -8967 ) ( 1897 -248 -8968 ) concrete1 [ 1 0 0 -104 ] [ 0 0 -1 -792 ] 90 1 1
( 1896 296 -8968 ) ( 1897 296 -8968 ) ( 1896 297 -8968 ) concrete1 [ -1 0 0 104 ] [ 0 -1 0 -248 ] 0 1 1
( 1912 312 -8664 ) ( 1912 313 -8664 ) ( 1913 312 -8664 ) concrete1 [ 1 0 0 -104 ] [ 0 -1 0 -248 ] 90 1 1
( 1912 360 -8952 ) ( 1913 360 -8952 ) ( 1912 360 -8951 ) concrete1 [ -1 0 0 104 ] [ 0 0 -1 -792 ] 270 1 1
( 1912 312 -8952 ) ( 1912 312 -8951 ) ( 1912 313 -8952 ) concrete1 [ 0 1 0 248 ] [ 0 0 -1 -792 ] 0 1 1
}
// brush 175
{
( 1912 312 -8968 ) ( 1912 313 -8968 ) ( 1912 312 -8967 ) concrete1 [ 0 -1 0 -232 ] [ 0 0 -1 -792 ] 90 1 1
( 1896 312 -8968 ) ( 1896 312 -8967 ) ( 1897 312 -8968 ) concrete1 [ 1 0 0 -216 ] [ 0 0 -1 -792 ] 180 1 1
( 1896 312 -8968 ) ( 1897 312 -8968 ) ( 1896 313 -8968 ) concrete1 [ -1 0 0 216 ] [ 0 -1 0 -232 ] 180 1 1
( 1944 328 -8664 ) ( 1944 329 -8664 ) ( 1945 328 -8664 ) concrete1 [ 1 0 0 -216 ] [ 0 -1 0 -232 ] 90 1 1
( 1944 360 -8952 ) ( 1945 360 -8952 ) ( 1944 360 -8951 ) concrete1 [ -1 0 0 216 ] [ 0 0 -1 -792 ] 90 1 1
( 2664 328 -8952 ) ( 2664 328 -8951 ) ( 2664 329 -8952 ) concrete1 [ 0 1 0 232 ] [ 0 0 -1 -792 ] 180 1 1
}
// brush 176
{
( 2616 312 -8968 ) ( 2616 313 -8968 ) ( 2616 312 -8967 ) concrete1 [ 0 -1 0 -232 ] [ 0 0 -1 -792 ] 180 1 1
( 2616 -1560 -8968 ) ( 2616 -1560 -8967 ) ( 2617 -1560 -8968 ) concrete1 [ 1 0 0 -216 ] [ 0 0 -1 -792 ] 270 1 1
( 2616 312 -8968 ) ( 2617 312 -8968 ) ( 2616 313 -8968 ) concrete1 [ -1 0 0 216 ] [ 0 -1 0 -232 ] 180 1 1
( 2632 328 -8664 ) ( 2632 329 -8664 ) ( 2633 328 -8664 ) concrete1 [ 1 0 0 -216 ] [ 0 -1 0 -232 ] 90 1 1
( 2632 312 -8952 ) ( 2633 312 -8952 ) ( 2632 312 -8951 ) concrete1 [ -1 0 0 216 ] [ 0 0 -1 -792 ] 90 1 1
( 2664 328 -8952 ) ( 2664 328 -8951 ) ( 2664 329 -8952 ) concrete1 [ 0 1 0 232 ] [ 0 0 -1 -792 ] 90 1 1
}
// brush 177
{
( 1864 -1528 -8968 ) ( 1864 -1527 -8968 ) ( 1864 -1528 -8967 ) concrete1 [ 0 -1 0 -24 ] [ 0 0 -1 -792 ] 0 1 1
( 1912 -1560 -8968 ) ( 1912 -1560 -8967 ) ( 1913 -1560 -8968 ) concrete1 [ 1 0 0 -232 ] [ 0 0 -1 -792 ] 0 1 1
( 1912 -1528 -8968 ) ( 1913 -1528 -8968 ) ( 1912 -1527 -8968 ) concrete1 [ -1 0 0 232 ] [ 0 -1 0 -24 ] 90 1 1
( 1960 -1512 -8664 ) ( 1960 -1511 -8664 ) ( 1961 -1512 -8664 ) concrete1 [ 1 0 0 -232 ] [ 0 -1 0 -24 ] 0 1 1
( 1960 -1512 -8952 ) ( 1961 -1512 -8952 ) ( 1960 -1512 -8951 ) concrete1 [ -1 0 0 232 ] [ 0 0 -1 -792 ] 90 1 1
( 2616 -1512 -8952 ) ( 2616 -1512 -8951 ) ( 2616 -1511 -8952 ) concrete1 [ 0 1 0 24 ] [ 0 0 -1 -792 ] 90 1 1
}
// brush 178
{
( 1752 -1512 -8664 ) ( 1752 -1511 -8664 ) ( 1752 -1512 -8663 ) 1cb750944a6d206c48d74c2432f21a14-dithered [ 0 -1 0 24 ] [ 0 0 -1 -24 ] 90 1 1
( 1896 -1672 -8664 ) ( 1896 -1672 -8663 ) ( 1897 -1672 -8664 ) 1cb750944a6d206c48d74c2432f21a14-dithered [ 1 0 0 -216 ] [ 0 0 -1 -24 ] 90 1 1
( 1896 -1512 -8664 ) ( 1897 -1512 -8664 ) ( 1896 -1511 -8664 ) 1cb750944a6d206c48d74c2432f21a14-dithered [ -1 0 0 216 ] [ 0 -1 0 24 ] 180 1 1
( 1928 -1480 -8616 ) ( 1928 -1479 -8616 ) ( 1929 -1480 -8616 ) 1cb750944a6d206c48d74c2432f21a14-dithered [ 1 0 0 -216 ] [ 0 -1 0 24 ] 90 1 1
( 1928 472 -8648 ) ( 1929 472 -8648 ) ( 1928 472 -8647 ) 1cb750944a6d206c48d74c2432f21a14-dithered [ -1 0 0 216 ] [ 0 0 -1 -24 ] 180 1 1
( 2776 -1480 -8648 ) ( 2776 -1480 -8647 ) ( 2776 -1479 -8648 ) 1cb750944a6d206c48d74c2432f21a14-dithered [ 0 1 0 -24 ] [ 0 0 -1 -24 ] 270 1 1
}
// brush 179
{
( 1912 -712 -8872 ) ( 1912 -711 -8872 ) ( 1912 -712 -8871 ) 1cb750944a6d206c48d74c2432f21a14-dithered [ 0 -1 0 24 ] [ 0 0 -1 -24 ] 180 1 1
( 1912 -712 -8872 ) ( 1912 -712 -8871 ) ( 1913 -712 -8872 ) 1cb750944a6d206c48d74c2432f21a14-dithered [ 1 0 0 -216 ] [ 0 0 -1 -24 ] 180 1 1
( 1912 -712 -8872 ) ( 1913 -712 -8872 ) ( 1912 -711 -8872 ) 1cb750944a6d206c48d74c2432f21a14-dithered [ -1 0 0 216 ] [ 0 -1 0 24 ] 180 1 1
( 1960 -616 -8856 ) ( 1960 -615 -8856 ) ( 1961 -616 -8856 ) 1cb750944a6d206c48d74c2432f21a14-dithered [ 1 0 0 -216 ] [ 0 -1 0 24 ] 180 1 1
( 1960 -616 -8856 ) ( 1961 -616 -8856 ) ( 1960 -616 -8855 ) 1cb750944a6d206c48d74c2432f21a14-dithered [ -1 0 0 216 ] [ 0 0 -1 -24 ] 180 1 1
( 2616 -616 -8856 ) ( 2616 -616 -8855 ) ( 2616 -615 -8856 ) 1cb750944a6d206c48d74c2432f21a14-dithered [ 0 1 0 -24 ] [ 0 0 -1 -24 ] 90 1 1
}
// brush 180
{
( 1912 -584 -8888 ) ( 1912 -583 -8888 ) ( 1912 -584 -8887 ) 1cb750944a6d206c48d74c2432f21a14-dithered [ 0 -1 0 152 ] [ 0 0 -1 -40 ] 90 1 1
( 1912 -584 -8888 ) ( 1912 -584 -8887 ) ( 1913 -584 -8888 ) 1cb750944a6d206c48d74c2432f21a14-dithered [ 1 0 0 -216 ] [ 0 0 -1 -40 ] 90 1 1
( 1912 -584 -8872 ) ( 1913 -584 -8872 ) ( 1912 -583 -8872 ) 1cb750944a6d206c48d74c2432f21a14-dithered [ -1 0 0 216 ] [ 0 -1 0 152 ] 0 1 1
( 1960 -488 -8856 ) ( 1960 -487 -8856 ) ( 1961 -488 -8856 ) 1cb750944a6d206c48d74c2432f21a14-dithered [ 1 0 0 -216 ] [ 0 -1 0 152 ] 0 1 1
( 1960 -488 -8872 ) ( 1961 -488 -8872 ) ( 1960 -488 -8871 ) 1cb750944a6d206c48d74c2432f21a14-dithered [ -1 0 0 216 ] [ 0 0 -1 -40 ] 90 1 1
( 2616 -488 -8872 ) ( 2616 -488 -8871 ) ( 2616 -487 -8872 ) 1cb750944a6d206c48d74c2432f21a14-dithered [ 0 1 0 -152 ] [ 0 0 -1 -40 ] 0 1 1
}
// brush 181
{
( 2216 -1512 -8968 ) ( 2216 -1511 -8968 ) ( 2216 -1512 -8967 ) concrete1 [ 0 -1 0 -232 ] [ 0 0 -1 -792 ] 180 1 1
( 2216 -1512 -8968 ) ( 2216 -1512 -8967 ) ( 2217 -1512 -8968 ) concrete1 [ 1 0 0 -216 ] [ 0 0 -1 -792 ] 180 1 1
( 2216 -1512 -8968 ) ( 2217 -1512 -8968 ) ( 2216 -1511 -8968 ) concrete1 [ -1 0 0 216 ] [ 0 -1 0 -232 ] 180 1 1
( 2232 -1288 -8808 ) ( 2232 -1287 -8808 ) ( 2233 -1288 -8808 ) concrete1 [ 1 0 0 -216 ] [ 0 -1 0 -232 ] 90 1 1
( 2232 -1288 -8952 ) ( 2233 -1288 -8952 ) ( 2232 -1288 -8951 ) concrete1 [ -1 0 0 216 ] [ 0 0 -1 -792 ] 180 1 1
( 2232 -1288 -8952 ) ( 2232 -1288 -8951 ) ( 2232 -1287 -8952 ) concrete1 [ 0 1 0 232 ] [ 0 0 -1 -792 ] 180 1 1
}
// brush 182
{
( 2056 -1640 -8968 ) ( 2056 -1639 -8968 ) ( 2056 -1640 -8967 ) concrete1 [ 0 -1 0 -360 ] [ 0 0 -1 -792 ] 180 1 1
( 2056 -1512 -8968 ) ( 2056 -1512 -8967 ) ( 2057 -1512 -8968 ) concrete1 [ 1 0 0 -56 ] [ 0 0 -1 -792 ] 90 1 1
( 2056 -1640 -8968 ) ( 2057 -1640 -8968 ) ( 2056 -1639 -8968 ) concrete1 [ -1 0 0 56 ] [ 0 -1 0 -360 ] 180 1 1
( 2072 -1416 -8808 ) ( 2072 -1415 -8808 ) ( 2073 -1416 -8808 ) concrete1 [ 1 0 0 -56 ] [ 0 -1 0 -360 ] 90 1 1
( 2072 -1416 -8952 ) ( 2073 -1416 -8952 ) ( 2072 -1416 -8951 ) concrete1 [ -1 0 0 56 ] [ 0 0 -1 -792 ] 180 1 1
( 2072 -1416 -8952 ) ( 2072 -1416 -8951 ) ( 2072 -1415 -8952 ) concrete1 [ 0 1 0 360 ] [ 0 0 -1 -792 ] 180 1 1
}
// brush 183
{
( 2600 -1512 -8968 ) ( 2600 -1511 -8968 ) ( 2600 -1512 -8967 ) ddce50fbfd632458ae86b42a56caf875-dithered [ 0 -1 0 24 ] [ 0 0 -1 -24 ] 180 1 1
( 2600 -1512 -8968 ) ( 2600 -1512 -8967 ) ( 2601 -1512 -8968 ) ddce50fbfd632458ae86b42a56caf875-dithered [ 1 0 0 -216 ] [ 0 0 -1 -24 ] 180 1 1
( 2600 -1512 -8968 ) ( 2601 -1512 -8968 ) ( 2600 -1511 -8968 ) ddce50fbfd632458ae86b42a56caf875-dithered [ -1 0 0 216 ] [ 0 -1 0 24 ] 180 1 1
( 2616 -1496 -8696 ) ( 2616 -1495 -8696 ) ( 2617 -1496 -8696 ) ddce50fbfd632458ae86b42a56caf875-dithered [ 1 0 0 -216 ] [ 0 -1 0 24 ] 270 1 1
( 2616 -1496 -8952 ) ( 2617 -1496 -8952 ) ( 2616 -1496 -8951 ) ddce50fbfd632458ae86b42a56caf875-dithered [ -1 0 0 216 ] [ 0 0 -1 -24 ] 180 1 1
( 2616 -1496 -8952 ) ( 2616 -1496 -8951 ) ( 2616 -1495 -8952 ) ddce50fbfd632458ae86b42a56caf875-dithered [ 0 1 0 -24 ] [ 0 0 -1 -24 ] 180 1 1
}
// brush 184
{
( 2232 -1512 -8968 ) ( 2232 -1511 -8968 ) ( 2232 -1512 -8967 ) ddce50fbfd632458ae86b42a56caf875-dithered [ 0 -1 0 24 ] [ 0 0 -1 -24 ] 90 1 1
( 2232 -1512 -8968 ) ( 2232 -1512 -8967 ) ( 2233 -1512 -8968 ) ddce50fbfd632458ae86b42a56caf875-dithered [ 1 0 0 -104 ] [ 0 0 -1 -24 ] 90 1 1
( 2232 -1512 -8968 ) ( 2233 -1512 -8968 ) ( 2232 -1511 -8968 ) ddce50fbfd632458ae86b42a56caf875-dithered [ -1 0 0 104 ] [ 0 -1 0 24 ] 90 1 1
( 2248 -1496 -8696 ) ( 2248 -1495 -8696 ) ( 2249 -1496 -8696 ) ddce50fbfd632458ae86b42a56caf875-dithered [ 1 0 0 -104 ] [ 0 -1 0 24 ] 90 1 1
( 2248 -1496 -8952 ) ( 2249 -1496 -8952 ) ( 2248 -1496 -8951 ) ddce50fbfd632458ae86b42a56caf875-dithered [ -1 0 0 104 ] [ 0 0 -1 -24 ] 90 1 1
( 2248 -1496 -8952 ) ( 2248 -1496 -8951 ) ( 2248 -1495 -8952 ) ddce50fbfd632458ae86b42a56caf875-dithered [ 0 1 0 -24 ] [ 0 0 -1 -24 ] 90 1 1
}
// brush 185
{
( 2232 -1208 -8968 ) ( 2232 -1207 -8968 ) ( 2232 -1208 -8967 ) ddce50fbfd632458ae86b42a56caf875-dithered [ 0 -1 0 72 ] [ 0 0 -1 -24 ] 90 1 1
( 2232 -1208 -8968 ) ( 2232 -1208 -8967 ) ( 2233 -1208 -8968 ) ddce50fbfd632458ae86b42a56caf875-dithered [ 1 0 0 -104 ] [ 0 0 -1 -24 ] 90 1 1
( 2232 -1208 -8968 ) ( 2233 -1208 -8968 ) ( 2232 -1207 -8968 ) ddce50fbfd632458ae86b42a56caf875-dithered [ -1 0 0 104 ] [ 0 -1 0 72 ] 90 1 1
( 2248 -1192 -8696 ) ( 2248 -1191 -8696 ) ( 2249 -1192 -8696 ) ddce50fbfd632458ae86b42a56caf875-dithered [ 1 0 0 -104 ] [ 0 -1 0 72 ] 180 1 1
( 2248 -1192 -8952 ) ( 2249 -1192 -8952 ) ( 2248 -1192 -8951 ) ddce50fbfd632458ae86b42a56caf875-dithered [ -1 0 0 104 ] [ 0 0 -1 -24 ] 90 1 1
( 2248 -1192 -8952 ) ( 2248 -1192 -8951 ) ( 2248 -1191 -8952 ) ddce50fbfd632458ae86b42a56caf875-dithered [ 0 1 0 -72 ] [ 0 0 -1 -24 ] 90 1 1
}
// brush 186
{
( 2600 -1208 -8968 ) ( 2600 -1207 -8968 ) ( 2600 -1208 -8967 ) ddce50fbfd632458ae86b42a56caf875-dithered [ 0 -1 0 72 ] [ 0 0 -1 -24 ] 0 1 1
( 2600 -1208 -8968 ) ( 2600 -1208 -8967 ) ( 2601 -1208 -8968 ) ddce50fbfd632458ae86b42a56caf875-dithered [ 1 0 0 -216 ] [ 0 0 -1 -24 ] 0 1 1
( 2600 -1208 -8968 ) ( 2601 -1208 -8968 ) ( 2600 -1207 -8968 ) ddce50fbfd632458ae86b42a56caf875-dithered [ -1 0 0 216 ] [ 0 -1 0 72 ] 0 1 1
( 2616 -1192 -8696 ) ( 2616 -1191 -8696 ) ( 2617 -1192 -8696 ) ddce50fbfd632458ae86b42a56caf875-dithered [ 1 0 0 -216 ] [ 0 -1 0 72 ] 90 1 1
( 2616 -1192 -8952 ) ( 2617 -1192 -8952 ) ( 2616 -1192 -8951 ) ddce50fbfd632458ae86b42a56caf875-dithered [ -1 0 0 216 ] [ 0 0 -1 -24 ] 0 1 1
( 2616 -1192 -8952 ) ( 2616 -1192 -8951 ) ( 2616 -1191 -8952 ) ddce50fbfd632458ae86b42a56caf875-dithered [ 0 1 0 -72 ] [ 0 0 -1 -24 ] 0 1 1
}
// brush 187
{
( 2408 -1512 -8968 ) ( 2408 -1511 -8968 ) ( 2408 -1512 -8967 ) ddce50fbfd632458ae86b42a56caf875-dithered [ 0 -1 0 24 ] [ 0 0 -1 -24 ] 270 1 1
( 2424 -1512 -8968 ) ( 2424 -1512 -8967 ) ( 2425 -1512 -8968 ) ddce50fbfd632458ae86b42a56caf875-dithered [ 1 0 0 -40 ] [ 0 0 -1 -24 ] 0 1 1
( 2424 -1512 -8968 ) ( 2425 -1512 -8968 ) ( 2424 -1511 -8968 ) ddce50fbfd632458ae86b42a56caf875-dithered [ -1 0 0 40 ] [ 0 -1 0 24 ] 0 1 1
( 2440 -1496 -8696 ) ( 2440 -1495 -8696 ) ( 2441 -1496 -8696 ) ddce50fbfd632458ae86b42a56caf875-dithered [ 1 0 0 -40 ] [ 0 -1 0 24 ] 0 1 1
( 2440 -1496 -8952 ) ( 2441 -1496 -8952 ) ( 2440 -1496 -8951 ) ddce50fbfd632458ae86b42a56caf875-dithered [ -1 0 0 40 ] [ 0 0 -1 -24 ] 0 1 1
( 2440 -1496 -8952 ) ( 2440 -1496 -8951 ) ( 2440 -1495 -8952 ) ddce50fbfd632458ae86b42a56caf875-dithered [ 0 1 0 -24 ] [ 0 0 -1 -24 ] 0 1 1
}
// brush 188
{
( 2408 -1208 -8968 ) ( 2408 -1207 -8968 ) ( 2408 -1208 -8967 ) ddce50fbfd632458ae86b42a56caf875-dithered [ 0 -1 0 72 ] [ 0 0 -1 -24 ] 270 1 1
( 2424 -1208 -8968 ) ( 2424 -1208 -8967 ) ( 2425 -1208 -8968 ) ddce50fbfd632458ae86b42a56caf875-dithered [ 1 0 0 -40 ] [ 0 0 -1 -24 ] 0 1 1
( 2424 -1208 -8968 ) ( 2425 -1208 -8968 ) ( 2424 -1207 -8968 ) ddce50fbfd632458ae86b42a56caf875-dithered [ -1 0 0 40 ] [ 0 -1 0 72 ] 0 1 1
( 2440 -1192 -8696 ) ( 2440 -1191 -8696 ) ( 2441 -1192 -8696 ) ddce50fbfd632458ae86b42a56caf875-dithered [ 1 0 0 -40 ] [ 0 -1 0 72 ] 90 1 1
( 2440 -1192 -8952 ) ( 2441 -1192 -8952 ) ( 2440 -1192 -8951 ) ddce50fbfd632458ae86b42a56caf875-dithered [ -1 0 0 40 ] [ 0 0 -1 -24 ] 0 1 1
( 2440 -1192 -8952 ) ( 2440 -1192 -8951 ) ( 2440 -1191 -8952 ) ddce50fbfd632458ae86b42a56caf875-dithered [ 0 1 0 -72 ] [ 0 0 -1 -24 ] 0 1 1
}
// brush 189
{
( 2232 -1496 -8904 ) ( 2232 -1495 -8904 ) ( 2232 -1496 -8903 ) rust1 [ 0 -1 0 -464 ] [ 0 0 -1 -560 ] 180 0.5 0.5
( 2232 -1496 -8904 ) ( 2232 -1496 -8903 ) ( 2233 -1496 -8904 ) rust1 [ 1 0 0 -432 ] [ 0 0 -1 -560 ] 180 0.5 0.5
( 2232 -1496 -8904 ) ( 2233 -1496 -8904 ) ( 2232 -1495 -8904 ) rust1 [ -1 0 0 432 ] [ 0 -1 0 -464 ] 180 0.5 0.5
( 2248 -1432 -8712 ) ( 2248 -1431 -8712 ) ( 2249 -1432 -8712 ) rust1 [ 1 0 0 -432 ] [ 0 -1 0 -464 ] 90 0.5 0.5
( 2248 -1208 -8888 ) ( 2249 -1208 -8888 ) ( 2248 -1208 -8887 ) rust1 [ -1 0 0 432 ] [ 0 0 -1 -560 ] 90 0.5 0.5
( 2248 -1432 -8888 ) ( 2248 -1432 -8887 ) ( 2248 -1431 -8888 ) rust1 [ 0 1 0 464 ] [ 0 0 -1 -560 ] 180 0.5 0.5
}
// brush 190
{
( 2248 -1512 -8904 ) ( 2248 -1511 -8904 ) ( 2248 -1512 -8903 ) rust1 [ 0 -1 0 -464 ] [ 0 0 -1 -560 ] 180 0.5 0.5
( 2248 -1512 -8904 ) ( 2248 -1512 -8903 ) ( 2249 -1512 -8904 ) rust1 [ 1 0 0 -432 ] [ 0 0 -1 -560 ] 180 0.5 0.5
( 2248 -1512 -8904 ) ( 2249 -1512 -8904 ) ( 2248 -1511 -8904 ) rust1 [ -1 0 0 432 ] [ 0 -1 0 -464 ] 180 0.5 0.5
( 2408 -1496 -8712 ) ( 2408 -1495 -8712 ) ( 2409 -1496 -8712 ) rust1 [ 1 0 0 -432 ] [ 0 -1 0 -464 ] 90 0.5 0.5
( 2408 -1496 -8888 ) ( 2409 -1496 -8888 ) ( 2408 -1496 -8887 ) rust1 [ -1 0 0 432 ] [ 0 0 -1 -560 ] 180 0.5 0.5
( 2408 -1496 -8888 ) ( 2408 -1496 -8887 ) ( 2408 -1495 -8888 ) rust1 [ 0 1 0 464 ] [ 0 0 -1 -560 ] 180 0.5 0.5
}
// brush 191
{
( 2440 -1512 -8904 ) ( 2440 -1511 -8904 ) ( 2440 -1512 -8903 ) rust1 [ 0 -1 0 -464 ] [ 0 0 -1 -560 ] 180 0.5 0.5
( 2440 -1512 -8904 ) ( 2440 -1512 -8903 ) ( 2441 -1512 -8904 ) rust1 [ 1 0 0 -432 ] [ 0 0 -1 -560 ] 180 0.5 0.5
( 2440 -1512 -8904 ) ( 2441 -1512 -8904 ) ( 2440 -1511 -8904 ) rust1 [ -1 0 0 432 ] [ 0 -1 0 -464 ] 180 0.5 0.5
( 2600 -1496 -8712 ) ( 2600 -1495 -8712 ) ( 2601 -1496 -8712 ) rust1 [ 1 0 0 -432 ] [ 0 -1 0 -464 ] 90 0.5 0.5
( 2600 -1496 -8888 ) ( 2601 -1496 -8888 ) ( 2600 -1496 -8887 ) rust1 [ -1 0 0 432 ] [ 0 0 -1 -560 ] 180 0.5 0.5
( 2600 -1496 -8888 ) ( 2600 -1496 -8887 ) ( 2600 -1495 -8888 ) rust1 [ 0 1 0 464 ] [ 0 0 -1 -560 ] 180 0.5 0.5
}
// brush 192
{
( 2408 -1496 -8904 ) ( 2408 -1495 -8904 ) ( 2408 -1496 -8903 ) rust1 [ 0 -1 0 -232 ] [ 0 0 -1 -560 ] 180 1 0.5
( 2408 -1496 -8904 ) ( 2408 -1496 -8903 ) ( 2409 -1496 -8904 ) rust1 [ 1 0 0 -216 ] [ 0 0 -1 -560 ] 180 1 0.5
( 2408 -1496 -8904 ) ( 2409 -1496 -8904 ) ( 2408 -1495 -8904 ) rust1 [ -1 0 0 216 ] [ 0 -1 0 -464 ] 180 1 0.5
( 2440 -1480 -8712 ) ( 2440 -1479 -8712 ) ( 2441 -1480 -8712 ) rust1 [ 1 0 0 -216 ] [ 0 -1 0 -464 ] 90 1 0.5
( 2440 -1208 -8888 ) ( 2441 -1208 -8888 ) ( 2440 -1208 -8887 ) rust1 [ -1 0 0 216 ] [ 0 0 -1 -560 ] 90 1 0.5
( 2440 -1480 -8888 ) ( 2440 -1480 -8887 ) ( 2440 -1479 -8888 ) rust1 [ 0 1 0 232 ] [ 0 0 -1 -560 ] 180 1 0.5
}
// brush 193
{
( 2600 -1496 -8904 ) ( 2600 -1495 -8904 ) ( 2600 -1496 -8903 ) rust1 [ 0 -1 0 -464 ] [ 0 0 -1 -560 ] 180 0.5 0.5
( 2600 -1496 -8904 ) ( 2600 -1496 -8903 ) ( 2601 -1496 -8904 ) rust1 [ 1 0 0 -432 ] [ 0 0 -1 -560 ] 180 0.5 0.5
( 2600 -1496 -8904 ) ( 2601 -1496 -8904 ) ( 2600 -1495 -8904 ) rust1 [ -1 0 0 432 ] [ 0 -1 0 -464 ] 180 0.5 0.5
( 2632 -1208 -8712 ) ( 2632 -1207 -8712 ) ( 2633 -1208 -8712 ) rust1 [ 1 0 0 -432 ] [ 0 -1 0 -464 ] 90 0.5 0.5
( 2632 -1208 -8888 ) ( 2633 -1208 -8888 ) ( 2632 -1208 -8887 ) rust1 [ -1 0 0 432 ] [ 0 0 -1 -560 ] 180 0.5 0.5
( 2616 -1208 -8888 ) ( 2616 -1208 -8887 ) ( 2616 -1207 -8888 ) rust1 [ 0 1 0 464 ] [ 0 0 -1 -560 ] 90 0.5 0.5
}
// brush 194
{
( 2280 296 -8968 ) ( 2280 297 -8968 ) ( 2280 296 -8967 ) ddce50fbfd632458ae86b42a56caf875-dithered [ 0 -1 0 40 ] [ 0 0 -1 -24 ] 270 1 1
( 2280 296 -8968 ) ( 2280 296 -8967 ) ( 2281 296 -8968 ) ddce50fbfd632458ae86b42a56caf875-dithered [ 1 0 0 -152 ] [ 0 0 -1 -24 ] 270 1 1
( 2280 296 -8968 ) ( 2281 296 -8968 ) ( 2280 297 -8968 ) ddce50fbfd632458ae86b42a56caf875-dithered [ -1 0 0 152 ] [ 0 -1 0 40 ] 270 1 1
( 2296 312 -8696 ) ( 2296 313 -8696 ) ( 2297 312 -8696 ) ddce50fbfd632458ae86b42a56caf875-dithered [ 1 0 0 -152 ] [ 0 -1 0 40 ] 0 1 1
( 2296 312 -8952 ) ( 2297 312 -8952 ) ( 2296 312 -8951 ) ddce50fbfd632458ae86b42a56caf875-dithered [ -1 0 0 152 ] [ 0 0 -1 -24 ] 270 1 1
( 2312 312 -8952 ) ( 2312 312 -8951 ) ( 2312 313 -8952 ) ddce50fbfd632458ae86b42a56caf875-dithered [ 0 1 0 -40 ] [ 0 0 -1 -24 ] 180 1 1
}
// brush 195
{
( 2280 -8 -8968 ) ( 2280 -7 -8968 ) ( 2280 -8 -8967 ) ddce50fbfd632458ae86b42a56caf875-dithered [ 0 -1 0 -8 ] [ 0 0 -1 -24 ] 90 1 1
( 2280 -8 -8968 ) ( 2280 -8 -8967 ) ( 2281 -8 -8968 ) ddce50fbfd632458ae86b42a56caf875-dithered [ 1 0 0 -152 ] [ 0 0 -1 -24 ] 90 1 1
( 2280 -8 -8968 ) ( 2281 -8 -8968 ) ( 2280 -7 -8968 ) ddce50fbfd632458ae86b42a56caf875-dithered [ -1 0 0 152 ] [ 0 -1 0 -8 ] 90 1 1
( 2296 8 -8696 ) ( 2296 9 -8696 ) ( 2297 8 -8696 ) ddce50fbfd632458ae86b42a56caf875-dithered [ 1 0 0 -152 ] [ 0 -1 0 -8 ] 180 1 1
( 2296 8 -8952 ) ( 2297 8 -8952 ) ( 2296 8 -8951 ) ddce50fbfd632458ae86b42a56caf875-dithered [ -1 0 0 152 ] [ 0 0 -1 -24 ] 90 1 1
( 2312 8 -8952 ) ( 2312 8 -8951 ) ( 2312 9 -8952 ) ddce50fbfd632458ae86b42a56caf875-dithered [ 0 1 0 8 ] [ 0 0 -1 -24 ] 0 1 1
}
// brush 196
{
( 2088 296 -8968 ) ( 2088 297 -8968 ) ( 2088 296 -8967 ) ddce50fbfd632458ae86b42a56caf875-dithered [ 0 -1 0 40 ] [ 0 0 -1 -24 ] 180 1 1
( 2104 296 -8968 ) ( 2104 296 -8967 ) ( 2105 296 -8968 ) ddce50fbfd632458ae86b42a56caf875-dithered [ 1 0 0 -232 ] [ 0 0 -1 -24 ] 270 1 1
( 2104 296 -8968 ) ( 2105 296 -8968 ) ( 2104 297 -8968 ) ddce50fbfd632458ae86b42a56caf875-dithered [ -1 0 0 232 ] [ 0 -1 0 40 ] 270 1 1
( 2120 312 -8696 ) ( 2120 313 -8696 ) ( 2121 312 -8696 ) ddce50fbfd632458ae86b42a56caf875-dithered [ 1 0 0 -232 ] [ 0 -1 0 40 ] 0 1 1
( 2120 312 -8952 ) ( 2121 312 -8952 ) ( 2120 312 -8951 ) ddce50fbfd632458ae86b42a56caf875-dithered [ -1 0 0 232 ] [ 0 0 -1 -24 ] 270 1 1
( 2120 312 -8952 ) ( 2120 312 -8951 ) ( 2120 313 -8952 ) ddce50fbfd632458ae86b42a56caf875-dithered [ 0 1 0 -40 ] [ 0 0 -1 -24 ] 270 1 1
}
// brush 197
{
( 2088 8 -8904 ) ( 2088 9 -8904 ) ( 2088 8 -8903 ) rust1 [ 0 -1 0 248 ] [ 0 0 -1 -560 ] 90 1 0.5
( 2088 8 -8904 ) ( 2088 8 -8903 ) ( 2089 8 -8904 ) rust1 [ 1 0 0 104 ] [ 0 0 -1 -560 ] 90 1 0.5
( 2088 8 -8904 ) ( 2089 8 -8904 ) ( 2088 9 -8904 ) rust1 [ -1 0 0 -104 ] [ 0 -1 0 -528 ] 90 1 0.5
( 2120 24 -8712 ) ( 2120 25 -8712 ) ( 2121 24 -8712 ) rust1 [ 1 0 0 104 ] [ 0 -1 0 -528 ] 0 1 0.5
( 2120 296 -8888 ) ( 2121 296 -8888 ) ( 2120 296 -8887 ) rust1 [ -1 0 0 -104 ] [ 0 0 -1 -560 ] 0 1 0.5
( 2120 24 -8888 ) ( 2120 24 -8887 ) ( 2120 25 -8888 ) rust1 [ 0 1 0 -248 ] [ 0 0 -1 -560 ] 90 1 0.5
}
// brush 198
{
( 2088 -8 -8968 ) ( 2088 -7 -8968 ) ( 2088 -8 -8967 ) ddce50fbfd632458ae86b42a56caf875-dithered [ 0 -1 0 -8 ] [ 0 0 -1 -24 ] 180 1 1
( 2104 -8 -8968 ) ( 2104 -8 -8967 ) ( 2105 -8 -8968 ) ddce50fbfd632458ae86b42a56caf875-dithered [ 1 0 0 -232 ] [ 0 0 -1 -24 ] 270 1 1
( 2104 -8 -8968 ) ( 2105 -8 -8968 ) ( 2104 -7 -8968 ) ddce50fbfd632458ae86b42a56caf875-dithered [ -1 0 0 232 ] [ 0 -1 0 -8 ] 270 1 1
( 2120 8 -8696 ) ( 2120 9 -8696 ) ( 2121 8 -8696 ) ddce50fbfd632458ae86b42a56caf875-dithered [ 1 0 0 -232 ] [ 0 -1 0 -8 ] 270 1 1
( 2120 8 -8952 ) ( 2121 8 -8952 ) ( 2120 8 -8951 ) ddce50fbfd632458ae86b42a56caf875-dithered [ -1 0 0 232 ] [ 0 0 -1 -24 ] 270 1 1
( 2120 8 -8952 ) ( 2120 8 -8951 ) ( 2120 9 -8952 ) ddce50fbfd632458ae86b42a56caf875-dithered [ 0 1 0 8 ] [ 0 0 -1 -24 ] 270 1 1
}
// brush 199
{
( 1912 8 -8904 ) ( 1912 9 -8904 ) ( 1912 8 -8903 ) rust1 [ 0 -1 0 -528 ] [ 0 0 -1 -560 ] 90 0.5 0.5
( 1912 8 -8904 ) ( 1912 8 -8903 ) ( 1913 8 -8904 ) rust1 [ 1 0 0 -816 ] [ 0 0 -1 -560 ] 90 0.5 0.5
( 1912 8 -8904 ) ( 1913 8 -8904 ) ( 1912 9 -8904 ) rust1 [ -1 0 0 816 ] [ 0 -1 0 -528 ] 90 0.5 0.5
( 1928 72 -8712 ) ( 1928 73 -8712 ) ( 1929 72 -8712 ) rust1 [ 1 0 0 -816 ] [ 0 -1 0 -528 ] 0 0.5 0.5
( 1928 296 -8888 ) ( 1929 296 -8888 ) ( 1928 296 -8887 ) rust1 [ -1 0 0 816 ] [ 0 0 -1 -560 ] 0 0.5 0.5
( 1928 72 -8888 ) ( 1928 72 -8887 ) ( 1928 73 -8888 ) rust1 [ 0 1 0 528 ] [ 0 0 -1 -560 ] 90 0.5 0.5
}
// brush 200
{
( 1912 -8 -8968 ) ( 1912 -7 -8968 ) ( 1912 -8 -8967 ) ddce50fbfd632458ae86b42a56caf875-dithered [ 0 -1 0 -8 ] [ 0 0 -1 -24 ] 0 1 1
( 1912 -8 -8968 ) ( 1912 -8 -8967 ) ( 1913 -8 -8968 ) ddce50fbfd632458ae86b42a56caf875-dithered [ 1 0 0 -40 ] [ 0 0 -1 -24 ] 0 1 1
( 1912 -8 -8968 ) ( 1913 -8 -8968 ) ( 1912 -7 -8968 ) ddce50fbfd632458ae86b42a56caf875-dithered [ -1 0 0 40 ] [ 0 -1 0 -8 ] 0 1 1
( 1928 8 -8696 ) ( 1928 9 -8696 ) ( 1929 8 -8696 ) ddce50fbfd632458ae86b42a56caf875-dithered [ 1 0 0 -40 ] [ 0 -1 0 -8 ] 0 1 1
( 1928 8 -8952 ) ( 1929 8 -8952 ) ( 1928 8 -8951 ) ddce50fbfd632458ae86b42a56caf875-dithered [ -1 0 0 40 ] [ 0 0 -1 -24 ] 0 1 1
( 1928 8 -8952 ) ( 1928 8 -8951 ) ( 1928 9 -8952 ) ddce50fbfd632458ae86b42a56caf875-dithered [ 0 1 0 8 ] [ 0 0 -1 -24 ] 0 1 1
}
// brush 201
{
( 1912 296 -8968 ) ( 1912 297 -8968 ) ( 1912 296 -8967 ) ddce50fbfd632458ae86b42a56caf875-dithered [ 0 -1 0 40 ] [ 0 0 -1 -24 ] 0 1 1
( 1912 296 -8968 ) ( 1912 296 -8967 ) ( 1913 296 -8968 ) ddce50fbfd632458ae86b42a56caf875-dithered [ 1 0 0 -40 ] [ 0 0 -1 -24 ] 0 1 1
( 1912 296 -8968 ) ( 1913 296 -8968 ) ( 1912 297 -8968 ) ddce50fbfd632458ae86b42a56caf875-dithered [ -1 0 0 40 ] [ 0 -1 0 40 ] 0 1 1
( 1928 312 -8696 ) ( 1928 313 -8696 ) ( 1929 312 -8696 ) ddce50fbfd632458ae86b42a56caf875-dithered [ 1 0 0 -40 ] [ 0 -1 0 40 ] 90 1 1
( 1928 312 -8952 ) ( 1929 312 -8952 ) ( 1928 312 -8951 ) ddce50fbfd632458ae86b42a56caf875-dithered [ -1 0 0 40 ] [ 0 0 -1 -24 ] 0 1 1
( 1928 312 -8952 ) ( 1928 312 -8951 ) ( 1928 313 -8952 ) ddce50fbfd632458ae86b42a56caf875-dithered [ 0 1 0 -40 ] [ 0 0 -1 -24 ] 0 1 1
}
// brush 202
{
( 2472 8 -8904 ) ( 2472 9 -8904 ) ( 2472 8 -8903 ) rust1 [ 0 -1 0 248 ] [ 0 0 -1 -560 ] 0 1 0.5
( 2472 8 -8904 ) ( 2472 8 -8903 ) ( 2473 8 -8904 ) rust1 [ 1 0 0 -280 ] [ 0 0 -1 -560 ] 0 1 0.5
( 2472 8 -8904 ) ( 2473 8 -8904 ) ( 2472 9 -8904 ) rust1 [ -1 0 0 280 ] [ 0 -1 0 -528 ] 0 1 0.5
( 2504 24 -8712 ) ( 2504 25 -8712 ) ( 2505 24 -8712 ) rust1 [ 1 0 0 -280 ] [ 0 -1 0 -528 ] 270 1 0.5
( 2504 296 -8888 ) ( 2505 296 -8888 ) ( 2504 296 -8887 ) rust1 [ -1 0 0 280 ] [ 0 0 -1 -560 ] 270 1 0.5
( 2488 24 -8888 ) ( 2488 24 -8887 ) ( 2488 25 -8888 ) rust1 [ 0 1 0 -248 ] [ 0 0 -1 -560 ] 270 1 0.5
}
// brush 203
{
( 2472 -8 -8968 ) ( 2472 -7 -8968 ) ( 2472 -8 -8967 ) ddce50fbfd632458ae86b42a56caf875-dithered [ 0 -1 0 -8 ] [ 0 0 -1 -24 ] 90 1 1
( 2488 -8 -8968 ) ( 2488 -8 -8967 ) ( 2489 -8 -8968 ) ddce50fbfd632458ae86b42a56caf875-dithered [ 1 0 0 -104 ] [ 0 0 -1 -24 ] 180 1 1
( 2488 -8 -8968 ) ( 2489 -8 -8968 ) ( 2488 -7 -8968 ) ddce50fbfd632458ae86b42a56caf875-dithered [ -1 0 0 104 ] [ 0 -1 0 -8 ] 180 1 1
( 2504 8 -8696 ) ( 2504 9 -8696 ) ( 2505 8 -8696 ) ddce50fbfd632458ae86b42a56caf875-dithered [ 1 0 0 -104 ] [ 0 -1 0 -8 ] 0 1 1
( 2504 8 -8952 ) ( 2505 8 -8952 ) ( 2504 8 -8951 ) ddce50fbfd632458ae86b42a56caf875-dithered [ -1 0 0 104 ] [ 0 0 -1 -24 ] 180 1 1
( 2488 8 -8952 ) ( 2488 8 -8951 ) ( 2488 9 -8952 ) ddce50fbfd632458ae86b42a56caf875-dithered [ 0 1 0 8 ] [ 0 0 -1 -24 ] 90 1 1
}
// brush 204
{
( 2472 296 -8968 ) ( 2472 297 -8968 ) ( 2472 296 -8967 ) ddce50fbfd632458ae86b42a56caf875-dithered [ 0 -1 0 40 ] [ 0 0 -1 -24 ] 90 1 1
( 2488 296 -8968 ) ( 2488 296 -8967 ) ( 2489 296 -8968 ) ddce50fbfd632458ae86b42a56caf875-dithered [ 1 0 0 -104 ] [ 0 0 -1 -24 ] 180 1 1
( 2488 296 -8968 ) ( 2489 296 -8968 ) ( 2488 297 -8968 ) ddce50fbfd632458ae86b42a56caf875-dithered [ -1 0 0 104 ] [ 0 -1 0 40 ] 180 1 1
( 2504 312 -8696 ) ( 2504 313 -8696 ) ( 2505 312 -8696 ) ddce50fbfd632458ae86b42a56caf875-dithered [ 1 0 0 -104 ] [ 0 -1 0 40 ] 270 1 1
( 2504 312 -8952 ) ( 2505 312 -8952 ) ( 2504 312 -8951 ) ddce50fbfd632458ae86b42a56caf875-dithered [ -1 0 0 104 ] [ 0 0 -1 -24 ] 180 1 1
( 2488 312 -8952 ) ( 2488 312 -8951 ) ( 2488 313 -8952 ) ddce50fbfd632458ae86b42a56caf875-dithered [ 0 1 0 -40 ] [ 0 0 -1 -24 ] 90 1 1
}
// brush 205
{
( 2312 296 -8840 ) ( 2312 297 -8840 ) ( 2312 296 -8839 ) rust1 [ 0 -1 0 80 ] [ 0 0 -1 -432 ] 180 0.5 0.5
( 2312 296 -8840 ) ( 2312 296 -8839 ) ( 2313 296 -8840 ) rust1 [ 1 0 0 -560 ] [ 0 0 -1 -432 ] 180 0.5 0.5
( 2312 296 -8904 ) ( 2313 296 -8904 ) ( 2312 297 -8904 ) rust1 [ -1 0 0 560 ] [ 0 -1 0 80 ] 90 0.5 0.5
( 2472 312 -8712 ) ( 2472 313 -8712 ) ( 2473 312 -8712 ) rust1 [ 1 0 0 -560 ] [ 0 -1 0 80 ] 270 0.5 0.5
( 2472 312 -8824 ) ( 2473 312 -8824 ) ( 2472 312 -8823 ) rust1 [ -1 0 0 560 ] [ 0 0 -1 -432 ] 180 0.5 0.5
( 2472 312 -8824 ) ( 2472 312 -8823 ) ( 2472 313 -8824 ) rust1 [ 0 1 0 -80 ] [ 0 0 -1 -432 ] 180 0.5 0.5
}
// brush 206
{
( 2120 280 -8984 ) ( 2120 281 -8984 ) ( 2120 280 -8983 ) rust1 [ 0 -1 0 48 ] [ 0 0 -1 -720 ] 0 0.5 0.5
( 2120 280 -8984 ) ( 2120 280 -8983 ) ( 2121 280 -8984 ) rust1 [ 1 0 0 -176 ] [ 0 0 -1 -720 ] 0 0.5 0.5
( 2120 280 -8904 ) ( 2121 280 -8904 ) ( 2120 281 -8904 ) rust1 [ -1 0 0 176 ] [ 0 -1 0 48 ] 90 0.5 0.5
( 2280 296 -8712 ) ( 2280 297 -8712 ) ( 2281 296 -8712 ) rust1 [ 1 0 0 -176 ] [ 0 -1 0 48 ] 0 0.5 0.5
( 2280 296 -8968 ) ( 2281 296 -8968 ) ( 2280 296 -8967 ) rust1 [ -1 0 0 176 ] [ 0 0 -1 -720 ] 0 0.5 0.5
( 2280 296 -8968 ) ( 2280 296 -8967 ) ( 2280 297 -8968 ) rust1 [ 0 1 0 -48 ] [ 0 0 -1 -720 ] 0 0.5 0.5
}
// brush 207
{
( 1928 296 -9000 ) ( 1928 297 -9000 ) ( 1928 296 -8999 ) rust1 [ 0 -1 0 80 ] [ 0 0 -1 -752 ] 0 0.5 0.5
( 1928 296 -9000 ) ( 1928 296 -8999 ) ( 1929 296 -9000 ) rust1 [ 1 0 0 -816 ] [ 0 0 -1 -752 ] 0 0.5 0.5
( 1928 296 -8904 ) ( 1929 296 -8904 ) ( 1928 297 -8904 ) rust1 [ -1 0 0 816 ] [ 0 -1 0 80 ] 180 0.5 0.5
( 2088 312 -8712 ) ( 2088 313 -8712 ) ( 2089 312 -8712 ) rust1 [ 1 0 0 -816 ] [ 0 -1 0 80 ] 0 0.5 0.5
( 2088 312 -8984 ) ( 2089 312 -8984 ) ( 2088 312 -8983 ) rust1 [ -1 0 0 816 ] [ 0 0 -1 -752 ] 0 0.5 0.5
( 2088 312 -8984 ) ( 2088 312 -8983 ) ( 2088 313 -8984 ) rust1 [ 0 1 0 -80 ] [ 0 0 -1 -752 ] 0 0.5 0.5
}
// brush 208
{
( 2488 -8 -8968 ) ( 2488 -7 -8968 ) ( 2488 -8 -8967 ) concrete1 [ 0 -1 0 -232 ] [ 0 0 -1 -792 ] 180 1 1
( 2488 -8 -8968 ) ( 2488 -8 -8967 ) ( 2489 -8 -8968 ) concrete1 [ 1 0 0 -216 ] [ 0 0 -1 -792 ] 180 1 1
( 2488 -8 -8968 ) ( 2489 -8 -8968 ) ( 2488 -7 -8968 ) concrete1 [ -1 0 0 216 ] [ 0 -1 0 -232 ] 180 1 1
( 2616 24 -8664 ) ( 2616 25 -8664 ) ( 2617 24 -8664 ) concrete1 [ 1 0 0 -216 ] [ 0 -1 0 -232 ] 90 1 1
( 2616 312 -8952 ) ( 2617 312 -8952 ) ( 2616 312 -8951 ) concrete1 [ -1 0 0 216 ] [ 0 0 -1 -792 ] 0 1 1
( 2616 24 -8952 ) ( 2616 24 -8951 ) ( 2616 25 -8952 ) concrete1 [ 0 1 0 232 ] [ 0 0 -1 -792 ] 180 1 1
}
// brush 209
{
( 2280 8 -8904 ) ( 2280 9 -8904 ) ( 2280 8 -8903 ) rust1 [ 0 -1 0 -528 ] [ 0 0 -1 -560 ] 90 0.5 0.5
( 2280 8 -8904 ) ( 2280 8 -8903 ) ( 2281 8 -8904 ) rust1 [ 1 0 0 -816 ] [ 0 0 -1 -560 ] 90 0.5 0.5
( 2280 8 -8904 ) ( 2281 8 -8904 ) ( 2280 9 -8904 ) rust1 [ -1 0 0 816 ] [ 0 -1 0 -528 ] 90 0.5 0.5
( 2312 296 -8712 ) ( 2312 297 -8712 ) ( 2313 296 -8712 ) rust1 [ 1 0 0 -816 ] [ 0 -1 0 -528 ] 0 0.5 0.5
( 2312 296 -8888 ) ( 2313 296 -8888 ) ( 2312 296 -8887 ) rust1 [ -1 0 0 816 ] [ 0 0 -1 -560 ] 90 0.5 0.5
( 2312 296 -8888 ) ( 2312 296 -8887 ) ( 2312 297 -8888 ) rust1 [ 0 1 0 528 ] [ 0 0 -1 -560 ] 90 0.5 0.5
}
// brush 210
{
( 1864 344 -8984 ) ( 1864 345 -8984 ) ( 1864 344 -8983 ) 151-green-grass-texture-seamless-dithered [ 0 -1 0 24 ] [ 0 0 -1 -24 ] 90 1 1
( 1912 328 -8984 ) ( 1912 328 -8983 ) ( 1913 328 -8984 ) 151-green-grass-texture-seamless-dithered [ 1 0 0 -216 ] [ 0 0 -1 -24 ] 90 1 1
( 1912 344 -8984 ) ( 1913 344 -8984 ) ( 1912 345 -8984 ) 151-green-grass-texture-seamless-dithered [ -1 0 0 216 ] [ 0 -1 0 24 ] 180 1 1
( 2072 552 -8968 ) ( 2072 553 -8968 ) ( 2073 552 -8968 ) 151-green-grass-texture-seamless-dithered [ 1 0 0 -216 ] [ 0 -1 0 24 ] 180 1 1
( 2072 12832 -8968 ) ( 2073 12832 -8968 ) ( 2072 12832 -8967 ) 151-green-grass-texture-seamless-dithered [ -1 0 0 216 ] [ 0 0 -1 -24 ] 180 1 1
( 6168 552 -8968 ) ( 6168 552 -8967 ) ( 6168 553 -8968 ) 151-green-grass-texture-seamless-dithered [ 0 1 0 -24 ] [ 0 0 -1 -24 ] 270 1 1
}
// brush 211
{
( 2632 -1528 -8984 ) ( 2632 -1527 -8984 ) ( 2632 -1528 -8983 ) 151-green-grass-texture-seamless-dithered [ 0 -1 0 24 ] [ 0 0 -1 -24 ] 180 1 1
( 2632 -1528 -8984 ) ( 2632 -1528 -8983 ) ( 2633 -1528 -8984 ) 151-green-grass-texture-seamless-dithered [ 1 0 0 -216 ] [ 0 0 -1 -24 ] 180 1 1
( 2632 -1528 -8984 ) ( 2633 -1528 -8984 ) ( 2632 -1527 -8984 ) 151-green-grass-texture-seamless-dithered [ -1 0 0 216 ] [ 0 -1 0 24 ] 180 1 1
( 4616 328 -8968 ) ( 4616 329 -8968 ) ( 4617 328 -8968 ) 151-green-grass-texture-seamless-dithered [ 1 0 0 -216 ] [ 0 -1 0 24 ] 180 1 1
( 4616 328 -8968 ) ( 4617 328 -8968 ) ( 4616 328 -8967 ) 151-green-grass-texture-seamless-dithered [ -1 0 0 216 ] [ 0 0 -1 -24 ] 180 1 1
( 12928 328 -8968 ) ( 12928 328 -8967 ) ( 12928 329 -8968 ) 151-green-grass-texture-seamless-dithered [ 0 1 0 -24 ] [ 0 0 -1 -24 ] 0 1 1
}
// brush 212
{
( 1864 -1576 -8984 ) ( 1864 -1575 -8984 ) ( 1864 -1576 -8983 ) 151-green-grass-texture-seamless-dithered [ 0 -1 0 24 ] [ 0 0 -1 -24 ] 90 1 1
( 1912 -11304 -8984 ) ( 1912 -11304 -8983 ) ( 1913 -11304 -8984 ) 151-green-grass-texture-seamless-dithered [ 1 0 0 -216 ] [ 0 0 -1 -24 ] 0 1 1
( 1912 -1576 -8984 ) ( 1913 -1576 -8984 ) ( 1912 -1575 -8984 ) 151-green-grass-texture-seamless-dithered [ -1 0 0 216 ] [ 0 -1 0 24 ] 180 1 1
( 1992 -1544 -8968 ) ( 1992 -1543 -8968 ) ( 1993 -1544 -8968 ) 151-green-grass-texture-seamless-dithered [ 1 0 0 -216 ] [ 0 -1 0 24 ] 180 1 1
( 1992 -1528 -8968 ) ( 1993 -1528 -8968 ) ( 1992 -1528 -8967 ) 151-green-grass-texture-seamless-dithered [ -1 0 0 216 ] [ 0 0 -1 -24 ] 90 1 1
( 13184 -1544 -8968 ) ( 13184 -1544 -8967 ) ( 13184 -1543 -8968 ) 151-green-grass-texture-seamless-dithered [ 0 1 0 -24 ] [ 0 0 -1 -24 ] 180 1 1
}
// brush 213
{
( 1864 -856 -8680 ) ( 1864 -855 -8680 ) ( 1864 -856 -8679 ) concrete1 [ 0 -1 0 -232 ] [ 0 0 -1 -792 ] 180 1 1
( 1864 -952 -8680 ) ( 1864 -952 -8679 ) ( 1865 -952 -8680 ) concrete1 [ 1 0 0 -216 ] [ 0 0 -1 -792 ] 90 1 1
( 1864 -856 -8712 ) ( 1865 -856 -8712 ) ( 1864 -855 -8712 ) concrete1 [ -1 0 0 216 ] [ 0 -1 0 -232 ] 90 1 1
( 1912 -840 -8664 ) ( 1912 -839 -8664 ) ( 1913 -840 -8664 ) concrete1 [ 1 0 0 -216 ] [ 0 -1 0 -232 ] 180 1 1
( 1912 -840 -8664 ) ( 1913 -840 -8664 ) ( 1912 -840 -8663 ) concrete1 [ -1 0 0 216 ] [ 0 0 -1 -792 ] 180 1 1
( 1912 -840 -8664 ) ( 1912 -840 -8663 ) ( 1912 -839 -8664 ) concrete1 [ 0 1 0 232 ] [ 0 0 -1 -792 ] 180 1 1
}
// brush 214
{
( 1864 -280 -8680 ) ( 1864 -279 -8680 ) ( 1864 -280 -8679 ) concrete1 [ 0 -1 0 -232 ] [ 0 0 -1 -792 ] 0 1 1
( 1880 -360 -8680 ) ( 1880 -360 -8679 ) ( 1881 -360 -8680 ) concrete1 [ 1 0 0 -216 ] [ 0 0 -1 -792 ] 90 1 1
( 1880 -280 -8712 ) ( 1881 -280 -8712 ) ( 1880 -279 -8712 ) concrete1 [ -1 0 0 216 ] [ 0 -1 0 -232 ] 0 1 1
( 1896 -248 -8664 ) ( 1896 -247 -8664 ) ( 1897 -248 -8664 ) concrete1 [ 1 0 0 -216 ] [ 0 -1 0 -232 ] 180 1 1
( 1896 -248 -8664 ) ( 1897 -248 -8664 ) ( 1896 -248 -8663 ) concrete1 [ -1 0 0 216 ] [ 0 0 -1 -792 ] 180 1 1
( 1912 -248 -8664 ) ( 1912 -248 -8663 ) ( 1912 -247 -8664 ) concrete1 [ 0 1 0 232 ] [ 0 0 -1 -792 ] 90 1 1
}
// brush 215
{
( -4344 -2856 -8968 ) ( -4344 -2855 -8968 ) ( -4344 -2856 -8967 ) 6130c9ca365d42d02a2d52637615d1c4-dithered [ 0 -1 0 24 ] [ 0 0 -1 -24 ] 90 1 1
( -4328 -2872 -8968 ) ( -4328 -2872 -8967 ) ( -4327 -2872 -8968 ) 6130c9ca365d42d02a2d52637615d1c4-dithered [ 1 0 0 -216 ] [ 0 0 -1 -24 ] 90 1 1
( -4328 -2856 -8968 ) ( -4327 -2856 -8968 ) ( -4328 -2855 -8968 ) 6130c9ca365d42d02a2d52637615d1c4-dithered [ -1 0 0 216 ] [ 0 -1 0 24 ] 180 1 1
( -4296 -2824 -8552 ) ( -4296 -2823 -8552 ) ( -4295 -2824 -8552 ) 6130c9ca365d42d02a2d52637615d1c4-dithered [ 1 0 0 -216 ] [ 0 -1 0 24 ] 90 1 1
( -4296 -2824 -8952 ) ( -4295 -2824 -8952 ) ( -4296 -2824 -8951 ) 6130c9ca365d42d02a2d52637615d1c4-dithered [ -1 0 0 216 ] [ 0 0 -1 -24 ] 180 1 1
( -4296 -2824 -8952 ) ( -4296 -2824 -8951 ) ( -4296 -2823 -8952 ) 6130c9ca365d42d02a2d52637615d1c4-dithered [ 0 1 0 -24 ] [ 0 0 -1 -24 ] 180 1 1
}
// brush 216
{
( -4344 -2824 -8968 ) ( -4344 -2823 -8968 ) ( -4344 -2824 -8967 ) fence1_a [ 0 -1 0 888 ] [ 0 0 -1 -888 ] 90 0.2 0.2
( -4328 -2824 -8968 ) ( -4328 -2824 -8967 ) ( -4327 -2824 -8968 ) fence1_a [ 1 0 0 -56 ] [ 0 0 -1 -888 ] 180 0.2 0.2
( -4328 -2824 -8968 ) ( -4327 -2824 -8968 ) ( -4328 -2823 -8968 ) fence1_a [ -1 0 0 56 ] [ 0 -1 0 888 ] 180 0.2 0.2
( -4296 -2776 -8552 ) ( -4296 -2775 -8552 ) ( -4295 -2776 -8552 ) fence1_a [ 1 0 0 -56 ] [ 0 -1 0 888 ] 90 0.2 0.2
( -4296 9208 -8952 ) ( -4295 9208 -8952 ) ( -4296 9208 -8951 ) fence1_a [ -1 0 0 56 ] [ 0 0 -1 -888 ] 0 0.2 0.2
( -4296 -2776 -8952 ) ( -4296 -2776 -8951 ) ( -4296 -2775 -8952 ) fence1_a [ 0 1 0 -888 ] [ 0 0 -1 -888 ] 180 0.2 0.2
}
// brush 217
{
( -4296 9240 -8952 ) ( -4296 9241 -8952 ) ( -4296 9240 -8951 ) fence1_a [ -6.123233995736766e-17 -1 0 152 ] [ 0 0 -1 -888 ] 0 0.2 0.2
( 7736 9208 -8968 ) ( 7735 9208 -8968 ) ( 7736 9208 -8967 ) fence1_a [ 1 -6.123233995736766e-17 0 -120 ] [ 0 0 -1 -888 ] 180 0.2 0.2
( 7736 9208 -8968 ) ( 7736 9209 -8968 ) ( 7735 9208 -8968 ) fence1_a [ -6.123233995736766e-17 -1 0 152 ] [ 1 -6.123233995736766e-17 0 -120 ] 270 0.2 0.2
( 7688 9240 -8552 ) ( 7687 9240 -8552 ) ( 7688 9241 -8552 ) fence1_a [ 6.123233995736766e-17 1 0 -152 ] [ 1 -6.123233995736766e-17 0 -120 ] 0 0.2 0.2
( 7688 9256 -8952 ) ( 7688 9256 -8951 ) ( 7687 9256 -8952 ) fence1_a [ -1 6.123233995736766e-17 0 120 ] [ 0 0 -1 -888 ] 0 0.2 0.2
( 7736 9208 -8968 ) ( 7736 9208 -8967 ) ( 7736 9209 -8968 ) fence1_a [ 6.123233995736766e-17 1 0 -152 ] [ 0 0 -1 -888 ] 180 0.2 0.2
}
// brush 218
{
( -4296 -2824 -8952 ) ( -4296 -2823 -8952 ) ( -4296 -2824 -8951 ) fence1_a [ -6.123233995736766e-17 -1 0 248 ] [ 0 0 -1 -888 ] 90 0.2 0.2
( 7736 -2872 -8968 ) ( 7735 -2872 -8968 ) ( 7736 -2872 -8967 ) fence1_a [ 1 -6.123233995736766e-17 0 -120 ] [ 0 0 -1 -888 ] 180 0.2 0.2
( 7736 -2856 -8968 ) ( 7736 -2855 -8968 ) ( 7735 -2856 -8968 ) fence1_a [ -6.123233995736766e-17 -1 0 248 ] [ 1 -6.123233995736766e-17 0 -120 ] 0 0.2 0.2
( 7688 -2824 -8552 ) ( 7687 -2824 -8552 ) ( 7688 -2823 -8552 ) fence1_a [ 6.123233995736766e-17 1 0 -248 ] [ 1 -6.123233995736766e-17 0 -120 ] 90 0.2 0.2
( 7688 -2824 -8952 ) ( 7688 -2824 -8951 ) ( 7687 -2824 -8952 ) fence1_a [ -1 6.123233995736766e-17 0 120 ] [ 0 0 -1 -888 ] 270 0.2 0.2
( 7736 -2856 -8968 ) ( 7736 -2856 -8967 ) ( 7736 -2855 -8968 ) fence1_a [ 6.123233995736766e-17 1 0 -248 ] [ 0 0 -1 -888 ] 270 0.2 0.2
}
// brush 219
{
( 7736 -2824 -8968 ) ( 7736 -2823 -8968 ) ( 7736 -2824 -8967 ) fence1_a [ 0 -1 0 888 ] [ 0 0 -1 -888 ] 90 0.2 0.2
( 7736 -2824 -8968 ) ( 7736 -2824 -8967 ) ( 7737 -2824 -8968 ) fence1_a [ 1 0 0 -984 ] [ 0 0 -1 -888 ] 90 0.2 0.2
( 7736 -2824 -8968 ) ( 7737 -2824 -8968 ) ( 7736 -2823 -8968 ) fence1_a [ -1 0 0 984 ] [ 0 -1 0 888 ] 90 0.2 0.2
( 7768 -2776 -8552 ) ( 7768 -2775 -8552 ) ( 7769 -2776 -8552 ) fence1_a [ 1 0 0 -984 ] [ 0 -1 0 888 ] 0 0.2 0.2
( 7768 9208 -8952 ) ( 7769 9208 -8952 ) ( 7768 9208 -8951 ) fence1_a [ -1 0 0 984 ] [ 0 0 -1 -888 ] 270 0.2 0.2
( 7784 -2776 -8952 ) ( 7784 -2776 -8951 ) ( 7784 -2775 -8952 ) fence1_a [ 0 1 0 -888 ] [ 0 0 -1 -888 ] 180 0.2 0.2
}
// brush 220
{
( 7736 -2872 -8968 ) ( 7736 -2871 -8968 ) ( 7736 -2872 -8967 ) 6130c9ca365d42d02a2d52637615d1c4-dithered [ 0 -1 0 24 ] [ 0 0 -1 -24 ] 180 1 1
( 7736 -2872 -8968 ) ( 7736 -2872 -8967 ) ( 7737 -2872 -8968 ) 6130c9ca365d42d02a2d52637615d1c4-dithered [ 1 0 0 -216 ] [ 0 0 -1 -24 ] 180 1 1
( 7736 -2872 -8968 ) ( 7737 -2872 -8968 ) ( 7736 -2871 -8968 ) 6130c9ca365d42d02a2d52637615d1c4-dithered [ -1 0 0 216 ] [ 0 -1 0 24 ] 180 1 1
( 7784 -2824 -8552 ) ( 7784 -2823 -8552 ) ( 7785 -2824 -8552 ) 6130c9ca365d42d02a2d52637615d1c4-dithered [ 1 0 0 -216 ] [ 0 -1 0 24 ] 90 1 1
( 7784 -2824 -8952 ) ( 7785 -2824 -8952 ) ( 7784 -2824 -8951 ) 6130c9ca365d42d02a2d52637615d1c4-dithered [ -1 0 0 216 ] [ 0 0 -1 -24 ] 180 1 1
( 7784 -2824 -8952 ) ( 7784 -2824 -8951 ) ( 7784 -2823 -8952 ) 6130c9ca365d42d02a2d52637615d1c4-dithered [ 0 1 0 -24 ] [ 0 0 -1 -24 ] 180 1 1
}
// brush 221
{
( 7736 9208 -8968 ) ( 7736 9209 -8968 ) ( 7736 9208 -8967 ) 6130c9ca365d42d02a2d52637615d1c4-dithered [ 0 -1 0 24 ] [ 0 0 -1 -24 ] 180 1 1
( 7736 9208 -8968 ) ( 7736 9208 -8967 ) ( 7737 9208 -8968 ) 6130c9ca365d42d02a2d52637615d1c4-dithered [ 1 0 0 -216 ] [ 0 0 -1 -24 ] 180 1 1
( 7736 9208 -8968 ) ( 7737 9208 -8968 ) ( 7736 9209 -8968 ) 6130c9ca365d42d02a2d52637615d1c4-dithered [ -1 0 0 216 ] [ 0 -1 0 24 ] 180 1 1
( 7784 9272 -8552 ) ( 7784 9273 -8552 ) ( 7785 9272 -8552 ) 6130c9ca365d42d02a2d52637615d1c4-dithered [ 1 0 0 -216 ] [ 0 -1 0 24 ] 90 1 1
( 7784 9256 -8952 ) ( 7785 9256 -8952 ) ( 7784 9256 -8951 ) 6130c9ca365d42d02a2d52637615d1c4-dithered [ -1 0 0 216 ] [ 0 0 -1 -24 ] 90 1 1
( 7784 9272 -8952 ) ( 7784 9272 -8951 ) ( 7784 9273 -8952 ) 6130c9ca365d42d02a2d52637615d1c4-dithered [ 0 1 0 -24 ] [ 0 0 -1 -24 ] 0 1 1
}
// brush 222
{
( -4344 9208 -8968 ) ( -4344 9209 -8968 ) ( -4344 9208 -8967 ) 6130c9ca365d42d02a2d52637615d1c4-dithered [ 0 -1 0 24 ] [ 0 0 -1 -24 ] 180 1 1
( -4344 9208 -8968 ) ( -4344 9208 -8967 ) ( -4343 9208 -8968 ) 6130c9ca365d42d02a2d52637615d1c4-dithered [ 1 0 0 -216 ] [ 0 0 -1 -24 ] 180 1 1
( -4344 9208 -8968 ) ( -4343 9208 -8968 ) ( -4344 9209 -8968 ) 6130c9ca365d42d02a2d52637615d1c4-dithered [ -1 0 0 216 ] [ 0 -1 0 24 ] 180 1 1
( -4296 9256 -8552 ) ( -4296 9257 -8552 ) ( -4295 9256 -8552 ) 6130c9ca365d42d02a2d52637615d1c4-dithered [ 1 0 0 -216 ] [ 0 -1 0 24 ] 0 1 1
( -4296 9256 -8952 ) ( -4295 9256 -8952 ) ( -4296 9256 -8951 ) 6130c9ca365d42d02a2d52637615d1c4-dithered [ -1 0 0 216 ] [ 0 0 -1 -24 ] 180 1 1
( -4296 9256 -8952 ) ( -4296 9256 -8951 ) ( -4296 9257 -8952 ) 6130c9ca365d42d02a2d52637615d1c4-dithered [ 0 1 0 -24 ] [ 0 0 -1 -24 ] 180 1 1
}
// brush 223
{
( 1864 -952 -8984 ) ( 1864 -951 -8984 ) ( 1864 -952 -8983 ) 3084c9846583f3b4ca028f21f812cf76-dithered [ 0 -1 0 24 ] [ 0 0 -1 -24 ] 180 1 1
( 1864 -952 -8984 ) ( 1864 -952 -8983 ) ( 1865 -952 -8984 ) 3084c9846583f3b4ca028f21f812cf76-dithered [ 1 0 0 -216 ] [ 0 0 -1 -24 ] 180 1 1
( 1864 -952 -8984 ) ( 1865 -952 -8984 ) ( 1864 -951 -8984 ) 3084c9846583f3b4ca028f21f812cf76-dithered [ -1 0 0 216 ] [ 0 -1 0 24 ] 180 1 1
( 1912 -840 -8968 ) ( 1912 -839 -8968 ) ( 1913 -840 -8968 ) 3084c9846583f3b4ca028f21f812cf76-dithered [ 1 0 0 -216 ] [ 0 -1 0 24 ] 180 1 1
( 1912 -840 -8968 ) ( 1913 -840 -8968 ) ( 1912 -840 -8967 ) 3084c9846583f3b4ca028f21f812cf76-dithered [ -1 0 0 216 ] [ 0 0 -1 -24 ] 180 1 1
( 1912 -840 -8968 ) ( 1912 -840 -8967 ) ( 1912 -839 -8968 ) 3084c9846583f3b4ca028f21f812cf76-dithered [ 0 1 0 -24 ] [ 0 0 -1 -24 ] 180 1 1
}
// brush 224
{
( 1864 -360 -8984 ) ( 1864 -359 -8984 ) ( 1864 -360 -8983 ) 3084c9846583f3b4ca028f21f812cf76-dithered [ 0 -1 0 24 ] [ 0 0 -1 -24 ] 180 1 1
( 1864 -360 -8984 ) ( 1864 -360 -8983 ) ( 1865 -360 -8984 ) 3084c9846583f3b4ca028f21f812cf76-dithered [ 1 0 0 -216 ] [ 0 0 -1 -24 ] 180 1 1
( 1864 -360 -8984 ) ( 1865 -360 -8984 ) ( 1864 -359 -8984 ) 3084c9846583f3b4ca028f21f812cf76-dithered [ -1 0 0 216 ] [ 0 -1 0 24 ] 180 1 1
( 1880 -248 -8968 ) ( 1880 -247 -8968 ) ( 1881 -248 -8968 ) 3084c9846583f3b4ca028f21f812cf76-dithered [ 1 0 0 -216 ] [ 0 -1 0 24 ] 180 1 1
( 1880 -248 -8968 ) ( 1881 -248 -8968 ) ( 1880 -248 -8967 ) 3084c9846583f3b4ca028f21f812cf76-dithered [ -1 0 0 216 ] [ 0 0 -1 -24 ] 180 1 1
( 1912 -248 -8968 ) ( 1912 -248 -8967 ) ( 1912 -247 -8968 ) 3084c9846583f3b4ca028f21f812cf76-dithered [ 0 1 0 -24 ] [ 0 0 -1 -24 ] 90 1 1
}
// brush 225
{
( -3432 7768 -8968 ) ( -3432 7769 -8968 ) ( -3432 7768 -8967 ) rocks4 [ 0 -1 0 736 ] [ 0 0 -1 -752 ] 0 0.1 0.1
( -3432 6952 -8968 ) ( -3432 6952 -8967 ) ( -3431 6952 -8968 ) rocks4 [ 1 0 0 -240 ] [ 0 0 -1 -752 ] 180 0.1 0.1
( -3432 7768 -9096 ) ( -3431 7768 -9096 ) ( -3432 7769 -9096 ) rocks4 [ -1 0 0 240 ] [ 0 -1 0 736 ] 180 0.1 0.1
( -3400 8184 -8856 ) ( -3400 8185 -8856 ) ( -3399 8184 -8856 ) rocks4 [ 1 0 0 -240 ] [ 0 -1 0 736 ] 270 0.1 0.1
( -3400 8712 -8952 ) ( -3399 8712 -8952 ) ( -3400 8712 -8951 ) rocks4 [ -1 0 0 240 ] [ 0 0 -1 -752 ] 270 0.1 0.1
( -2248 8184 -8952 ) ( -2248 8184 -8951 ) ( -2248 8185 -8952 ) rocks4 [ 0 1 0 -736 ] [ 0 0 -1 -752 ] 270 0.1 0.1
}
// brush 226
{
( -2248 7752 -8968 ) ( -2248 7753 -8968 ) ( -2248 7752 -8967 ) rocks4 [ 0 -1 0 576 ] [ 0 0 -1 -752 ] 90 0.1 0.1
( -2904 8088 -8968 ) ( -2904 8088 -8967 ) ( -2903 8088 -8968 ) rocks4 [ 1 0 0 -400 ] [ 0 0 -1 -752 ] 180 0.1 0.1
( -2904 7752 -8968 ) ( -2903 7752 -8968 ) ( -2904 7753 -8968 ) rocks4 [ -1 0 0 400 ] [ 0 -1 0 576 ] 180 0.1 0.1
( -2872 8168 -8856 ) ( -2872 8169 -8856 ) ( -2871 8168 -8856 ) rocks4 [ 1 0 0 -400 ] [ 0 -1 0 576 ] 90 0.1 0.1
( -2872 8712 -8952 ) ( -2871 8712 -8952 ) ( -2872 8712 -8951 ) rocks4 [ -1 0 0 400 ] [ 0 0 -1 -752 ] 0 0.1 0.1
( -1944 8168 -8952 ) ( -1944 8168 -8951 ) ( -1944 8169 -8952 ) rocks4 [ 0 1 0 -576 ] [ 0 0 -1 -752 ] 270 0.1 0.1
}
// brush 227
{
( -2200 8088 -8968 ) ( -2200 8088 -8840 ) ( -2200 7880 -8968 ) dc480092d72e44f176508e89742c37ee-dithered [ 0 -1 0 72.00049 ] [ 0 0 -1 -24 ] 270 1 1
( -2200 8088 -8840 ) ( -1992 8088 -8840 ) ( -1992 7880 -8968 ) dc480092d72e44f176508e89742c37ee-dithered [ 1 0 0 -216 ] [ 0 1 -2.220446049250313e-16 -216 ] 270 1 1
( -1992 7880 -8968 ) ( -1992 8088 -8968 ) ( -2200 8088 -8968 ) dc480092d72e44f176508e89742c37ee-dithered [ -1 0 0 216 ] [ 0 -1 0 72 ] 270 1 1
( -1992 8088 -8968 ) ( -1992 8088 -8840 ) ( -2200 8088 -8840 ) dc480092d72e44f176508e89742c37ee-dithered [ -1 0 0 216 ] [ 0 0 -1 -24 ] 270 1 1
( -1992 7880 -8968 ) ( -1992 8088 -8840 ) ( -1992 8088 -8968 ) dc480092d72e44f176508e89742c37ee-dithered [ 0 1 0 -72.00049 ] [ 0 0 -1 -24 ] 270 1 1
}
// brush 228
{
( -3400 8120 -8856 ) ( -3400 8121 -8856 ) ( -3400 8120 -8855 ) dc480092d72e44f176508e89742c37ee-dithered [ 0 -1 0 24 ] [ 0 0 -1 -24 ] 0 1 1
( -2216 8136 -8856 ) ( -2216 8136 -8855 ) ( -2215 8136 -8856 ) dc480092d72e44f176508e89742c37ee-dithered [ 1 0 0 -216 ] [ 0 0 -1 -24 ] 90 1 1
( -2216 8120 -8856 ) ( -2215 8120 -8856 ) ( -2216 8121 -8856 ) dc480092d72e44f176508e89742c37ee-dithered [ -1 0 0 216 ] [ 0 -1 0 24 ] 180 1 1
( -1960 8344 -8840 ) ( -1960 8345 -8840 ) ( -1959 8344 -8840 ) dc480092d72e44f176508e89742c37ee-dithered [ 1 0 0 -216 ] [ 0 -1 0 24 ] 180 1 1
( -1960 8680 -8840 ) ( -1959 8680 -8840 ) ( -1960 8680 -8839 ) dc480092d72e44f176508e89742c37ee-dithered [ -1 0 0 216 ] [ 0 0 -1 -24 ] 0 1 1
( -1976 8344 -8840 ) ( -1976 8344 -8839 ) ( -1976 8345 -8840 ) dc480092d72e44f176508e89742c37ee-dithered [ 0 1 0 -24 ] [ 0 0 -1 -24 ] 90 1 1
}
// brush 229
{
( -3400 6984 -8856 ) ( -3400 6985 -8856 ) ( -3400 6984 -8855 ) dc480092d72e44f176508e89742c37ee-dithered [ 0 -1 0 24 ] [ 0 0 -1 -24 ] 90 1 1
( -3416 6984 -8856 ) ( -3416 6984 -8855 ) ( -3415 6984 -8856 ) dc480092d72e44f176508e89742c37ee-dithered [ 1 0 0 -216 ] [ 0 0 -1 -24 ] 180 1 1
( -3416 6984 -8856 ) ( -3415 6984 -8856 ) ( -3416 6985 -8856 ) dc480092d72e44f176508e89742c37ee-dithered [ -1 0 0 216 ] [ 0 -1 0 24 ] 180 1 1
( -2280 8120 -8840 ) ( -2280 8121 -8840 ) ( -2279 8120 -8840 ) dc480092d72e44f176508e89742c37ee-dithered [ 1 0 0 -216 ] [ 0 -1 0 24 ] 180 1 1
( -2280 8136 -8840 ) ( -2279 8136 -8840 ) ( -2280 8136 -8839 ) dc480092d72e44f176508e89742c37ee-dithered [ -1 0 0 216 ] [ 0 0 -1 -24 ] 90 1 1
( -2280 8120 -8840 ) ( -2280 8120 -8839 ) ( -2280 8121 -8840 ) dc480092d72e44f176508e89742c37ee-dithered [ 0 1 0 -24 ] [ 0 0 -1 -24 ] 180 1 1
}
// brush 230
{
( -2200 8088 -8856 ) ( -2200 8089 -8856 ) ( -2200 8088 -8855 ) dc480092d72e44f176508e89742c37ee-dithered [ 0 -1 0 24 ] [ 0 0 -1 -24 ] 180 1 1
( -2200 8088 -8856 ) ( -2200 8088 -8855 ) ( -2199 8088 -8856 ) dc480092d72e44f176508e89742c37ee-dithered [ 1 0 0 -216 ] [ 0 0 -1 -24 ] 180 1 1
( -2200 8088 -8856 ) ( -2199 8088 -8856 ) ( -2200 8089 -8856 ) dc480092d72e44f176508e89742c37ee-dithered [ -1 0 0 216 ] [ 0 -1 0 24 ] 180 1 1
( -1992 8136 -8840 ) ( -1992 8137 -8840 ) ( -1991 8136 -8840 ) dc480092d72e44f176508e89742c37ee-dithered [ 1 0 0 -216 ] [ 0 -1 0 24 ] 180 1 1
( -1992 8136 -8840 ) ( -1991 8136 -8840 ) ( -1992 8136 -8839 ) dc480092d72e44f176508e89742c37ee-dithered [ -1 0 0 216 ] [ 0 0 -1 -24 ] 180 1 1
( -1992 8136 -8840 ) ( -1992 8136 -8839 ) ( -1992 8137 -8840 ) dc480092d72e44f176508e89742c37ee-dithered [ 0 1 0 -24 ] [ 0 0 -1 -24 ] 180 1 1
}
// brush 231
{
( -3752 8712 -8984 ) ( -3752 8713 -8984 ) ( -3752 8712 -8983 ) 83d7c8c4a8810200ff49234d529de628-dithered [ 0 -1 0 24 ] [ 0 0 -1 -24 ] 180 1 1
( -3368 8408 -8984 ) ( -3368 8408 -8983 ) ( -3367 8408 -8984 ) 83d7c8c4a8810200ff49234d529de628-dithered [ 1 0 0 -216 ] [ 0 0 -1 -24 ] 270 1 1
( -3368 8712 -9112 ) ( -3367 8712 -9112 ) ( -3368 8713 -9112 ) 83d7c8c4a8810200ff49234d529de628-dithered [ -1 0 0 216 ] [ 0 -1 0 24 ] 270 1 1
( -3304 8744 -8968 ) ( -3304 8745 -8968 ) ( -3303 8744 -8968 ) 83d7c8c4a8810200ff49234d529de628-dithered [ 1 0 0 -216 ] [ 0 -1 0 24 ] 180 1 1
( -3304 8712 -8968 ) ( -3303 8712 -8968 ) ( -3304 8712 -8967 ) 83d7c8c4a8810200ff49234d529de628-dithered [ -1 0 0 216 ] [ 0 0 -1 -24 ] 90 1 1
( -3384 8744 -8968 ) ( -3384 8744 -8967 ) ( -3384 8745 -8968 ) 83d7c8c4a8810200ff49234d529de628-dithered [ 0 1 0 -24 ] [ 0 0 -1 -24 ] 270 1 1
}
// brush 232
{
( -3800 8488 -8984 ) ( -3800 8489 -8984 ) ( -3800 8488 -8983 ) 83d7c8c4a8810200ff49234d529de628-dithered [ 0 -1 0 24 ] [ 0 0 -1 -24 ] 90 1 1
( -3784 7352 -8984 ) ( -3784 7352 -8983 ) ( -3783 7352 -8984 ) 83d7c8c4a8810200ff49234d529de628-dithered [ 1 0 0 -216 ] [ 0 0 -1 -24 ] 0 1 1
( -3784 8488 -9432 ) ( -3783 8488 -9432 ) ( -3784 8489 -9432 ) 83d7c8c4a8810200ff49234d529de628-dithered [ -1 0 0 216 ] [ 0 -1 0 24 ] 0 1 1
( -3752 8712 -8968 ) ( -3752 8713 -8968 ) ( -3751 8712 -8968 ) 83d7c8c4a8810200ff49234d529de628-dithered [ 1 0 0 -216 ] [ 0 -1 0 24 ] 180 1 1
( -3752 8712 -8968 ) ( -3751 8712 -8968 ) ( -3752 8712 -8967 ) 83d7c8c4a8810200ff49234d529de628-dithered [ -1 0 0 216 ] [ 0 0 -1 -24 ] 180 1 1
( -3752 8712 -8968 ) ( -3752 8712 -8967 ) ( -3752 8713 -8968 ) 83d7c8c4a8810200ff49234d529de628-dithered [ 0 1 0 -24 ] [ 0 0 -1 -24 ] 180 1 1
}
// brush 233
{
( -3752 8680 -9112 ) ( -3752 8681 -9112 ) ( -3752 8680 -9111 ) 83d7c8c4a8810200ff49234d529de628-dithered [ 0 -1 0 24 ] [ 0 0 -1 -24 ] 180 1 1
( -3752 8680 -9112 ) ( -3752 8680 -9111 ) ( -3751 8680 -9112 ) 83d7c8c4a8810200ff49234d529de628-dithered [ 1 0 0 -216 ] [ 0 0 -1 -24 ] 180 1 1
( -3752 8680 -10784 ) ( -3751 8680 -10784 ) ( -3752 8681 -10784 ) 83d7c8c4a8810200ff49234d529de628-dithered [ -1 0 0 216 ] [ 0 -1 0 24 ] 180 1 1
( -3432 8712 -9096 ) ( -3432 8713 -9096 ) ( -3431 8712 -9096 ) 83d7c8c4a8810200ff49234d529de628-dithered [ 1 0 0 -216 ] [ 0 -1 0 24 ] 180 1 1
( -3432 8712 -9096 ) ( -3431 8712 -9096 ) ( -3432 8712 -9095 ) 83d7c8c4a8810200ff49234d529de628-dithered [ -1 0 0 216 ] [ 0 0 -1 -24 ] 180 1 1
( -656 8712 -9096 ) ( -656 8712 -9095 ) ( -656 8713 -9096 ) 83d7c8c4a8810200ff49234d529de628-dithered [ 0 1 0 -24 ] [ 0 0 -1 -24 ] 180 1 1
}
// brush 234
{
( -3432 8360 -9112 ) ( -3432 8361 -9112 ) ( -3432 8360 -9111 ) 83d7c8c4a8810200ff49234d529de628-dithered [ 0 -1 0 24 ] [ 0 0 -1 -24 ] 180 1 1
( -3432 6080 -9112 ) ( -3432 6080 -9111 ) ( -3431 6080 -9112 ) 83d7c8c4a8810200ff49234d529de628-dithered [ 1 0 0 -216 ] [ 0 0 -1 -24 ] 270 1 1
( -3432 8360 -10624 ) ( -3431 8360 -10624 ) ( -3432 8361 -10624 ) 83d7c8c4a8810200ff49234d529de628-dithered [ -1 0 0 216 ] [ 0 -1 0 24 ] 0 1 1
( -3416 8408 -9096 ) ( -3416 8409 -9096 ) ( -3415 8408 -9096 ) 83d7c8c4a8810200ff49234d529de628-dithered [ 1 0 0 -216 ] [ 0 -1 0 24 ] 180 1 1
( -3416 8408 -9096 ) ( -3415 8408 -9096 ) ( -3416 8408 -9095 ) 83d7c8c4a8810200ff49234d529de628-dithered [ -1 0 0 216 ] [ 0 0 -1 -24 ] 180 1 1
( -3384 8408 -9096 ) ( -3384 8408 -9095 ) ( -3384 8409 -9096 ) 83d7c8c4a8810200ff49234d529de628-dithered [ 0 1 0 -24 ] [ 0 0 -1 -24 ] 90 1 1
}
// brush 235
{
( -3408 8680 -9432 ) ( -3408 8400 -9432 ) ( -3408 8400 -10624 ) bf205c89ad779da0946fc7251afffe86-dithered [ -2.220446049250313e-16 0 -1 -48 ] [ 0 -1 0 240 ] 0 0.1 0.1
( -3408 8400 -9432 ) ( -1056 8400 -10624 ) ( -3408 8400 -10624 ) bf205c89ad779da0946fc7251afffe86-dithered [ 1 0 0 80 ] [ 0 0 -1 -240 ] 180 0.1 0.1
( -1056 8400 -10624 ) ( -1056 8680 -10624 ) ( -3408 8680 -10624 ) bf205c89ad779da0946fc7251afffe86-dithered [ -1 0 0 -80 ] [ 0 -1 0 240 ] 0 0.1 0.1
( -3408 8680 -10624 ) ( -1056 8680 -10624 ) ( -3408 8680 -9432 ) bf205c89ad779da0946fc7251afffe86-dithered [ -1 0 0 -80 ] [ 0 -2.220446049250313e-16 1 224 ] 0 0.1 0.1
( -3404.7741377247166 8680 -9425.634875778971 ) ( -1052.7741377247166 8680 -10617.634875778971 ) ( -1052.7741377247166 8400 -10617.634875778971 ) bf205c89ad779da0946fc7251afffe86-dithered [ 1 0 0 47.740234 ] [ 0 -1 0 240 ] 270 0.1 0.1
}
// brush 236
{
( -3752 8408 -9432 ) ( -3752 7368 -8968 ) ( -3752 7352 -8968 ) 83d7c8c4a8810200ff49234d529de628-dithered [ 0 -1 0 24 ] [ 0 0 -1 -24 ] 180 1 1
( -3752 7352 -8968 ) ( -3432 7352 -8968 ) ( -3432 7352 -9432 ) 83d7c8c4a8810200ff49234d529de628-dithered [ 1 0 0 -216 ] [ 0 0 -1 -24 ] 90 1 1
( -3432 7352 -9432 ) ( -3432 8408 -9432 ) ( -3752 8408 -9432 ) 83d7c8c4a8810200ff49234d529de628-dithered [ -1 0 0 216 ] [ 0 -1 0 24 ] 180 1 1
( -3752 7368 -8968 ) ( -3432 7368 -8968 ) ( -3432 7352 -8968 ) 83d7c8c4a8810200ff49234d529de628-dithered [ 1 0 0 -216 ] [ 0 -1 0 24 ] 270 1 1
( -3752 8408 -9432 ) ( -3432 8408 -9432 ) ( -3432 7368 -8968 ) 83d7c8c4a8810200ff49234d529de628-dithered [ -1 0 0 216 ] [ 0 -1 -2.220446049250313e-16 152 ] 90 1 1
( -3432 7368 -8968 ) ( -3432 8408 -9432 ) ( -3432 7352 -9432 ) 83d7c8c4a8810200ff49234d529de628-dithered [ 0 1 0 -24 ] [ 0 0 -1 -24 ] 180 1 1
}
// brush 237
{
( -10752 7144 -8984 ) ( -10752 7145 -8984 ) ( -10752 7144 -8983 ) 151-green-grass-texture-seamless-dithered [ 0 -1 0 24 ] [ 0 0 -1 -24 ] 0 1 1
( -3800 6952 -8984 ) ( -3800 6952 -8983 ) ( -3799 6952 -8984 ) 151-green-grass-texture-seamless-dithered [ 1 0 0 -216 ] [ 0 0 -1 -24 ] 90 1 1
( -3800 7144 -8984 ) ( -3799 7144 -8984 ) ( -3800 7145 -8984 ) 151-green-grass-texture-seamless-dithered [ -1 0 0 216 ] [ 0 -1 0 24 ] 180 1 1
( -3432 7352 -8968 ) ( -3432 7353 -8968 ) ( -3431 7352 -8968 ) 151-green-grass-texture-seamless-dithered [ 1 0 0 -216 ] [ 0 -1 0 24 ] 180 1 1
( -3432 7352 -8968 ) ( -3431 7352 -8968 ) ( -3432 7352 -8967 ) 151-green-grass-texture-seamless-dithered [ -1 0 0 216 ] [ 0 0 -1 -24 ] 180 1 1
( -3432 7352 -8968 ) ( -3432 7352 -8967 ) ( -3432 7353 -8968 ) 151-green-grass-texture-seamless-dithered [ 0 1 0 -24 ] [ 0 0 -1 -24 ] 180 1 1
}
// brush 238
{
( -12416 7352 -8984 ) ( -12416 7353 -8984 ) ( -12416 7352 -8983 ) 151-green-grass-texture-seamless-dithered [ 0 -1 0 24 ] [ 0 0 -1 -24 ] 0 1 1
( -4856 7352 -8984 ) ( -4856 7352 -8983 ) ( -4855 7352 -8984 ) 151-green-grass-texture-seamless-dithered [ 1 0 0 -216 ] [ 0 0 -1 -24 ] 180 1 1
( -4856 7352 -8984 ) ( -4855 7352 -8984 ) ( -4856 7353 -8984 ) 151-green-grass-texture-seamless-dithered [ -1 0 0 216 ] [ 0 -1 0 24 ] 180 1 1
( -3800 8776 -8968 ) ( -3800 8777 -8968 ) ( -3799 8776 -8968 ) 151-green-grass-texture-seamless-dithered [ 1 0 0 -216 ] [ 0 -1 0 24 ] 180 1 1
( -3800 12416 -8968 ) ( -3799 12416 -8968 ) ( -3800 12416 -8967 ) 151-green-grass-texture-seamless-dithered [ -1 0 0 216 ] [ 0 0 -1 -24 ] 270 1 1
( -3800 8776 -8968 ) ( -3800 8776 -8967 ) ( -3800 8777 -8968 ) 151-green-grass-texture-seamless-dithered [ 0 1 0 -24 ] [ 0 0 -1 -24 ] 180 1 1
}
// brush 239
{
( -3800 8712 -8984 ) ( -3800 8713 -8984 ) ( -3800 8712 -8983 ) 151-green-grass-texture-seamless-dithered [ 0 -1 0 24 ] [ 0 0 -1 -24 ] 180 1 1
( -3800 8712 -8984 ) ( -3800 8712 -8983 ) ( -3799 8712 -8984 ) 151-green-grass-texture-seamless-dithered [ 1 0 0 -216 ] [ 0 0 -1 -24 ] 180 1 1
( -3800 8712 -8984 ) ( -3799 8712 -8984 ) ( -3800 8713 -8984 ) 151-green-grass-texture-seamless-dithered [ -1 0 0 216 ] [ 0 -1 0 24 ] 180 1 1
( -2232 9336 -8968 ) ( -2232 9337 -8968 ) ( -2231 9336 -8968 ) 151-green-grass-texture-seamless-dithered [ 1 0 0 -216 ] [ 0 -1 0 24 ] 180 1 1
( -2232 12736 -8968 ) ( -2231 12736 -8968 ) ( -2232 12736 -8967 ) 151-green-grass-texture-seamless-dithered [ -1 0 0 216 ] [ 0 0 -1 -24 ] 0 1 1
( -2232 9336 -8968 ) ( -2232 9336 -8967 ) ( -2232 9337 -8968 ) 151-green-grass-texture-seamless-dithered [ 0 1 0 -24 ] [ 0 0 -1 -24 ] 180 1 1
}
// brush 240
{
( -3432 7576 -9432 ) ( -3432 7577 -9432 ) ( -3432 7576 -9431 ) 83d7c8c4a8810200ff49234d529de628-dithered [ 0 -1 0 24 ] [ 0 0 -1 -24 ] 270 1 1
( -1960 7576 -9432 ) ( -1960 7576 -9431 ) ( -1959 7576 -9432 ) 83d7c8c4a8810200ff49234d529de628-dithered [ 1 0 0 -216 ] [ 0 0 -1 -24 ] 180 1 1
( -1960 7576 -9104 ) ( -1959 7576 -9104 ) ( -1960 7577 -9104 ) 83d7c8c4a8810200ff49234d529de628-dithered [ -1 0 0 216 ] [ 0 -1 0 24 ] 90 1 1
( -1912 7624 -9096 ) ( -1912 7625 -9096 ) ( -1911 7624 -9096 ) 83d7c8c4a8810200ff49234d529de628-dithered [ 1 0 0 -216 ] [ 0 -1 0 24 ] 0 1 1
( -1912 7624 -9416 ) ( -1911 7624 -9416 ) ( -1912 7624 -9415 ) 83d7c8c4a8810200ff49234d529de628-dithered [ -1 0 0 216 ] [ 0 0 -1 -24 ] 180 1 1
( -1912 7624 -9416 ) ( -1912 7624 -9415 ) ( -1912 7625 -9416 ) 83d7c8c4a8810200ff49234d529de628-dithered [ 0 1 0 -24 ] [ 0 0 -1 -24 ] 180 1 1
}
// brush 241
{
( -3384 7624 -9112 ) ( -3384 7625 -9112 ) ( -3384 7624 -9111 ) 518ad05a9668e0b16717b256acf369b7-dithered [ 0 -1 0 24 ] [ 0 0 -1 -24 ] 0 1 1
( -3416 7624 -9112 ) ( -3416 7624 -9111 ) ( -3415 7624 -9112 ) 518ad05a9668e0b16717b256acf369b7-dithered [ 1 0 0 -216 ] [ 0 0 -1 -24 ] 180 1 1
( -3416 7624 -9112 ) ( -3415 7624 -9112 ) ( -3416 7625 -9112 ) 518ad05a9668e0b16717b256acf369b7-dithered [ -1 0 0 216 ] [ 0 -1 0 24 ] 180 1 1
( -3400 7640 -9096 ) ( -3400 7641 -9096 ) ( -3399 7640 -9096 ) 518ad05a9668e0b16717b256acf369b7-dithered [ 1 0 0 -216 ] [ 0 -1 0 24 ] 180 1 1
( -3400 8680 -9096 ) ( -3399 8680 -9096 ) ( -3400 8680 -9095 ) 518ad05a9668e0b16717b256acf369b7-dithered [ -1 0 0 216 ] [ 0 0 -1 -24 ] 90 1 1
( -656 7640 -9096 ) ( -656 7640 -9095 ) ( -656 7641 -9096 ) 518ad05a9668e0b16717b256acf369b7-dithered [ 0 1 0 -24 ] [ 0 0 -1 -24 ] 180 1 1
}
// brush 242
{
( -11840 6520 -8984 ) ( -11840 6521 -8984 ) ( -11840 6520 -8983 ) 151-green-grass-texture-seamless-dithered [ 0 -1 0 24 ] [ 0 0 -1 -24 ] 0 1 1
( -2504 -8624 -8984 ) ( -2504 -8624 -8983 ) ( -2503 -8624 -8984 ) 151-green-grass-texture-seamless-dithered [ 1 0 0 -216 ] [ 0 0 -1 -24 ] 0 1 1
( -2504 6520 -8984 ) ( -2503 6520 -8984 ) ( -2504 6521 -8984 ) 151-green-grass-texture-seamless-dithered [ -1 0 0 216 ] [ 0 -1 0 24 ] 180 1 1
( -2248 6952 -8968 ) ( -2248 6953 -8968 ) ( -2247 6952 -8968 ) 151-green-grass-texture-seamless-dithered [ 1 0 0 -216 ] [ 0 -1 0 24 ] 180 1 1
( -2248 6952 -8968 ) ( -2247 6952 -8968 ) ( -2248 6952 -8967 ) 151-green-grass-texture-seamless-dithered [ -1 0 0 216 ] [ 0 0 -1 -24 ] 180 1 1
( -2248 6952 -8968 ) ( -2248 6952 -8967 ) ( -2248 6953 -8968 ) 151-green-grass-texture-seamless-dithered [ 0 1 0 -24 ] [ 0 0 -1 -24 ] 180 1 1
}
// brush 243
{
( -3432 6952 -8856 ) ( -3432 6953 -8856 ) ( -3432 6952 -8855 ) 9c0f1f55ebf706816074c17403f49dc7-dithered [ 0 -1 0 24 ] [ 0 0 -1 -24 ] 180 1 1
( -3432 6984 -8856 ) ( -3432 6984 -8855 ) ( -3431 6984 -8856 ) 9c0f1f55ebf706816074c17403f49dc7-dithered [ 1 0 0 -216 ] [ 0 0 -1 -24 ] 90 1 1
( -3432 6952 -8856 ) ( -3431 6952 -8856 ) ( -3432 6953 -8856 ) 9c0f1f55ebf706816074c17403f49dc7-dithered [ -1 0 0 216 ] [ 0 -1 0 24 ] 180 1 1
( -3400 7000 -8488 ) ( -3400 7001 -8488 ) ( -3399 7000 -8488 ) 9c0f1f55ebf706816074c17403f49dc7-dithered [ 1 0 0 -216 ] [ 0 -1 0 24 ] 90 1 1
( -3400 8680 -8840 ) ( -3399 8680 -8840 ) ( -3400 8680 -8839 ) 9c0f1f55ebf706816074c17403f49dc7-dithered [ -1 0 0 216 ] [ 0 0 -1 -24 ] 0 1 1
( -3400 7000 -8840 ) ( -3400 7000 -8839 ) ( -3400 7001 -8840 ) 9c0f1f55ebf706816074c17403f49dc7-dithered [ 0 1 0 -24 ] [ 0 0 -1 -24 ] 180 1 1
}
// brush 244
{
( -3400 6952 -8856 ) ( -3400 6953 -8856 ) ( -3400 6952 -8855 ) 9c0f1f55ebf706816074c17403f49dc7-dithered [ 0 -1 0 24 ] [ 0 0 -1 -24 ] 180 1 1
( -3400 6952 -8856 ) ( -3400 6952 -8855 ) ( -3399 6952 -8856 ) 9c0f1f55ebf706816074c17403f49dc7-dithered [ 1 0 0 -216 ] [ 0 0 -1 -24 ] 180 1 1
( -3400 6952 -8856 ) ( -3399 6952 -8856 ) ( -3400 6953 -8856 ) 9c0f1f55ebf706816074c17403f49dc7-dithered [ -1 0 0 216 ] [ 0 -1 0 24 ] 180 1 1
( -2280 6984 -8488 ) ( -2280 6985 -8488 ) ( -2279 6984 -8488 ) 9c0f1f55ebf706816074c17403f49dc7-dithered [ 1 0 0 -216 ] [ 0 -1 0 24 ] 90 1 1
( -2280 6984 -8840 ) ( -2279 6984 -8840 ) ( -2280 6984 -8839 ) 9c0f1f55ebf706816074c17403f49dc7-dithered [ -1 0 0 216 ] [ 0 0 -1 -24 ] 180 1 1
( -2280 6984 -8840 ) ( -2280 6984 -8839 ) ( -2280 6985 -8840 ) 9c0f1f55ebf706816074c17403f49dc7-dithered [ 0 1 0 -24 ] [ 0 0 -1 -24 ] 180 1 1
}
// brush 245
{
( -2280 6984 -8856 ) ( -2280 6985 -8856 ) ( -2280 6984 -8855 ) 9c0f1f55ebf706816074c17403f49dc7-dithered [ 0 -1 0 24 ] [ 0 0 -1 -24 ] 180 1 1
( -2280 6984 -8856 ) ( -2280 6984 -8855 ) ( -2279 6984 -8856 ) 9c0f1f55ebf706816074c17403f49dc7-dithered [ 1 0 0 -216 ] [ 0 0 -1 -24 ] 180 1 1
( -2280 6984 -8856 ) ( -2279 6984 -8856 ) ( -2280 6985 -8856 ) 9c0f1f55ebf706816074c17403f49dc7-dithered [ -1 0 0 216 ] [ 0 -1 0 24 ] 180 1 1
( -2232 8088 -8488 ) ( -2232 8089 -8488 ) ( -2231 8088 -8488 ) 9c0f1f55ebf706816074c17403f49dc7-dithered [ 1 0 0 -216 ] [ 0 -1 0 24 ] 0 1 1
( -2232 8136 -8840 ) ( -2231 8136 -8840 ) ( -2232 8136 -8839 ) 9c0f1f55ebf706816074c17403f49dc7-dithered [ -1 0 0 216 ] [ 0 0 -1 -24 ] 90 1 1
( -2248 8088 -8840 ) ( -2248 8088 -8839 ) ( -2248 8089 -8840 ) 9c0f1f55ebf706816074c17403f49dc7-dithered [ 0 1 0 -24 ] [ 0 0 -1 -24 ] 90 1 1
}
// brush 246
{
( -2248 8088 -8856 ) ( -2248 8089 -8856 ) ( -2248 8088 -8855 ) 9c0f1f55ebf706816074c17403f49dc7-dithered [ 0 -1 0 24 ] [ 0 0 -1 -24 ] 90 1 1
( -2232 8088 -8856 ) ( -2232 8088 -8855 ) ( -2231 8088 -8856 ) 9c0f1f55ebf706816074c17403f49dc7-dithered [ 1 0 0 -216 ] [ 0 0 -1 -24 ] 180 1 1
( -2232 8088 -8856 ) ( -2231 8088 -8856 ) ( -2232 8089 -8856 ) 9c0f1f55ebf706816074c17403f49dc7-dithered [ -1 0 0 216 ] [ 0 -1 0 24 ] 180 1 1
( -2200 8136 -8536 ) ( -2200 8137 -8536 ) ( -2199 8136 -8536 ) 9c0f1f55ebf706816074c17403f49dc7-dithered [ 1 0 0 -216 ] [ 0 -1 0 24 ] 180 1 1
( -2200 8136 -8840 ) ( -2199 8136 -8840 ) ( -2200 8136 -8839 ) 9c0f1f55ebf706816074c17403f49dc7-dithered [ -1 0 0 216 ] [ 0 0 -1 -24 ] 180 1 1
( -2200 8136 -8840 ) ( -2200 8136 -8839 ) ( -2200 8137 -8840 ) 9c0f1f55ebf706816074c17403f49dc7-dithered [ 0 1 0 -24 ] [ 0 0 -1 -24 ] 180 1 1
}
// brush 247
{
( -1992 8088 -8856 ) ( -1992 8089 -8856 ) ( -1992 8088 -8855 ) 9c0f1f55ebf706816074c17403f49dc7-dithered [ 0 -1 0 24 ] [ 0 0 -1 -24 ] 180 1 1
( -1992 8088 -8856 ) ( -1992 8088 -8855 ) ( -1991 8088 -8856 ) 9c0f1f55ebf706816074c17403f49dc7-dithered [ 1 0 0 -216 ] [ 0 0 -1 -24 ] 180 1 1
( -1992 8088 -8856 ) ( -1991 8088 -8856 ) ( -1992 8089 -8856 ) 9c0f1f55ebf706816074c17403f49dc7-dithered [ -1 0 0 216 ] [ 0 -1 0 24 ] 180 1 1
( -1976 8136 -8536 ) ( -1976 8137 -8536 ) ( -1975 8136 -8536 ) 9c0f1f55ebf706816074c17403f49dc7-dithered [ 1 0 0 -216 ] [ 0 -1 0 24 ] 270 1 1
( -1976 8136 -8840 ) ( -1975 8136 -8840 ) ( -1976 8136 -8839 ) 9c0f1f55ebf706816074c17403f49dc7-dithered [ -1 0 0 216 ] [ 0 0 -1 -24 ] 180 1 1
( -1976 8136 -8840 ) ( -1976 8136 -8839 ) ( -1976 8137 -8840 ) 9c0f1f55ebf706816074c17403f49dc7-dithered [ 0 1 0 -24 ] [ 0 0 -1 -24 ] 180 1 1
}
// brush 248
{
( -1976 8136 -8856 ) ( -1976 8137 -8856 ) ( -1976 8136 -8855 ) 9c0f1f55ebf706816074c17403f49dc7-dithered [ 0 -1 0 24 ] [ 0 0 -1 -24 ] 180 1 1
( -1976 8136 -8856 ) ( -1976 8136 -8855 ) ( -1975 8136 -8856 ) 9c0f1f55ebf706816074c17403f49dc7-dithered [ 1 0 0 -216 ] [ 0 0 -1 -24 ] 180 1 1
( -1976 8136 -8856 ) ( -1975 8136 -8856 ) ( -1976 8137 -8856 ) 9c0f1f55ebf706816074c17403f49dc7-dithered [ -1 0 0 216 ] [ 0 -1 0 24 ] 180 1 1
( -1944 8664 -8488 ) ( -1944 8665 -8488 ) ( -1943 8664 -8488 ) 9c0f1f55ebf706816074c17403f49dc7-dithered [ 1 0 0 -216 ] [ 0 -1 0 24 ] 180 1 1
( -1944 8680 -8840 ) ( -1943 8680 -8840 ) ( -1944 8680 -8839 ) 9c0f1f55ebf706816074c17403f49dc7-dithered [ -1 0 0 216 ] [ 0 0 -1 -24 ] 90 1 1
( -1944 8664 -8840 ) ( -1944 8664 -8839 ) ( -1944 8665 -8840 ) 9c0f1f55ebf706816074c17403f49dc7-dithered [ 0 1 0 -24 ] [ 0 0 -1 -24 ] 180 1 1
}
// brush 249
{
( -3400 8680 -8856 ) ( -3400 8681 -8856 ) ( -3400 8680 -8855 ) 9c0f1f55ebf706816074c17403f49dc7-dithered [ 0 -1 0 24 ] [ 0 0 -1 -24 ] 180 1 1
( -3400 8680 -8856 ) ( -3400 8680 -8855 ) ( -3399 8680 -8856 ) 9c0f1f55ebf706816074c17403f49dc7-dithered [ 1 0 0 -216 ] [ 0 0 -1 -24 ] 180 1 1
( -3400 8680 -8856 ) ( -3399 8680 -8856 ) ( -3400 8681 -8856 ) 9c0f1f55ebf706816074c17403f49dc7-dithered [ -1 0 0 216 ] [ 0 -1 0 24 ] 180 1 1
( -1976 8712 -8488 ) ( -1976 8713 -8488 ) ( -1975 8712 -8488 ) 9c0f1f55ebf706816074c17403f49dc7-dithered [ 1 0 0 -216 ] [ 0 -1 0 24 ] 270 1 1
( -1976 8712 -8840 ) ( -1975 8712 -8840 ) ( -1976 8712 -8839 ) 9c0f1f55ebf706816074c17403f49dc7-dithered [ -1 0 0 216 ] [ 0 0 -1 -24 ] 180 1 1
( -1976 8712 -8840 ) ( -1976 8712 -8839 ) ( -1976 8713 -8840 ) 9c0f1f55ebf706816074c17403f49dc7-dithered [ 0 1 0 -24 ] [ 0 0 -1 -24 ] 180 1 1
}
// brush 250
{
( -3432 8712 -8488 ) ( -2840 7672 -8248 ) ( -3432 6952 -8488 ) 9c0f1f55ebf706816074c17403f49dc7-dithered [ 1 0 0 -216.00024 ] [ 0 -1 0 24.000488 ] 90 1 1
( -2840 7672 -8248 ) ( -2232 6952 -8488 ) ( -3432 6952 -8488 ) 9c0f1f55ebf706816074c17403f49dc7-dithered [ 1 0 0 -216.00024 ] [ 0 1 -2.220446049250313e-16 -24 ] 180 1 1
( -2232 6952 -8488 ) ( -2232 8712 -8488 ) ( -3432 8712 -8488 ) 9c0f1f55ebf706816074c17403f49dc7-dithered [ -1 0 0 216 ] [ 0 -1 0 24 ] 180 1 1
( -3432 8712 -8488 ) ( -2232 8712 -8488 ) ( -2840 7672 -8248 ) 9c0f1f55ebf706816074c17403f49dc7-dithered [ 0 1 0 -23.999023 ] [ -1 0 -2.220446049250313e-16 88.000244 ] 0 1 1
( -2840 7672 -8248 ) ( -2232 8712 -8488 ) ( -2232 6952 -8488 ) 9c0f1f55ebf706816074c17403f49dc7-dithered [ 0 1 0 -24.000488 ] [ -1 0 -2.220446049250313e-16 88.000244 ] 0 1 1
}
// brush 251
{
( -3448 8712 -8488 ) ( -2856 7672 -8248 ) ( -3448 6952 -8488 ) 9c0f1f55ebf706816074c17403f49dc7-dithered [ 1 0 0 -200.00024 ] [ 0 -1 0 24.000488 ] 0 1 1
( -2856 7672 -8248 ) ( -2248 6952 -8488 ) ( -3448 6952 -8488 ) 9c0f1f55ebf706816074c17403f49dc7-dithered [ 1 0 0 -200.00024 ] [ 0 1 -2.220446049250313e-16 -24 ] 270 1 1
( -2248 6952 -8488 ) ( -2248 8712 -8488 ) ( -3448 8712 -8488 ) 9c0f1f55ebf706816074c17403f49dc7-dithered [ -1 0 0 200 ] [ 0 -1 0 24 ] 90 1 1
( -3448 8712 -8488 ) ( -2248 8712 -8488 ) ( -2856 7672 -8248 ) 9c0f1f55ebf706816074c17403f49dc7-dithered [ 0 1 0 -23.999023 ] [ -1 0 -2.220446049250313e-16 72.000244 ] 90 1 1
( -2856 7672 -8248 ) ( -2248 8712 -8488 ) ( -2248 6952 -8488 ) 9c0f1f55ebf706816074c17403f49dc7-dithered [ 0 1 0 -24.000488 ] [ -1 0 -2.220446049250313e-16 72.000244 ] 90 1 1
}
// brush 252
{
( -3432 8712 -8488 ) ( -2840 7672 -8248 ) ( -3432 6952 -8488 ) 9c0f1f55ebf706816074c17403f49dc7-dithered [ 1 0 0 -216.00024 ] [ 0 -1 0 24.000488 ] 270 1 1
( -2840 7672 -8248 ) ( -2232 6952 -8488 ) ( -3432 6952 -8488 ) 9c0f1f55ebf706816074c17403f49dc7-dithered [ 1 0 0 -216.00024 ] [ 0 1 -2.220446049250313e-16 -24 ] 0 1 1
( -2232 6952 -8488 ) ( -2232 8712 -8488 ) ( -3432 8712 -8488 ) 9c0f1f55ebf706816074c17403f49dc7-dithered [ -1 0 0 216 ] [ 0 -1 0 24 ] 0 1 1
( -3432 8712 -8488 ) ( -2232 8712 -8488 ) ( -2840 7672 -8248 ) 9c0f1f55ebf706816074c17403f49dc7-dithered [ 0 1 0 -23.999023 ] [ -1 0 -2.220446049250313e-16 88.000244 ] 180 1 1
( -2840 7672 -8248 ) ( -2232 8712 -8488 ) ( -2232 6952 -8488 ) 9c0f1f55ebf706816074c17403f49dc7-dithered [ 0 1 0 -24.000488 ] [ -1 0 -2.220446049250313e-16 88.000244 ] 180 1 1
}
// brush 253
{
( -2232 8120 -8504 ) ( -2232 8121 -8504 ) ( -2232 8120 -8503 ) 9c0f1f55ebf706816074c17403f49dc7-dithered [ 0 -1 0 24 ] [ 0 0 -1 -24 ] 180 1 1
( -2232 8008 -8504 ) ( -2232 8008 -8503 ) ( -2231 8008 -8504 ) 9c0f1f55ebf706816074c17403f49dc7-dithered [ 1 0 0 -216 ] [ 0 0 -1 -24 ] 0 1 1
( -2232 8120 -8536 ) ( -2231 8120 -8536 ) ( -2232 8121 -8536 ) 9c0f1f55ebf706816074c17403f49dc7-dithered [ -1 0 0 216 ] [ 0 -1 0 24 ] 90 1 1
( -1976 8680 -8488 ) ( -1976 8681 -8488 ) ( -1975 8680 -8488 ) 9c0f1f55ebf706816074c17403f49dc7-dithered [ 1 0 0 -216 ] [ 0 -1 0 24 ] 180 1 1
( -1976 8680 -8488 ) ( -1975 8680 -8488 ) ( -1976 8680 -8487 ) 9c0f1f55ebf706816074c17403f49dc7-dithered [ -1 0 0 216 ] [ 0 0 -1 -24 ] 180 1 1
( -1976 8680 -8488 ) ( -1976 8680 -8487 ) ( -1976 8681 -8488 ) 9c0f1f55ebf706816074c17403f49dc7-dithered [ 0 1 0 -24 ] [ 0 0 -1 -24 ] 180 1 1
}
// brush 254
{
( -1976 8088 -8856 ) ( -1976 8089 -8856 ) ( -1976 8088 -8855 ) c6e552989719f3c03de55324950a5064-dithered [ 0 -1 0 24 ] [ 0 0 -1 -24 ] 180 1 1
( -1976 8088 -8856 ) ( -1976 8088 -8855 ) ( -1975 8088 -8856 ) c6e552989719f3c03de55324950a5064-dithered [ 1 0 0 -216 ] [ 0 0 -1 -24 ] 180 1 1
( -1976 8088 -8856 ) ( -1975 8088 -8856 ) ( -1976 8089 -8856 ) c6e552989719f3c03de55324950a5064-dithered [ -1 0 0 216 ] [ 0 -1 0 24 ] 180 1 1
( -1944 8136 -8488 ) ( -1944 8137 -8488 ) ( -1943 8136 -8488 ) c6e552989719f3c03de55324950a5064-dithered [ 1 0 0 -216 ] [ 0 -1 0 24 ] 90 1 1
( -1944 8136 -8840 ) ( -1943 8136 -8840 ) ( -1944 8136 -8839 ) c6e552989719f3c03de55324950a5064-dithered [ -1 0 0 216 ] [ 0 0 -1 -24 ] 180 1 1
( -1944 8136 -8840 ) ( -1944 8136 -8839 ) ( -1944 8137 -8840 ) c6e552989719f3c03de55324950a5064-dithered [ 0 1 0 -24 ] [ 0 0 -1 -24 ] 180 1 1
}
// brush 255
{
( -1976 8664 -8856 ) ( -1976 8665 -8856 ) ( -1976 8664 -8855 ) c6e552989719f3c03de55324950a5064-dithered [ 0 -1 0 88 ] [ 0 0 -1 -24 ] 270 1 1
( -1976 8680 -8856 ) ( -1976 8680 -8855 ) ( -1975 8680 -8856 ) c6e552989719f3c03de55324950a5064-dithered [ 1 0 0 -216 ] [ 0 0 -1 -24 ] 180 1 1
( -1976 8664 -8856 ) ( -1975 8664 -8856 ) ( -1976 8665 -8856 ) c6e552989719f3c03de55324950a5064-dithered [ -1 0 0 216 ] [ 0 -1 0 88 ] 270 1 1
( -1944 8712 -8488 ) ( -1944 8713 -8488 ) ( -1943 8712 -8488 ) c6e552989719f3c03de55324950a5064-dithered [ 1 0 0 -216 ] [ 0 -1 0 88 ] 180 1 1
( -1944 8712 -8840 ) ( -1943 8712 -8840 ) ( -1944 8712 -8839 ) c6e552989719f3c03de55324950a5064-dithered [ -1 0 0 216 ] [ 0 0 -1 -24 ] 270 1 1
( -1944 8712 -8840 ) ( -1944 8712 -8839 ) ( -1944 8713 -8840 ) c6e552989719f3c03de55324950a5064-dithered [ 0 1 0 -88 ] [ 0 0 -1 -24 ] 270 1 1
}
// brush 256
{
( -3432 8664 -8856 ) ( -3432 8665 -8856 ) ( -3432 8664 -8855 ) c6e552989719f3c03de55324950a5064-dithered [ 0 -1 0 88 ] [ 0 0 -1 -24 ] 270 1 1
( -3432 8680 -8856 ) ( -3432 8680 -8855 ) ( -3431 8680 -8856 ) c6e552989719f3c03de55324950a5064-dithered [ 1 0 0 -40 ] [ 0 0 -1 -24 ] 180 1 1
( -3432 8664 -8856 ) ( -3431 8664 -8856 ) ( -3432 8665 -8856 ) c6e552989719f3c03de55324950a5064-dithered [ -1 0 0 40 ] [ 0 -1 0 88 ] 270 1 1
( -3400 8712 -8488 ) ( -3400 8713 -8488 ) ( -3399 8712 -8488 ) c6e552989719f3c03de55324950a5064-dithered [ 1 0 0 -40 ] [ 0 -1 0 88 ] 180 1 1
( -3400 8712 -8840 ) ( -3399 8712 -8840 ) ( -3400 8712 -8839 ) c6e552989719f3c03de55324950a5064-dithered [ -1 0 0 40 ] [ 0 0 -1 -24 ] 270 1 1
( -3400 8712 -8840 ) ( -3400 8712 -8839 ) ( -3400 8713 -8840 ) c6e552989719f3c03de55324950a5064-dithered [ 0 1 0 -88 ] [ 0 0 -1 -24 ] 270 1 1
}
// brush 257
{
( -3432 6952 -8856 ) ( -3432 6953 -8856 ) ( -3432 6952 -8855 ) c6e552989719f3c03de55324950a5064-dithered [ 0 -1 0 168 ] [ 0 0 -1 -24 ] 270 1 1
( -3432 6952 -8856 ) ( -3432 6952 -8855 ) ( -3431 6952 -8856 ) c6e552989719f3c03de55324950a5064-dithered [ 1 0 0 -40 ] [ 0 0 -1 -24 ] 270 1 1
( -3432 6952 -8856 ) ( -3431 6952 -8856 ) ( -3432 6953 -8856 ) c6e552989719f3c03de55324950a5064-dithered [ -1 0 0 40 ] [ 0 -1 0 168 ] 270 1 1
( -3400 7000 -8488 ) ( -3400 7001 -8488 ) ( -3399 7000 -8488 ) c6e552989719f3c03de55324950a5064-dithered [ 1 0 0 -40 ] [ 0 -1 0 168 ] 180 1 1
( -3400 6984 -8840 ) ( -3399 6984 -8840 ) ( -3400 6984 -8839 ) c6e552989719f3c03de55324950a5064-dithered [ -1 0 0 40 ] [ 0 0 -1 -24 ] 180 1 1
( -3400 7000 -8840 ) ( -3400 7000 -8839 ) ( -3400 7001 -8840 ) c6e552989719f3c03de55324950a5064-dithered [ 0 1 0 -168 ] [ 0 0 -1 -24 ] 270 1 1
}
// brush 258
{
( -2280 6952 -8856 ) ( -2280 6953 -8856 ) ( -2280 6952 -8855 ) c6e552989719f3c03de55324950a5064-dithered [ 0 -1 0 168 ] [ 0 0 -1 -24 ] 270 1 1
( -2280 6952 -8856 ) ( -2280 6952 -8855 ) ( -2279 6952 -8856 ) c6e552989719f3c03de55324950a5064-dithered [ 1 0 0 -168 ] [ 0 0 -1 -24 ] 270 1 1
( -2280 6952 -8856 ) ( -2279 6952 -8856 ) ( -2280 6953 -8856 ) c6e552989719f3c03de55324950a5064-dithered [ -1 0 0 168 ] [ 0 -1 0 168 ] 270 1 1
( -2248 7000 -8488 ) ( -2248 7001 -8488 ) ( -2247 7000 -8488 ) c6e552989719f3c03de55324950a5064-dithered [ 1 0 0 -168 ] [ 0 -1 0 168 ] 180 1 1
( -2248 6984 -8840 ) ( -2247 6984 -8840 ) ( -2248 6984 -8839 ) c6e552989719f3c03de55324950a5064-dithered [ -1 0 0 168 ] [ 0 0 -1 -24 ] 180 1 1
( -2248 7000 -8840 ) ( -2248 7000 -8839 ) ( -2248 7001 -8840 ) c6e552989719f3c03de55324950a5064-dithered [ 0 1 0 -168 ] [ 0 0 -1 -24 ] 270 1 1
}
// brush 259
{
( -2248 8104 -8504 ) ( -2248 8105 -8504 ) ( -2248 8104 -8503 ) 9c0f1f55ebf706816074c17403f49dc7-dithered [ 0 -1 0 24 ] [ 0 0 -1 -24 ] 180 1 1
( -2248 8104 -8504 ) ( -2248 8104 -8503 ) ( -2247 8104 -8504 ) 9c0f1f55ebf706816074c17403f49dc7-dithered [ 1 0 0 -216 ] [ 0 0 -1 -24 ] 180 1 1
( -2248 8104 -8536 ) ( -2247 8104 -8536 ) ( -2248 8105 -8536 ) 9c0f1f55ebf706816074c17403f49dc7-dithered [ -1 0 0 216 ] [ 0 -1 0 24 ] 90 1 1
( -2232 8136 -8488 ) ( -2232 8137 -8488 ) ( -2231 8136 -8488 ) 9c0f1f55ebf706816074c17403f49dc7-dithered [ 1 0 0 -216 ] [ 0 -1 0 24 ] 180 1 1
( -2232 8136 -8488 ) ( -2231 8136 -8488 ) ( -2232 8136 -8487 ) 9c0f1f55ebf706816074c17403f49dc7-dithered [ -1 0 0 216 ] [ 0 0 -1 -24 ] 180 1 1
( -2232 8136 -8488 ) ( -2232 8136 -8487 ) ( -2232 8137 -8488 ) 9c0f1f55ebf706816074c17403f49dc7-dithered [ 0 1 0 -24 ] [ 0 0 -1 -24 ] 180 1 1
}
// brush 260
{
( 6168 7288 -8984 ) ( 6168 7289 -8984 ) ( 6168 7288 -8983 ) b8a836efdc17cd32912f3f8a19cd0b8a-dithered [ 0 -1 0 24 ] [ 0 0 -1 -24 ] 180 1 1
( 6168 7192 -8984 ) ( 6168 7192 -8983 ) ( 6169 7192 -8984 ) b8a836efdc17cd32912f3f8a19cd0b8a-dithered [ 1 0 0 -216 ] [ 0 0 -1 -24 ] 90 1 1
( 6168 7288 -8984 ) ( 6169 7288 -8984 ) ( 6168 7289 -8984 ) b8a836efdc17cd32912f3f8a19cd0b8a-dithered [ -1 0 0 216 ] [ 0 -1 0 24 ] 180 1 1
( 6280 7416 -8968 ) ( 6280 7417 -8968 ) ( 6281 7416 -8968 ) b8a836efdc17cd32912f3f8a19cd0b8a-dithered [ 1 0 0 -216 ] [ 0 -1 0 24 ] 180 1 1
( 6280 8840 -8968 ) ( 6281 8840 -8968 ) ( 6280 8840 -8967 ) b8a836efdc17cd32912f3f8a19cd0b8a-dithered [ -1 0 0 216 ] [ 0 0 -1 -24 ] 90 1 1
( 7464 7416 -8968 ) ( 7464 7416 -8967 ) ( 7464 7417 -8968 ) b8a836efdc17cd32912f3f8a19cd0b8a-dithered [ 0 1 0 -24 ] [ 0 0 -1 -24 ] 0 1 1
}
// brush 261
{
( 6168 6536 -8984 ) ( 6168 6537 -8984 ) ( 6168 6536 -8983 ) 151-green-grass-texture-seamless-dithered [ 0 -1 0 24 ] [ 0 0 -1 -24 ] 180 1 1
( 6168 328 -8984 ) ( 6168 328 -8983 ) ( 6169 328 -8984 ) 151-green-grass-texture-seamless-dithered [ 1 0 0 -216 ] [ 0 0 -1 -24 ] 90 1 1
( 6168 6536 -8984 ) ( 6169 6536 -8984 ) ( 6168 6537 -8984 ) 151-green-grass-texture-seamless-dithered [ -1 0 0 216 ] [ 0 -1 0 24 ] 180 1 1
( 6808 7192 -8968 ) ( 6808 7193 -8968 ) ( 6809 7192 -8968 ) 151-green-grass-texture-seamless-dithered [ 1 0 0 -216 ] [ 0 -1 0 24 ] 180 1 1
( 6808 7192 -8968 ) ( 6809 7192 -8968 ) ( 6808 7192 -8967 ) 151-green-grass-texture-seamless-dithered [ -1 0 0 216 ] [ 0 0 -1 -24 ] 180 1 1
( 13072 7192 -8968 ) ( 13072 7192 -8967 ) ( 13072 7193 -8968 ) 151-green-grass-texture-seamless-dithered [ 0 1 0 -24 ] [ 0 0 -1 -24 ] 0 1 1
}
// brush 262
{
( 6168 8840 -8984 ) ( 6168 8841 -8984 ) ( 6168 8840 -8983 ) 151-green-grass-texture-seamless-dithered [ 0 -1 0 24 ] [ 0 0 -1 -24 ] 180 1 1
( 6168 8840 -8984 ) ( 6168 8840 -8983 ) ( 6169 8840 -8984 ) 151-green-grass-texture-seamless-dithered [ 1 0 0 -216 ] [ 0 0 -1 -24 ] 180 1 1
( 6168 8840 -8984 ) ( 6169 8840 -8984 ) ( 6168 8841 -8984 ) 151-green-grass-texture-seamless-dithered [ -1 0 0 216 ] [ 0 -1 0 24 ] 180 1 1
( 7544 10856 -8968 ) ( 7544 10857 -8968 ) ( 7545 10856 -8968 ) 151-green-grass-texture-seamless-dithered [ 1 0 0 -216 ] [ 0 -1 0 24 ] 180 1 1
( 7544 13344 -8968 ) ( 7545 13344 -8968 ) ( 7544 13344 -8967 ) 151-green-grass-texture-seamless-dithered [ -1 0 0 216 ] [ 0 0 -1 -24 ] 90 1 1
( 13040 10856 -8968 ) ( 13040 10856 -8967 ) ( 13040 10857 -8968 ) 151-green-grass-texture-seamless-dithered [ 0 1 0 -24 ] [ 0 0 -1 -24 ] 270 1 1
}
// brush 263
{
( 7464 7192 -8984 ) ( 7464 7193 -8984 ) ( 7464 7192 -8983 ) 151-green-grass-texture-seamless-dithered [ 0 -1 0 24 ] [ 0 0 -1 -24 ] 180 1 1
( 7464 7192 -8984 ) ( 7464 7192 -8983 ) ( 7465 7192 -8984 ) 151-green-grass-texture-seamless-dithered [ 1 0 0 -216 ] [ 0 0 -1 -24 ] 180 1 1
( 7464 7192 -8984 ) ( 7465 7192 -8984 ) ( 7464 7193 -8984 ) 151-green-grass-texture-seamless-dithered [ -1 0 0 216 ] [ 0 -1 0 24 ] 180 1 1
( 7624 7496 -8968 ) ( 7624 7497 -8968 ) ( 7625 7496 -8968 ) 151-green-grass-texture-seamless-dithered [ 1 0 0 -216 ] [ 0 -1 0 24 ] 180 1 1
( 7624 8840 -8968 ) ( 7625 8840 -8968 ) ( 7624 8840 -8967 ) 151-green-grass-texture-seamless-dithered [ -1 0 0 216 ] [ 0 0 -1 -24 ] 90 1 1
( 12944 7496 -8968 ) ( 12944 7496 -8967 ) ( 12944 7497 -8968 ) 151-green-grass-texture-seamless-dithered [ 0 1 0 -24 ] [ 0 0 -1 -24 ] 0 1 1
}
// brush 264
{
( 6168 7192 -8968 ) ( 6168 7193 -8968 ) ( 6168 7192 -8967 ) bricks1 [ 0 -1 0 752 ] [ 0 0 -1 -752 ] 180 0.1 0.1
( 6168 7192 -8968 ) ( 6168 7192 -8967 ) ( 6169 7192 -8968 ) bricks1 [ 1 0 0 -112 ] [ 0 0 -1 -752 ] 180 0.1 0.1
( 6168 7192 -8968 ) ( 6169 7192 -8968 ) ( 6168 7193 -8968 ) bricks1 [ -1 0 0 112 ] [ 0 -1 0 752 ] 180 0.1 0.1
( 6392 7208 -8824 ) ( 6392 7209 -8824 ) ( 6393 7208 -8824 ) bricks1 [ 1 0 0 -112 ] [ 0 -1 0 752 ] 0 0.1 0.1
( 6392 7208 -8952 ) ( 6393 7208 -8952 ) ( 6392 7208 -8951 ) bricks1 [ -1 0 0 112 ] [ 0 0 -1 -752 ] 180 0.1 0.1
( 6568 7208 -8952 ) ( 6568 7208 -8951 ) ( 6568 7209 -8952 ) bricks1 [ 0 1 0 -752 ] [ 0 0 -1 -752 ] 0 0.1 0.1
}
// brush 265
{
( 6392 8344 -8968 ) ( 6392 8345 -8968 ) ( 6392 8344 -8967 ) bricks1 [ 0 -1 0 1008 ] [ 0 0 -1 -752 ] 270 0.1 0.1
( 6392 8344 -8968 ) ( 6392 8344 -8967 ) ( 6393 8344 -8968 ) bricks1 [ 1 0 0 -304 ] [ 0 0 -1 -752 ] 270 0.1 0.1
( 6392 8344 -8968 ) ( 6393 8344 -8968 ) ( 6392 8345 -8968 ) bricks1 [ -1 0 0 304 ] [ 0 -1 0 1008 ] 270 0.1 0.1
( 6616 8360 -8648 ) ( 6616 8361 -8648 ) ( 6617 8360 -8648 ) bricks1 [ 1 0 0 -304 ] [ 0 -1 0 1008 ] 90 0.1 0.1
( 6616 8360 -8952 ) ( 6617 8360 -8952 ) ( 6616 8360 -8951 ) bricks1 [ -1 0 0 304 ] [ 0 0 -1 -752 ] 270 0.1 0.1
( 6808 8360 -8952 ) ( 6808 8360 -8951 ) ( 6808 8361 -8952 ) bricks1 [ 0 1 0 -1008 ] [ 0 0 -1 -752 ] 0 0.1 0.1
}
// brush 266
{
( 7064 7176 -8968 ) ( 7064 7177 -8968 ) ( 7064 7176 -8967 ) bricks1 [ 0 -1 0 592 ] [ 0 0 -1 -752 ] 180 0.1 0.1
( 7064 7176 -8968 ) ( 7064 7176 -8967 ) ( 7065 7176 -8968 ) bricks1 [ 1 0 0 -880 ] [ 0 0 -1 -752 ] 180 0.1 0.1
( 7064 7176 -8968 ) ( 7065 7176 -8968 ) ( 7064 7177 -8968 ) bricks1 [ -1 0 0 880 ] [ 0 -1 0 592 ] 180 0.1 0.1
( 7288 7192 -8856 ) ( 7288 7193 -8856 ) ( 7289 7192 -8856 ) bricks1 [ 1 0 0 -880 ] [ 0 -1 0 592 ] 0 0.1 0.1
( 7288 7192 -8952 ) ( 7289 7192 -8952 ) ( 7288 7192 -8951 ) bricks1 [ -1 0 0 880 ] [ 0 0 -1 -752 ] 180 0.1 0.1
( 7464 7192 -8952 ) ( 7464 7192 -8951 ) ( 7464 7193 -8952 ) bricks1 [ 0 1 0 -592 ] [ 0 0 -1 -752 ] 0 0.1 0.1
}
// brush 267
{
( 7048 8824 -8968 ) ( 7048 8825 -8968 ) ( 7048 8824 -8967 ) bricks1 [ 0 -1 0 688 ] [ 0 0 -1 -752 ] 0 0.1 0.1
( 7048 8824 -8968 ) ( 7048 8824 -8967 ) ( 7049 8824 -8968 ) bricks1 [ 1 0 0 -720 ] [ 0 0 -1 -752 ] 0 0.1 0.1
( 7048 8824 -8968 ) ( 7049 8824 -8968 ) ( 7048 8825 -8968 ) bricks1 [ -1 0 0 720 ] [ 0 -1 0 688 ] 0 0.1 0.1
( 7272 8840 -8728 ) ( 7272 8841 -8728 ) ( 7273 8840 -8728 ) bricks1 [ 1 0 0 -720 ] [ 0 -1 0 688 ] 270 0.1 0.1
( 7272 8840 -8952 ) ( 7273 8840 -8952 ) ( 7272 8840 -8951 ) bricks1 [ -1 0 0 720 ] [ 0 0 -1 -752 ] 0 0.1 0.1
( 7448 8840 -8952 ) ( 7448 8840 -8951 ) ( 7448 8841 -8952 ) bricks1 [ 0 1 0 -688 ] [ 0 0 -1 -752 ] 180 0.1 0.1
}
// brush 268
{
( 7448 7592 -8968 ) ( 7448 7592 -8967 ) ( 7448 7591 -8968 ) bricks1 [ -1.0718754395722282e-15 -1 0 272 ] [ 0 0 -1 -752 ] 180 0.1 0.1
( 7464 7192 -8952 ) ( 7464 7192 -8951 ) ( 7465 7192 -8952 ) bricks1 [ 1 -1.0718754395722282e-15 0 -240 ] [ 0 0 -1 -752 ] 0 0.1 0.1
( 7448 7592 -8968 ) ( 7448 7591 -8968 ) ( 7449 7592 -8968 ) bricks1 [ 1.0718754395722282e-15 1 0 -272 ] [ -1 1.0718754395722282e-15 0 240 ] 90 0.1 0.1
( 7464 7368 -8728 ) ( 7465 7368 -8728 ) ( 7464 7367 -8728 ) bricks1 [ -1.0718754395722282e-15 -1 0 272 ] [ -1 1.0718754395722282e-15 0 240 ] 180 0.1 0.1
( 7448 7592 -8968 ) ( 7449 7592 -8968 ) ( 7448 7592 -8967 ) bricks1 [ -1 1.0718754395722282e-15 0 240 ] [ 0 0 -1 -752 ] 180 0.1 0.1
( 7464 7368 -8952 ) ( 7464 7367 -8952 ) ( 7464 7368 -8951 ) bricks1 [ 1.0718754395722282e-15 1 0 -272 ] [ 0 0 -1 -752 ] 180 0.1 0.1
}
// brush 269
{
( 6808 8360 -8968 ) ( 6808 8360 -8967 ) ( 6808 8359 -8968 ) bricks1 [ -1.0718754395722282e-15 -1 0 784 ] [ 0 0 -1 -752 ] 180 0.1 0.1
( 6824 7960 -8952 ) ( 6824 7960 -8951 ) ( 6825 7960 -8952 ) bricks1 [ 1 -1.0718754395722282e-15 0 -1008 ] [ 0 0 -1 -752 ] 0 0.1 0.1
( 6808 8360 -8968 ) ( 6808 8359 -8968 ) ( 6809 8360 -8968 ) bricks1 [ 1.0718754395722282e-15 1 0 -784 ] [ -1 1.0718754395722282e-15 0 1008 ] 90 0.1 0.1
( 6824 8136 -8728 ) ( 6825 8136 -8728 ) ( 6824 8135 -8728 ) bricks1 [ -1.0718754395722282e-15 -1 0 784 ] [ -1 1.0718754395722282e-15 0 1008 ] 180 0.1 0.1
( 6808 8360 -8968 ) ( 6809 8360 -8968 ) ( 6808 8360 -8967 ) bricks1 [ -1 1.0718754395722282e-15 0 1008 ] [ 0 0 -1 -752 ] 180 0.1 0.1
( 6824 8136 -8952 ) ( 6824 8135 -8952 ) ( 6824 8136 -8951 ) bricks1 [ 1.0718754395722282e-15 1 0 -784 ] [ 0 0 -1 -752 ] 180 0.1 0.1
}
// brush 270
{
( 7448 8840 -8968 ) ( 7448 8840 -8967 ) ( 7448 8839 -8968 ) bricks1 [ -1.0718754395722282e-15 -1 0 464 ] [ 0 0 -1 -752 ] 0 0.1 0.1
( 7464 8440 -8952 ) ( 7464 8440 -8951 ) ( 7465 8440 -8952 ) bricks1 [ 1 -1.0718754395722282e-15 0 -240 ] [ 0 0 -1 -752 ] 180 0.1 0.1
( 7448 8840 -8968 ) ( 7448 8839 -8968 ) ( 7449 8840 -8968 ) bricks1 [ 1.0718754395722282e-15 1 0 -464 ] [ -1 1.0718754395722282e-15 0 240 ] 270 0.1 0.1
( 7464 8616 -8728 ) ( 7465 8616 -8728 ) ( 7464 8615 -8728 ) bricks1 [ -1.0718754395722282e-15 -1 0 464 ] [ -1 1.0718754395722282e-15 0 240 ] 0 0.1 0.1
( 7448 8840 -8968 ) ( 7449 8840 -8968 ) ( 7448 8840 -8967 ) bricks1 [ -1 1.0718754395722282e-15 0 240 ] [ 0 0 -1 -752 ] 0 0.1 0.1
( 7464 8616 -8952 ) ( 7464 8615 -8952 ) ( 7464 8616 -8951 ) bricks1 [ 1.0718754395722282e-15 1 0 -464 ] [ 0 0 -1 -752 ] 0 0.1 0.1
}
// brush 271
{
( 6632 8760 -8968 ) ( 6632 8760 -8967 ) ( 6632 8759 -8968 ) bricks1 [ -1.0718754395722282e-15 -1 0 688 ] [ 0 0 -1 -752 ] 90 0.1 0.1
( 6648 8360 -8952 ) ( 6648 8360 -8951 ) ( 6649 8360 -8952 ) bricks1 [ 1 -1.0718754395722282e-15 0 -272 ] [ 0 0 -1 -752 ] 270 0.1 0.1
( 6632 8760 -8968 ) ( 6632 8759 -8968 ) ( 6633 8760 -8968 ) bricks1 [ 1.0718754395722282e-15 1 0 -688 ] [ -1 1.0718754395722282e-15 0 272 ] 0 0.1 0.1
( 6648 8536 -8808 ) ( 6649 8536 -8808 ) ( 6648 8535 -8808 ) bricks1 [ -1.0718754395722282e-15 -1 0 688 ] [ -1 1.0718754395722282e-15 0 272 ] 0 0.1 0.1
( 6632 8760 -8968 ) ( 6633 8760 -8968 ) ( 6632 8760 -8967 ) bricks1 [ -1 1.0718754395722282e-15 0 272 ] [ 0 0 -1 -752 ] 90 0.1 0.1
( 6648 8536 -8952 ) ( 6648 8535 -8952 ) ( 6648 8536 -8951 ) bricks1 [ 1.0718754395722282e-15 1 0 -688 ] [ 0 0 -1 -752 ] 90 0.1 0.1
}
// brush 272
{
( 6808 7960 -8968 ) ( 6808 7960 -8967 ) ( 6808 7959 -8968 ) bricks1 [ -1.0718754395722282e-15 -1 0 880 ] [ 0 0 -1 -752 ] 90 0.1 0.1
( 6824 7784 -8952 ) ( 6824 7784 -8951 ) ( 6825 7784 -8952 ) bricks1 [ 1 -1.0718754395722282e-15 0 -1008 ] [ 0 0 -1 -752 ] 180 0.1 0.1
( 6808 7960 -8968 ) ( 6808 7959 -8968 ) ( 6809 7960 -8968 ) bricks1 [ 1.0718754395722282e-15 1 0 -880 ] [ -1 1.0718754395722282e-15 0 1008 ] 0 0.1 0.1
( 6824 7736 -8552 ) ( 6825 7736 -8552 ) ( 6824 7735 -8552 ) bricks1 [ -1.0718754395722282e-15 -1 0 880 ] [ -1 1.0718754395722282e-15 0 1008 ] 270 0.1 0.1
( 6808 7960 -8968 ) ( 6809 7960 -8968 ) ( 6808 7960 -8967 ) bricks1 [ -1 1.0718754395722282e-15 0 1008 ] [ 0 0 -1 -752 ] 90 0.1 0.1
( 6824 7736 -8952 ) ( 6824 7735 -8952 ) ( 6824 7736 -8951 ) bricks1 [ 1.0718754395722282e-15 1 0 -880 ] [ 0 0 -1 -752 ] 90 0.1 0.1
}
// brush 273
{
( 7160 7592 -8968 ) ( 7160 7592 -8967 ) ( 7160 7591 -8968 ) bricks1 [ -1.0718754395722282e-15 -1 0 272 ] [ 0 0 -1 -752 ] 180 0.1 0.1
( 7176 7192 -8952 ) ( 7176 7192 -8951 ) ( 7177 7192 -8952 ) bricks1 [ 1 -1.0718754395722282e-15 0 -432 ] [ 0 0 -1 -752 ] 0 0.1 0.1
( 7160 7592 -8968 ) ( 7160 7591 -8968 ) ( 7161 7592 -8968 ) bricks1 [ 1.0718754395722282e-15 1 0 -272 ] [ -1 1.0718754395722282e-15 0 432 ] 90 0.1 0.1
( 7176 7368 -8840 ) ( 7177 7368 -8840 ) ( 7176 7367 -8840 ) bricks1 [ -1.0718754395722282e-15 -1 0 272 ] [ -1 1.0718754395722282e-15 0 432 ] 90 0.1 0.1
( 7160 7592 -8968 ) ( 7161 7592 -8968 ) ( 7160 7592 -8967 ) bricks1 [ -1 1.0718754395722282e-15 0 432 ] [ 0 0 -1 -752 ] 180 0.1 0.1
( 7176 7368 -8952 ) ( 7176 7367 -8952 ) ( 7176 7368 -8951 ) bricks1 [ 1.0718754395722282e-15 1 0 -272 ] [ 0 0 -1 -752 ] 180 0.1 0.1
}
// brush 274
{
( 6168 8872 -8968 ) ( 6168 8872 -8967 ) ( 6168 8871 -8968 ) bricks1 [ -1.0718754395722282e-15 -1 0 784 ] [ 0 0 -1 -752 ] 270 0.1 0.1
( 6184 8472 -8952 ) ( 6184 8472 -8951 ) ( 6185 8472 -8952 ) bricks1 [ 1 -1.0718754395722282e-15 0 -752 ] [ 0 0 -1 -752 ] 90 0.1 0.1
( 6168 8872 -8968 ) ( 6168 8871 -8968 ) ( 6169 8872 -8968 ) bricks1 [ 1.0718754395722282e-15 1 0 -784 ] [ -1 1.0718754395722282e-15 0 752 ] 180 0.1 0.1
( 6184 8648 -8648 ) ( 6185 8648 -8648 ) ( 6184 8647 -8648 ) bricks1 [ -1.0718754395722282e-15 -1 0 784 ] [ -1 1.0718754395722282e-15 0 752 ] 90 0.1 0.1
( 6168 8872 -8968 ) ( 6169 8872 -8968 ) ( 6168 8872 -8967 ) bricks1 [ -1 1.0718754395722282e-15 0 752 ] [ 0 0 -1 -752 ] 270 0.1 0.1
( 6184 8648 -8952 ) ( 6184 8647 -8952 ) ( 6184 8648 -8951 ) bricks1 [ 1.0718754395722282e-15 1 0 -784 ] [ 0 0 -1 -752 ] 270 0.1 0.1
}
// brush 275
{
( 6392 8360 -8968 ) ( 6392 8360 -8967 ) ( 6392 8359 -8968 ) bricks1 [ -1.0718754395722282e-15 -1 0 784 ] [ 0 0 -1 -752 ] 0 0.1 0.1
( 6408 7960 -8952 ) ( 6408 7960 -8951 ) ( 6409 7960 -8952 ) bricks1 [ 1 -1.0718754395722282e-15 0 -944 ] [ 0 0 -1 -752 ] 180 0.1 0.1
( 6392 8360 -8968 ) ( 6392 8359 -8968 ) ( 6393 8360 -8968 ) bricks1 [ 1.0718754395722282e-15 1 0 -784 ] [ -1 1.0718754395722282e-15 0 944 ] 270 0.1 0.1
( 6408 8136 -8728 ) ( 6409 8136 -8728 ) ( 6408 8135 -8728 ) bricks1 [ -1.0718754395722282e-15 -1 0 784 ] [ -1 1.0718754395722282e-15 0 944 ] 0 0.1 0.1
( 6392 8360 -8968 ) ( 6393 8360 -8968 ) ( 6392 8360 -8967 ) bricks1 [ -1 1.0718754395722282e-15 0 944 ] [ 0 0 -1 -752 ] 0 0.1 0.1
( 6408 8136 -8952 ) ( 6408 8135 -8952 ) ( 6408 8136 -8951 ) bricks1 [ 1.0718754395722282e-15 1 0 -784 ] [ 0 0 -1 -752 ] 0 0.1 0.1
}
// brush 276
{
( 6168 7976 -9064 ) ( 6168 7977 -9064 ) ( 6168 7976 -9063 ) bricks1 [ 0 -1 0 400 ] [ 0 0 -1 -688 ] 180 0.1 0.1
( 6168 7976 -9064 ) ( 6168 7976 -9063 ) ( 6169 7976 -9064 ) bricks1 [ 1 0 0 -112 ] [ 0 0 -1 -688 ] 180 0.1 0.1
( 6168 7976 -8968 ) ( 6169 7976 -8968 ) ( 6168 7977 -8968 ) bricks1 [ -1 0 0 112 ] [ 0 -1 0 400 ] 90 0.1 0.1
( 6392 7992 -8824 ) ( 6392 7993 -8824 ) ( 6393 7992 -8824 ) bricks1 [ 1 0 0 -112 ] [ 0 -1 0 400 ] 90 0.1 0.1
( 6392 7992 -9048 ) ( 6393 7992 -9048 ) ( 6392 7992 -9047 ) bricks1 [ -1 0 0 112 ] [ 0 0 -1 -688 ] 180 0.1 0.1
( 6392 7992 -9048 ) ( 6392 7992 -9047 ) ( 6392 7993 -9048 ) bricks1 [ 0 1 0 -400 ] [ 0 0 -1 -688 ] 270 0.1 0.1
}
// brush 277
{
( 6168 7192 -8824 ) ( 6168 7193 -8824 ) ( 6168 7192 -8823 ) bricks1 [ 0 -1 0 752 ] [ 0 0 -1 -752 ] 180 0.1 0.1
( 6168 7192 -8824 ) ( 6168 7192 -8823 ) ( 6169 7192 -8824 ) bricks1 [ 1 0 0 -112 ] [ 0 0 -1 -752 ] 180 0.1 0.1
( 6168 7192 -8824 ) ( 6169 7192 -8824 ) ( 6168 7193 -8824 ) bricks1 [ -1 0 0 112 ] [ 0 -1 0 752 ] 180 0.1 0.1
( 6232 7208 -8648 ) ( 6232 7209 -8648 ) ( 6233 7208 -8648 ) bricks1 [ 1 0 0 -112 ] [ 0 -1 0 752 ] 90 0.1 0.1
( 6232 7208 -8808 ) ( 6233 7208 -8808 ) ( 6232 7208 -8807 ) bricks1 [ -1 0 0 112 ] [ 0 0 -1 -752 ] 180 0.1 0.1
( 6312 7208 -8808 ) ( 6312 7208 -8807 ) ( 6312 7209 -8808 ) bricks1 [ 0 1 0 -752 ] [ 0 0 -1 -752 ] 90 0.1 0.1
}
// brush 278
{
( 7064 7176 -8856 ) ( 7064 7177 -8856 ) ( 7064 7176 -8855 ) bricks1 [ 0 -1 0 592 ] [ 0 0 -1 -48 ] 270 0.1 0.1
( 7064 7176 -8856 ) ( 7064 7176 -8855 ) ( 7065 7176 -8856 ) bricks1 [ 1 0 0 -880 ] [ 0 0 -1 -48 ] 270 0.1 0.1
( 7064 7176 -8856 ) ( 7065 7176 -8856 ) ( 7064 7177 -8856 ) bricks1 [ -1 0 0 880 ] [ 0 -1 0 592 ] 270 0.1 0.1
( 7128 7192 -8648 ) ( 7128 7193 -8648 ) ( 7129 7192 -8648 ) bricks1 [ 1 0 0 -880 ] [ 0 -1 0 592 ] 90 0.1 0.1
( 7128 7192 -8840 ) ( 7129 7192 -8840 ) ( 7128 7192 -8839 ) bricks1 [ -1 0 0 880 ] [ 0 0 -1 -48 ] 270 0.1 0.1
( 7128 7192 -8840 ) ( 7128 7192 -8839 ) ( 7128 7193 -8840 ) bricks1 [ 0 1 0 -592 ] [ 0 0 -1 -48 ] 90 0.1 0.1
}
// brush 279
{
( 7128 7176 -8856 ) ( 7128 7177 -8856 ) ( 7128 7176 -8855 ) bricks1 [ 0 -1 0 592 ] [ 0 0 -1 -48 ] 90 0.1 0.1
( 7128 7176 -8856 ) ( 7128 7176 -8855 ) ( 7129 7176 -8856 ) bricks1 [ 1 0 0 -496 ] [ 0 0 -1 -48 ] 90 0.1 0.1
( 7128 7176 -8856 ) ( 7129 7176 -8856 ) ( 7128 7177 -8856 ) bricks1 [ -1 0 0 496 ] [ 0 -1 0 592 ] 90 0.1 0.1
( 7192 7192 -8728 ) ( 7192 7193 -8728 ) ( 7193 7192 -8728 ) bricks1 [ 1 0 0 -496 ] [ 0 -1 0 592 ] 270 0.1 0.1
( 7192 7192 -8840 ) ( 7193 7192 -8840 ) ( 7192 7192 -8839 ) bricks1 [ -1 0 0 496 ] [ 0 0 -1 -48 ] 90 0.1 0.1
( 7272 7192 -8840 ) ( 7272 7192 -8839 ) ( 7272 7193 -8840 ) bricks1 [ 0 1 0 -592 ] [ 0 0 -1 -48 ] 0 0.1 0.1
}
// brush 280
{
( 7320 7176 -8856 ) ( 7320 7177 -8856 ) ( 7320 7176 -8855 ) bricks1 [ 0 -1 0 592 ] [ 0 0 -1 -48 ] 0 0.1 0.1
( 7320 7176 -8856 ) ( 7320 7176 -8855 ) ( 7321 7176 -8856 ) bricks1 [ 1 0 0 -368 ] [ 0 0 -1 -48 ] 0 0.1 0.1
( 7320 7176 -8856 ) ( 7321 7176 -8856 ) ( 7320 7177 -8856 ) bricks1 [ -1 0 0 368 ] [ 0 -1 0 592 ] 0 0.1 0.1
( 7384 7192 -8808 ) ( 7384 7193 -8808 ) ( 7385 7192 -8808 ) bricks1 [ 1 0 0 -368 ] [ 0 -1 0 592 ] 180 0.1 0.1
( 7384 7192 -8840 ) ( 7385 7192 -8840 ) ( 7384 7192 -8839 ) bricks1 [ -1 0 0 368 ] [ 0 0 -1 -48 ] 0 0.1 0.1
( 7464 7192 -8840 ) ( 7464 7192 -8839 ) ( 7464 7193 -8840 ) bricks1 [ 0 1 0 -592 ] [ 0 0 -1 -48 ] 270 0.1 0.1
}
// brush 281
{
( 6424 7192 -8824 ) ( 6424 7193 -8824 ) ( 6424 7192 -8823 ) bricks1 [ 0 -1 0 752 ] [ 0 0 -1 -752 ] 180 0.1 0.1
( 6424 7192 -8824 ) ( 6424 7192 -8823 ) ( 6425 7192 -8824 ) bricks1 [ 1 0 0 -624 ] [ 0 0 -1 -752 ] 180 0.1 0.1
( 6424 7192 -8824 ) ( 6425 7192 -8824 ) ( 6424 7193 -8824 ) bricks1 [ -1 0 0 624 ] [ 0 -1 0 752 ] 180 0.1 0.1
( 6488 7208 -8792 ) ( 6488 7209 -8792 ) ( 6489 7208 -8792 ) bricks1 [ 1 0 0 -624 ] [ 0 -1 0 752 ] 0 0.1 0.1
( 6488 7208 -8808 ) ( 6489 7208 -8808 ) ( 6488 7208 -8807 ) bricks1 [ -1 0 0 624 ] [ 0 0 -1 -752 ] 180 0.1 0.1
( 6568 7208 -8808 ) ( 6568 7208 -8807 ) ( 6568 7209 -8808 ) bricks1 [ 0 1 0 -752 ] [ 0 0 -1 -752 ] 90 0.1 0.1
}
// brush 282
{
( 6248 7976 -8824 ) ( 6248 7977 -8824 ) ( 6248 7976 -8823 ) bricks1 [ 0 -1 0 400 ] [ 0 0 -1 -752 ] 180 0.1 0.1
( 6248 7976 -8824 ) ( 6248 7976 -8823 ) ( 6249 7976 -8824 ) bricks1 [ 1 0 0 -912 ] [ 0 0 -1 -752 ] 180 0.1 0.1
( 6248 7976 -8824 ) ( 6249 7976 -8824 ) ( 6248 7977 -8824 ) bricks1 [ -1 0 0 912 ] [ 0 -1 0 400 ] 180 0.1 0.1
( 6312 7992 -8776 ) ( 6312 7993 -8776 ) ( 6313 7992 -8776 ) bricks1 [ 1 0 0 -912 ] [ 0 -1 0 400 ] 0 0.1 0.1
( 6312 7992 -8808 ) ( 6313 7992 -8808 ) ( 6312 7992 -8807 ) bricks1 [ -1 0 0 912 ] [ 0 0 -1 -752 ] 180 0.1 0.1
( 6392 7992 -8808 ) ( 6392 7992 -8807 ) ( 6392 7993 -8808 ) bricks1 [ 0 1 0 -400 ] [ 0 0 -1 -752 ] 90 0.1 0.1
}
// brush 283
{
( 6392 8360 -8648 ) ( 6392 8361 -8648 ) ( 6392 8360 -8647 ) bricks1 [ 0 -1 0 144 ] [ 0 0 -1 -16 ] 0 0.1 0.1
( 6392 8344 -8648 ) ( 6392 8344 -8647 ) ( 6393 8344 -8648 ) bricks1 [ 1 0 0 -304 ] [ 0 0 -1 -16 ] 180 0.1 0.1
( 6392 8360 -8648 ) ( 6393 8360 -8648 ) ( 6392 8361 -8648 ) bricks1 [ -1 0 0 304 ] [ 0 -1 0 144 ] 0 0.1 0.1
( 6456 8376 -8600 ) ( 6456 8377 -8600 ) ( 6457 8376 -8600 ) bricks1 [ 1 0 0 -304 ] [ 0 -1 0 144 ] 90 0.1 0.1
( 6456 8360 -8632 ) ( 6457 8360 -8632 ) ( 6456 8360 -8631 ) bricks1 [ -1 0 0 304 ] [ 0 0 -1 -16 ] 270 0.1 0.1
( 6536 8376 -8632 ) ( 6536 8376 -8631 ) ( 6536 8377 -8632 ) bricks1 [ 0 1 0 -144 ] [ 0 0 -1 -16 ] 270 0.1 0.1
}
// brush 284
{
( 7192 8824 -8728 ) ( 7192 8825 -8728 ) ( 7192 8824 -8727 ) bricks1 [ 0 -1 0 688 ] [ 0 0 -1 -816 ] 0 0.1 0.1
( 7192 8824 -8728 ) ( 7192 8824 -8727 ) ( 7193 8824 -8728 ) bricks1 [ 1 0 0 -112 ] [ 0 0 -1 -816 ] 0 0.1 0.1
( 7192 8824 -8728 ) ( 7193 8824 -8728 ) ( 7192 8825 -8728 ) bricks1 [ -1 0 0 112 ] [ 0 -1 0 688 ] 0 0.1 0.1
( 7256 8840 -8632 ) ( 7256 8841 -8632 ) ( 7257 8840 -8632 ) bricks1 [ 1 0 0 -112 ] [ 0 -1 0 688 ] 180 0.1 0.1
( 7256 8840 -8712 ) ( 7257 8840 -8712 ) ( 7256 8840 -8711 ) bricks1 [ -1 0 0 112 ] [ 0 0 -1 -816 ] 0 0.1 0.1
( 7336 8840 -8712 ) ( 7336 8840 -8711 ) ( 7336 8841 -8712 ) bricks1 [ 0 1 0 -688 ] [ 0 0 -1 -816 ] 270 0.1 0.1
}
// brush 285
{
( 7336 8824 -8936 ) ( 7336 8825 -8936 ) ( 7336 8824 -8935 ) bricks1 [ 0 -1 0 688 ] [ 0 0 -1 -848 ] 0 0.1 0.1
( 7320 8824 -8936 ) ( 7320 8824 -8935 ) ( 7321 8824 -8936 ) bricks1 [ 1 0 0 -368 ] [ 0 0 -1 -848 ] 90 0.1 0.1
( 7320 8824 -8728 ) ( 7321 8824 -8728 ) ( 7320 8825 -8728 ) bricks1 [ -1 0 0 368 ] [ 0 -1 0 688 ] 0 0.1 0.1
( 7384 8840 -8600 ) ( 7384 8841 -8600 ) ( 7385 8840 -8600 ) bricks1 [ 1 0 0 -368 ] [ 0 -1 0 688 ] 180 0.1 0.1
( 7384 8840 -8920 ) ( 7385 8840 -8920 ) ( 7384 8840 -8919 ) bricks1 [ -1 0 0 368 ] [ 0 0 -1 -848 ] 90 0.1 0.1
( 7464 8840 -8920 ) ( 7464 8840 -8919 ) ( 7464 8841 -8920 ) bricks1 [ 0 1 0 -688 ] [ 0 0 -1 -848 ] 0 0.1 0.1
}
// brush 286
{
( 6632 8824 -8968 ) ( 6632 8824 -8967 ) ( 6632 8823 -8968 ) bricks1 [ -1.0718754395722282e-15 -1 0 304 ] [ 0 0 -1 -752 ] 0 0.1 0.1
( 6648 8472 -8952 ) ( 6648 8472 -8951 ) ( 6649 8472 -8952 ) bricks1 [ 1 -1.0718754395722282e-15 0 -272 ] [ 0 0 -1 -752 ] 90 0.1 0.1
( 6632 8824 -8808 ) ( 6632 8823 -8808 ) ( 6633 8824 -8808 ) bricks1 [ 1.0718754395722282e-15 1 0 -304 ] [ -1 1.0718754395722282e-15 0 272 ] 90 0.1 0.1
( 6648 8600 -8760 ) ( 6649 8600 -8760 ) ( 6648 8599 -8760 ) bricks1 [ -1.0718754395722282e-15 -1 0 304 ] [ -1 1.0718754395722282e-15 0 272 ] 90 0.1 0.1
( 6632 8584 -8968 ) ( 6633 8584 -8968 ) ( 6632 8584 -8967 ) bricks1 [ -1 1.0718754395722282e-15 0 272 ] [ 0 0 -1 -752 ] 270 0.1 0.1
( 6648 8600 -8952 ) ( 6648 8599 -8952 ) ( 6648 8600 -8951 ) bricks1 [ 1.0718754395722282e-15 1 0 -304 ] [ 0 0 -1 -752 ] 0 0.1 0.1
}
// brush 287
{
( 6168 9112 -8648 ) ( 6168 9112 -8647 ) ( 6168 9111 -8648 ) bricks1 [ -1.0718754395722282e-15 -1 0 112 ] [ 0 0 -1 -624 ] 270 0.1 0.1
( 6184 8760 -8632 ) ( 6184 8760 -8631 ) ( 6185 8760 -8632 ) bricks1 [ 1 -1.0718754395722282e-15 0 -752 ] [ 0 0 -1 -624 ] 0 0.1 0.1
( 6168 9112 -8648 ) ( 6168 9111 -8648 ) ( 6169 9112 -8648 ) bricks1 [ 1.0718754395722282e-15 1 0 -112 ] [ -1 1.0718754395722282e-15 0 752 ] 270 0.1 0.1
( 6184 8888 -8440 ) ( 6185 8888 -8440 ) ( 6184 8887 -8440 ) bricks1 [ -1.0718754395722282e-15 -1 0 112 ] [ -1 1.0718754395722282e-15 0 752 ] 0 0.1 0.1
( 6168 8872 -8648 ) ( 6169 8872 -8648 ) ( 6168 8872 -8647 ) bricks1 [ -1 1.0718754395722282e-15 0 752 ] [ 0 0 -1 -624 ] 180 0.1 0.1
( 6184 8888 -8632 ) ( 6184 8887 -8632 ) ( 6184 8888 -8631 ) bricks1 [ 1.0718754395722282e-15 1 0 -112 ] [ 0 0 -1 -624 ] 270 0.1 0.1
}
// brush 288
{
( 6168 8888 -8872 ) ( 6168 8888 -8871 ) ( 6168 8887 -8872 ) bricks1 [ -1.0718754395722282e-15 -1 0 944 ] [ 0 0 -1 -816 ] 270 0.1 0.1
( 6184 8536 -8856 ) ( 6184 8536 -8855 ) ( 6185 8536 -8856 ) bricks1 [ 1 -1.0718754395722282e-15 0 -752 ] [ 0 0 -1 -816 ] 0 0.1 0.1
( 6168 8888 -8648 ) ( 6168 8887 -8648 ) ( 6169 8888 -8648 ) bricks1 [ 1.0718754395722282e-15 1 0 -944 ] [ -1 1.0718754395722282e-15 0 752 ] 270 0.1 0.1
( 6184 8664 -8584 ) ( 6185 8664 -8584 ) ( 6184 8663 -8584 ) bricks1 [ -1.0718754395722282e-15 -1 0 944 ] [ -1 1.0718754395722282e-15 0 752 ] 180 0.1 0.1
( 6168 8760 -8872 ) ( 6169 8760 -8872 ) ( 6168 8760 -8871 ) bricks1 [ -1 1.0718754395722282e-15 0 752 ] [ 0 0 -1 -816 ] 90 0.1 0.1
( 6184 8664 -8856 ) ( 6184 8663 -8856 ) ( 6184 8664 -8855 ) bricks1 [ 1.0718754395722282e-15 1 0 -944 ] [ 0 0 -1 -816 ] 270 0.1 0.1
}
// brush 289
{
( 6808 8312 -8888 ) ( 6808 8312 -8887 ) ( 6808 8311 -8888 ) bricks1 [ -1.0718754395722282e-15 -1 0 304 ] [ 0 0 -1 -976 ] 0 0.1 0.1
( 6824 7960 -8872 ) ( 6824 7960 -8871 ) ( 6825 7960 -8872 ) bricks1 [ 1 -1.0718754395722282e-15 0 -1008 ] [ 0 0 -1 -976 ] 90 0.1 0.1
( 6808 8312 -8728 ) ( 6808 8311 -8728 ) ( 6809 8312 -8728 ) bricks1 [ 1.0718754395722282e-15 1 0 -304 ] [ -1 1.0718754395722282e-15 0 1008 ] 90 0.1 0.1
( 6824 8088 -8600 ) ( 6825 8088 -8600 ) ( 6824 8087 -8600 ) bricks1 [ -1.0718754395722282e-15 -1 0 304 ] [ -1 1.0718754395722282e-15 0 1008 ] 0 0.1 0.1
( 6808 8072 -8888 ) ( 6809 8072 -8888 ) ( 6808 8072 -8887 ) bricks1 [ -1 1.0718754395722282e-15 0 1008 ] [ 0 0 -1 -976 ] 270 0.1 0.1
( 6824 8088 -8872 ) ( 6824 8087 -8872 ) ( 6824 8088 -8871 ) bricks1 [ 1.0718754395722282e-15 1 0 -304 ] [ 0 0 -1 -976 ] 0 0.1 0.1
}
// brush 290
{
( 6808 8536 -8888 ) ( 6808 8536 -8887 ) ( 6808 8535 -8888 ) bricks1 [ -1.0718754395722282e-15 -1 0 496 ] [ 0 0 -1 -976 ] 0 0.1 0.1
( 6824 8184 -8872 ) ( 6824 8184 -8871 ) ( 6825 8184 -8872 ) bricks1 [ 1 -1.0718754395722282e-15 0 -1008 ] [ 0 0 -1 -976 ] 90 0.1 0.1
( 6808 8536 -8728 ) ( 6808 8535 -8728 ) ( 6809 8536 -8728 ) bricks1 [ 1.0718754395722282e-15 1 0 -496 ] [ -1 1.0718754395722282e-15 0 1008 ] 90 0.1 0.1
( 6824 8312 -8696 ) ( 6825 8312 -8696 ) ( 6824 8311 -8696 ) bricks1 [ -1.0718754395722282e-15 -1 0 496 ] [ -1 1.0718754395722282e-15 0 1008 ] 0 0.1 0.1
( 6808 8296 -8888 ) ( 6809 8296 -8888 ) ( 6808 8296 -8887 ) bricks1 [ -1 1.0718754395722282e-15 0 1008 ] [ 0 0 -1 -976 ] 270 0.1 0.1
( 6824 8312 -8872 ) ( 6824 8311 -8872 ) ( 6824 8312 -8871 ) bricks1 [ 1.0718754395722282e-15 1 0 -496 ] [ 0 0 -1 -976 ] 0 0.1 0.1
}
// brush 291
{
( 6808 8376 -8888 ) ( 6808 8376 -8887 ) ( 6808 8375 -8888 ) bricks1 [ -1.0718754395722282e-15 -1 0 944 ] [ 0 0 -1 -976 ] 90 0.1 0.1
( 6824 8072 -8872 ) ( 6824 8072 -8871 ) ( 6825 8072 -8872 ) bricks1 [ 1 -1.0718754395722282e-15 0 -1008 ] [ 0 0 -1 -976 ] 0 0.1 0.1
( 6808 8376 -8728 ) ( 6808 8375 -8728 ) ( 6809 8376 -8728 ) bricks1 [ 1.0718754395722282e-15 1 0 -944 ] [ -1 1.0718754395722282e-15 0 1008 ] 180 0.1 0.1
( 6824 8152 -8632 ) ( 6825 8152 -8632 ) ( 6824 8151 -8632 ) bricks1 [ -1.0718754395722282e-15 -1 0 944 ] [ -1 1.0718754395722282e-15 0 1008 ] 90 0.1 0.1
( 6808 8136 -8888 ) ( 6809 8136 -8888 ) ( 6808 8136 -8887 ) bricks1 [ -1 1.0718754395722282e-15 0 1008 ] [ 0 0 -1 -976 ] 0 0.1 0.1
( 6824 8152 -8872 ) ( 6824 8151 -8872 ) ( 6824 8152 -8871 ) bricks1 [ 1.0718754395722282e-15 1 0 -944 ] [ 0 0 -1 -976 ] 90 0.1 0.1
}
// brush 292
{
( 7160 7832 -8888 ) ( 7160 7832 -8887 ) ( 7160 7831 -8888 ) bricks1 [ -1.0718754395722282e-15 -1 0 624 ] [ 0 0 -1 -976 ] 0 0.1 0.1
( 7176 7480 -8872 ) ( 7176 7480 -8871 ) ( 7177 7480 -8872 ) bricks1 [ 1 -1.0718754395722282e-15 0 -432 ] [ 0 0 -1 -976 ] 90 0.1 0.1
( 7160 7832 -8840 ) ( 7160 7831 -8840 ) ( 7161 7832 -8840 ) bricks1 [ 1.0718754395722282e-15 1 0 -624 ] [ -1 1.0718754395722282e-15 0 432 ] 270 0.1 0.1
( 7176 7608 -8680 ) ( 7177 7608 -8680 ) ( 7176 7607 -8680 ) bricks1 [ -1.0718754395722282e-15 -1 0 624 ] [ -1 1.0718754395722282e-15 0 432 ] 90 0.1 0.1
( 7160 7592 -8888 ) ( 7161 7592 -8888 ) ( 7160 7592 -8887 ) bricks1 [ -1 1.0718754395722282e-15 0 432 ] [ 0 0 -1 -976 ] 270 0.1 0.1
( 7176 7608 -8872 ) ( 7176 7607 -8872 ) ( 7176 7608 -8871 ) bricks1 [ 1.0718754395722282e-15 1 0 -624 ] [ 0 0 -1 -976 ] 0 0.1 0.1
}
// brush 293
{
( 7160 7672 -9048 ) ( 7160 7672 -9047 ) ( 7160 7671 -9048 ) bricks1 [ -1.0718754395722282e-15 -1 0 48 ] [ 0 0 -1 -528 ] 180 0.1 0.1
( 7176 7320 -9032 ) ( 7176 7320 -9031 ) ( 7177 7320 -9032 ) bricks1 [ 1 -1.0718754395722282e-15 0 -432 ] [ 0 0 -1 -528 ] 270 0.1 0.1
( 7160 7672 -8840 ) ( 7160 7671 -8840 ) ( 7161 7672 -8840 ) bricks1 [ 1.0718754395722282e-15 1 0 -48 ] [ -1 1.0718754395722282e-15 0 432 ] 180 0.1 0.1
( 7176 7448 -8776 ) ( 7177 7448 -8776 ) ( 7176 7447 -8776 ) bricks1 [ -1.0718754395722282e-15 -1 0 48 ] [ -1 1.0718754395722282e-15 0 432 ] 180 0.1 0.1
( 7160 7480 -9048 ) ( 7161 7480 -9048 ) ( 7160 7480 -9047 ) bricks1 [ -1 1.0718754395722282e-15 0 432 ] [ 0 0 -1 -528 ] 0 0.1 0.1
( 7176 7448 -9032 ) ( 7176 7447 -9032 ) ( 7176 7448 -9031 ) bricks1 [ 1.0718754395722282e-15 1 0 -48 ] [ 0 0 -1 -528 ] 180 0.1 0.1
}
// brush 294
{
( 7160 7768 -8936 ) ( 7160 7768 -8935 ) ( 7160 7767 -8936 ) bricks1 [ -1.0718754395722282e-15 -1 0 1008 ] [ 0 0 -1 -432 ] 90 0.1 0.1
( 7176 7416 -8920 ) ( 7176 7416 -8919 ) ( 7177 7416 -8920 ) bricks1 [ 1 -1.0718754395722282e-15 0 -432 ] [ 0 0 -1 -432 ] 180 0.1 0.1
( 7160 7768 -8776 ) ( 7160 7767 -8776 ) ( 7161 7768 -8776 ) bricks1 [ 1.0718754395722282e-15 1 0 -1008 ] [ -1 1.0718754395722282e-15 0 432 ] 180 0.1 0.1
( 7176 7544 -8728 ) ( 7177 7544 -8728 ) ( 7176 7543 -8728 ) bricks1 [ -1.0718754395722282e-15 -1 0 1008 ] [ -1 1.0718754395722282e-15 0 432 ] 180 0.1 0.1
( 7160 7480 -8936 ) ( 7161 7480 -8936 ) ( 7160 7480 -8935 ) bricks1 [ -1 1.0718754395722282e-15 0 432 ] [ 0 0 -1 -432 ] 270 0.1 0.1
( 7176 7544 -8920 ) ( 7176 7543 -8920 ) ( 7176 7544 -8919 ) bricks1 [ 1.0718754395722282e-15 1 0 -1008 ] [ 0 0 -1 -432 ] 90 0.1 0.1
}
// brush 295
{
( 7448 7736 -9144 ) ( 7448 7736 -9143 ) ( 7448 7735 -9144 ) bricks1 [ -1.0718754395722282e-15 -1 0 688 ] [ 0 0 -1 -464 ] 180 0.1 0.1
( 7448 7192 -9128 ) ( 7448 7192 -9127 ) ( 7449 7192 -9128 ) bricks1 [ 1 -1.0718754395722282e-15 0 -80 ] [ 0 0 -1 -464 ] 270 0.1 0.1
( 7432 7736 -8728 ) ( 7432 7735 -8728 ) ( 7433 7736 -8728 ) bricks1 [ 1.0718754395722282e-15 1 0 -688 ] [ -1 1.0718754395722282e-15 0 80 ] 270 0.1 0.1
( 7448 7512 -8696 ) ( 7449 7512 -8696 ) ( 7448 7511 -8696 ) bricks1 [ -1.0718754395722282e-15 -1 0 688 ] [ -1 1.0718754395722282e-15 0 80 ] 270 0.1 0.1
( 7432 7544 -9144 ) ( 7433 7544 -9144 ) ( 7432 7544 -9143 ) bricks1 [ -1 1.0718754395722282e-15 0 80 ] [ 0 0 -1 -464 ] 90 0.1 0.1
( 7464 7512 -9128 ) ( 7464 7511 -9128 ) ( 7464 7512 -9127 ) bricks1 [ 1.0718754395722282e-15 1 0 -688 ] [ 0 0 -1 -464 ] 180 0.1 0.1
}
// brush 296
{
( 7448 7720 -8856 ) ( 7448 7720 -8855 ) ( 7448 7719 -8856 ) bricks1 [ -1.0718754395722282e-15 -1 0 528 ] [ 0 0 -1 -656 ] 270 0.1 0.1
( 7464 7192 -8840 ) ( 7464 7192 -8839 ) ( 7465 7192 -8840 ) bricks1 [ 1 -1.0718754395722282e-15 0 -240 ] [ 0 0 -1 -656 ] 270 0.1 0.1
( 7448 7720 -8696 ) ( 7448 7719 -8696 ) ( 7449 7720 -8696 ) bricks1 [ 1.0718754395722282e-15 1 0 -528 ] [ -1 1.0718754395722282e-15 0 240 ] 0 0.1 0.1
( 7464 7496 -8648 ) ( 7465 7496 -8648 ) ( 7464 7495 -8648 ) bricks1 [ -1.0718754395722282e-15 -1 0 528 ] [ -1 1.0718754395722282e-15 0 240 ] 0 0.1 0.1
( 7448 7480 -8856 ) ( 7449 7480 -8856 ) ( 7448 7480 -8855 ) bricks1 [ -1 1.0718754395722282e-15 0 240 ] [ 0 0 -1 -656 ] 180 0.1 0.1
( 7464 7496 -8840 ) ( 7464 7495 -8840 ) ( 7464 7496 -8839 ) bricks1 [ 1.0718754395722282e-15 1 0 -528 ] [ 0 0 -1 -656 ] 270 0.1 0.1
}
// brush 297
{
( 6808 7784 -8968 ) ( 6808 7784 -8967 ) ( 6808 7783 -8968 ) bricks1 [ -1.0718754395722282e-15 -1 0 144 ] [ 0 0 -1 -752 ] 90 0.1 0.1
( 6824 7608 -8952 ) ( 6824 7608 -8951 ) ( 6825 7608 -8952 ) bricks1 [ 1 -1.0718754395722282e-15 0 -1008 ] [ 0 0 -1 -752 ] 180 0.1 0.1
( 6808 7784 -8968 ) ( 6808 7783 -8968 ) ( 6809 7784 -8968 ) bricks1 [ 1.0718754395722282e-15 1 0 -144 ] [ -1 1.0718754395722282e-15 0 1008 ] 0 0.1 0.1
( 6824 7560 -8904 ) ( 6825 7560 -8904 ) ( 6824 7559 -8904 ) bricks1 [ -1.0718754395722282e-15 -1 0 144 ] [ -1 1.0718754395722282e-15 0 1008 ] 180 0.1 0.1
( 6808 7784 -8968 ) ( 6809 7784 -8968 ) ( 6808 7784 -8967 ) bricks1 [ -1 1.0718754395722282e-15 0 1008 ] [ 0 0 -1 -752 ] 90 0.1 0.1
( 6824 7560 -8952 ) ( 6824 7559 -8952 ) ( 6824 7560 -8951 ) bricks1 [ 1.0718754395722282e-15 1 0 -144 ] [ 0 0 -1 -752 ] 90 0.1 0.1
}
// brush 298
{
( 6808 7672 -9352 ) ( 6808 7672 -9351 ) ( 6808 7671 -9352 ) bricks1 [ -1.0718754395722282e-15 -1 0 48 ] [ 0 0 -1 -496 ] 90 0.1 0.1
( 6824 7576 -9336 ) ( 6824 7576 -9335 ) ( 6825 7576 -9336 ) bricks1 [ 1 -1.0718754395722282e-15 0 -1008 ] [ 0 0 -1 -496 ] 90 0.1 0.1
( 6808 7672 -9352 ) ( 6808 7671 -9352 ) ( 6809 7672 -9352 ) bricks1 [ 1.0718754395722282e-15 1 0 -48 ] [ -1 1.0718754395722282e-15 0 1008 ] 0 0.1 0.1
( 6824 7448 -8760 ) ( 6825 7448 -8760 ) ( 6824 7447 -8760 ) bricks1 [ -1.0718754395722282e-15 -1 0 48 ] [ -1 1.0718754395722282e-15 0 1008 ] 90 0.1 0.1
( 6808 7624 -9352 ) ( 6809 7624 -9352 ) ( 6808 7624 -9351 ) bricks1 [ -1 1.0718754395722282e-15 0 1008 ] [ 0 0 -1 -496 ] 0 0.1 0.1
( 6824 7448 -9336 ) ( 6824 7447 -9336 ) ( 6824 7448 -9335 ) bricks1 [ 1.0718754395722282e-15 1 0 -48 ] [ 0 0 -1 -496 ] 90 0.1 0.1
}
// brush 299
{
( 7320 8696 -8968 ) ( 7320 8697 -8968 ) ( 7320 8696 -8967 ) 07892355cc74f984f94d3df97b3a2336-dithered [ 0 -1 0 240 ] [ 0 0 -1 -48 ] 270 0.5 0.5
( 7384 8696 -8968 ) ( 7384 8696 -8967 ) ( 7385 8696 -8968 ) 07892355cc74f984f94d3df97b3a2336-dithered [ 1 0 0 -48 ] [ 0 0 -1 -48 ] 0 0.5 0.5
( 7384 8696 -8968 ) ( 7385 8696 -8968 ) ( 7384 8697 -8968 ) 07892355cc74f984f94d3df97b3a2336-dithered [ -1 0 0 48 ] [ 0 -1 0 240 ] 0 0.5 0.5
( 7512 8792 -8856 ) ( 7512 8793 -8856 ) ( 7513 8792 -8856 ) 07892355cc74f984f94d3df97b3a2336-dithered [ 1 0 0 -48 ] [ 0 -1 0 240 ] 270 0.5 0.5
( 7512 8824 -8952 ) ( 7513 8824 -8952 ) ( 7512 8824 -8951 ) 07892355cc74f984f94d3df97b3a2336-dithered [ -1 0 0 48 ] [ 0 0 -1 -48 ] 270 0.5 0.5
( 7448 8792 -8952 ) ( 7448 8792 -8951 ) ( 7448 8793 -8952 ) 07892355cc74f984f94d3df97b3a2336-dithered [ 0 1 0 -240 ] [ 0 0 -1 -48 ] 270 0.5 0.5
}
// brush 300
{
( 6648 8360 -8968 ) ( 6648 8361 -8968 ) ( 6648 8360 -8967 ) 07892355cc74f984f94d3df97b3a2336-dithered [ 0 -1 0 80 ] [ 0 0 -1 -48 ] 180 0.5 0.5
( 6712 8360 -8968 ) ( 6712 8360 -8967 ) ( 6713 8360 -8968 ) 07892355cc74f984f94d3df97b3a2336-dithered [ 1 0 0 -240 ] [ 0 0 -1 -48 ] 270 0.5 0.5
( 6712 8360 -8968 ) ( 6713 8360 -8968 ) ( 6712 8361 -8968 ) 07892355cc74f984f94d3df97b3a2336-dithered [ -1 0 0 240 ] [ 0 -1 0 80 ] 270 0.5 0.5
( 6840 8456 -8856 ) ( 6840 8457 -8856 ) ( 6841 8456 -8856 ) 07892355cc74f984f94d3df97b3a2336-dithered [ 1 0 0 -240 ] [ 0 -1 0 80 ] 180 0.5 0.5
( 6840 8488 -8952 ) ( 6841 8488 -8952 ) ( 6840 8488 -8951 ) 07892355cc74f984f94d3df97b3a2336-dithered [ -1 0 0 240 ] [ 0 0 -1 -48 ] 180 0.5 0.5
( 6776 8456 -8952 ) ( 6776 8456 -8951 ) ( 6776 8457 -8952 ) 07892355cc74f984f94d3df97b3a2336-dithered [ 0 1 0 -80 ] [ 0 0 -1 -48 ] 180 0.5 0.5
}
// brush 301
{
( 7464 7464 -8968 ) ( 7464 7465 -8968 ) ( 7464 7464 -8967 ) 07892355cc74f984f94d3df97b3a2336-dithered [ 0 -1 0 80 ] [ 0 0 -1 -48 ] 90 0.5 0.5
( 7528 7464 -8968 ) ( 7528 7464 -8967 ) ( 7529 7464 -8968 ) 07892355cc74f984f94d3df97b3a2336-dithered [ 1 0 0 -80 ] [ 0 0 -1 -48 ] 180 0.5 0.5
( 7528 7464 -8968 ) ( 7529 7464 -8968 ) ( 7528 7465 -8968 ) 07892355cc74f984f94d3df97b3a2336-dithered [ -1 0 0 80 ] [ 0 -1 0 80 ] 180 0.5 0.5
( 7656 7560 -8856 ) ( 7656 7561 -8856 ) ( 7657 7560 -8856 ) 07892355cc74f984f94d3df97b3a2336-dithered [ 1 0 0 -80 ] [ 0 -1 0 80 ] 90 0.5 0.5
( 7656 7592 -8952 ) ( 7657 7592 -8952 ) ( 7656 7592 -8951 ) 07892355cc74f984f94d3df97b3a2336-dithered [ -1 0 0 80 ] [ 0 0 -1 -48 ] 90 0.5 0.5
( 7592 7560 -8952 ) ( 7592 7560 -8951 ) ( 7592 7561 -8952 ) 07892355cc74f984f94d3df97b3a2336-dithered [ 0 1 0 -80 ] [ 0 0 -1 -48 ] 90 0.5 0.5
}
// brush 302
{
( 6168 7064 -8968 ) ( 6168 7065 -8968 ) ( 6168 7064 -8967 ) 07892355cc74f984f94d3df97b3a2336-dithered [ 0 -1 0 48 ] [ 0 0 -1 -48 ] 90 0.5 0.5
( 6232 7064 -8968 ) ( 6232 7064 -8967 ) ( 6233 7064 -8968 ) 07892355cc74f984f94d3df97b3a2336-dithered [ 1 0 0 -48 ] [ 0 0 -1 -48 ] 180 0.5 0.5
( 6232 7064 -8968 ) ( 6233 7064 -8968 ) ( 6232 7065 -8968 ) 07892355cc74f984f94d3df97b3a2336-dithered [ -1 0 0 48 ] [ 0 -1 0 48 ] 180 0.5 0.5
( 6360 7160 -8728 ) ( 6360 7161 -8728 ) ( 6361 7160 -8728 ) 07892355cc74f984f94d3df97b3a2336-dithered [ 1 0 0 -48 ] [ 0 -1 0 48 ] 0 0.5 0.5
( 6360 7192 -8952 ) ( 6361 7192 -8952 ) ( 6360 7192 -8951 ) 07892355cc74f984f94d3df97b3a2336-dithered [ -1 0 0 48 ] [ 0 0 -1 -48 ] 90 0.5 0.5
( 6296 7160 -8952 ) ( 6296 7160 -8951 ) ( 6296 7161 -8952 ) 07892355cc74f984f94d3df97b3a2336-dithered [ 0 1 0 -48 ] [ 0 0 -1 -48 ] 90 0.5 0.5
}
// brush 303
{
( 6024 8456 -8968 ) ( 6024 8457 -8968 ) ( 6024 8456 -8967 ) 07892355cc74f984f94d3df97b3a2336-dithered [ 0 -1 0 16 ] [ 0 0 -1 -48 ] 0 0.5 0.5
( 6088 8456 -8968 ) ( 6088 8456 -8967 ) ( 6089 8456 -8968 ) 07892355cc74f984f94d3df97b3a2336-dithered [ 1 0 0 -16 ] [ 0 0 -1 -48 ] 90 0.5 0.5
( 6088 8456 -8968 ) ( 6089 8456 -8968 ) ( 6088 8457 -8968 ) 07892355cc74f984f94d3df97b3a2336-dithered [ -1 0 0 16 ] [ 0 -1 0 16 ] 90 0.5 0.5
( 6216 8552 -8728 ) ( 6216 8553 -8728 ) ( 6217 8552 -8728 ) 07892355cc74f984f94d3df97b3a2336-dithered [ 1 0 0 -16 ] [ 0 -1 0 16 ] 270 0.5 0.5
( 6216 8856 -8952 ) ( 6217 8856 -8952 ) ( 6216 8856 -8951 ) 07892355cc74f984f94d3df97b3a2336-dithered [ -1 0 0 16 ] [ 0 0 -1 -48 ] 270 0.5 0.5
( 6152 8552 -8952 ) ( 6152 8552 -8951 ) ( 6152 8553 -8952 ) 07892355cc74f984f94d3df97b3a2336-dithered [ 0 1 0 -16 ] [ 0 0 -1 -48 ] 0 0.5 0.5
}
// brush 304
{
( 6024 8856 -8968 ) ( 6024 8857 -8968 ) ( 6024 8856 -8967 ) 07892355cc74f984f94d3df97b3a2336-dithered [ 0 -1 0 48 ] [ 0 0 -1 -48 ] 270 0.5 0.5
( 6088 8856 -8968 ) ( 6088 8856 -8967 ) ( 6089 8856 -8968 ) 07892355cc74f984f94d3df97b3a2336-dithered [ 1 0 0 -16 ] [ 0 0 -1 -48 ] 0 0.5 0.5
( 6088 8856 -8968 ) ( 6089 8856 -8968 ) ( 6088 8857 -8968 ) 07892355cc74f984f94d3df97b3a2336-dithered [ -1 0 0 16 ] [ 0 -1 0 48 ] 0 0.5 0.5
( 6216 8952 -8840 ) ( 6216 8953 -8840 ) ( 6217 8952 -8840 ) 07892355cc74f984f94d3df97b3a2336-dithered [ 1 0 0 -16 ] [ 0 -1 0 48 ] 90 0.5 0.5
( 6216 8984 -8952 ) ( 6217 8984 -8952 ) ( 6216 8984 -8951 ) 07892355cc74f984f94d3df97b3a2336-dithered [ -1 0 0 16 ] [ 0 0 -1 -48 ] 270 0.5 0.5
( 6152 8952 -8952 ) ( 6152 8952 -8951 ) ( 6152 8953 -8952 ) 07892355cc74f984f94d3df97b3a2336-dithered [ 0 1 0 -48 ] [ 0 0 -1 -48 ] 270 0.5 0.5
}
// brush 305
{
( 6408 8216 -8968 ) ( 6408 8217 -8968 ) ( 6408 8216 -8967 ) 07892355cc74f984f94d3df97b3a2336-dithered [ 0 -1 0 48 ] [ 0 0 -1 -48 ] 180 0.5 0.5
( 6472 8216 -8968 ) ( 6472 8216 -8967 ) ( 6473 8216 -8968 ) 07892355cc74f984f94d3df97b3a2336-dithered [ 1 0 0 -16 ] [ 0 0 -1 -48 ] 270 0.5 0.5
( 6472 8216 -8968 ) ( 6473 8216 -8968 ) ( 6472 8217 -8968 ) 07892355cc74f984f94d3df97b3a2336-dithered [ -1 0 0 16 ] [ 0 -1 0 48 ] 270 0.5 0.5
( 6600 8312 -8728 ) ( 6600 8313 -8728 ) ( 6601 8312 -8728 ) 07892355cc74f984f94d3df97b3a2336-dithered [ 1 0 0 -16 ] [ 0 -1 0 48 ] 90 0.5 0.5
( 6600 8344 -8952 ) ( 6601 8344 -8952 ) ( 6600 8344 -8951 ) 07892355cc74f984f94d3df97b3a2336-dithered [ -1 0 0 16 ] [ 0 0 -1 -48 ] 180 0.5 0.5
( 6536 8312 -8952 ) ( 6536 8312 -8951 ) ( 6536 8313 -8952 ) 07892355cc74f984f94d3df97b3a2336-dithered [ 0 1 0 -48 ] [ 0 0 -1 -48 ] 180 0.5 0.5
}
// brush 306
{
( 7064 7048 -8968 ) ( 7064 7049 -8968 ) ( 7064 7048 -8967 ) 07892355cc74f984f94d3df97b3a2336-dithered [ 0 -1 0 16 ] [ 0 0 -1 -48 ] 270 0.5 0.5
( 7128 7048 -8968 ) ( 7128 7048 -8967 ) ( 7129 7048 -8968 ) 07892355cc74f984f94d3df97b3a2336-dithered [ 1 0 0 -48 ] [ 0 0 -1 -48 ] 0 0.5 0.5
( 7128 7048 -8968 ) ( 7129 7048 -8968 ) ( 7128 7049 -8968 ) 07892355cc74f984f94d3df97b3a2336-dithered [ -1 0 0 48 ] [ 0 -1 0 16 ] 0 0.5 0.5
( 7256 7144 -8840 ) ( 7256 7145 -8840 ) ( 7257 7144 -8840 ) 07892355cc74f984f94d3df97b3a2336-dithered [ 1 0 0 -48 ] [ 0 -1 0 16 ] 90 0.5 0.5
( 7256 7176 -8952 ) ( 7257 7176 -8952 ) ( 7256 7176 -8951 ) 07892355cc74f984f94d3df97b3a2336-dithered [ -1 0 0 48 ] [ 0 0 -1 -48 ] 270 0.5 0.5
( 7320 7144 -8952 ) ( 7320 7144 -8951 ) ( 7320 7145 -8952 ) 07892355cc74f984f94d3df97b3a2336-dithered [ 0 1 0 -16 ] [ 0 0 -1 -48 ] 180 0.5 0.5
}
// brush 307
{
( 6552 -1224 -8968 ) ( 6552 -1223 -8968 ) ( 6552 -1224 -8967 ) street2 [ 0 -1 0 -232 ] [ 0 0 -1 -792 ] 270 1 1
( 6552 -1304 -8968 ) ( 6552 -1304 -8967 ) ( 6553 -1304 -8968 ) street2 [ 1 0 0 -248 ] [ 0 0 -1 -792 ] 180 1 1
( 6552 -1224 -8968 ) ( 6553 -1224 -8968 ) ( 6552 -1223 -8968 ) street2 [ -1 0 0 248 ] [ 0 -1 0 -232 ] 270 1 1
( 6632 -1160 -8952 ) ( 6632 -1159 -8952 ) ( 6633 -1160 -8952 ) street2 [ 1 0 0 -248 ] [ 0 -1 0 -232 ] 270 1 1
( 6632 -1160 -8952 ) ( 6633 -1160 -8952 ) ( 6632 -1160 -8951 ) street2 [ -1 0 0 248 ] [ 0 0 -1 -792 ] 270 1 1
( 6696 -1160 -8952 ) ( 6696 -1160 -8951 ) ( 6696 -1159 -8952 ) street2 [ 0 1 0 232 ] [ 0 0 -1 -792 ] 270 1 1
}
// brush 308
{
( 4776 1976 -8968 ) ( 4776 1977 -8968 ) ( 4776 1976 -8967 ) 07892355cc74f984f94d3df97b3a2336-dithered [ 0 -1 0 112 ] [ 0 0 -1 -48 ] 0 0.5 0.5
( 4840 1976 -8968 ) ( 4840 1976 -8967 ) ( 4841 1976 -8968 ) 07892355cc74f984f94d3df97b3a2336-dithered [ 1 0 0 -80 ] [ 0 0 -1 -48 ] 90 0.5 0.5
( 4840 1976 -8968 ) ( 4841 1976 -8968 ) ( 4840 1977 -8968 ) 07892355cc74f984f94d3df97b3a2336-dithered [ -1 0 0 80 ] [ 0 -1 0 112 ] 90 0.5 0.5
( 4968 2072 -8840 ) ( 4968 2073 -8840 ) ( 4969 2072 -8840 ) 07892355cc74f984f94d3df97b3a2336-dithered [ 1 0 0 -80 ] [ 0 -1 0 112 ] 180 0.5 0.5
( 4968 2104 -8952 ) ( 4969 2104 -8952 ) ( 4968 2104 -8951 ) 07892355cc74f984f94d3df97b3a2336-dithered [ -1 0 0 80 ] [ 0 0 -1 -48 ] 0 0.5 0.5
( 5032 2072 -8952 ) ( 5032 2072 -8951 ) ( 5032 2073 -8952 ) 07892355cc74f984f94d3df97b3a2336-dithered [ 0 1 0 -112 ] [ 0 0 -1 -48 ] 270 0.5 0.5
}
// brush 309
{
( 360 -2136 -8968 ) ( 360 -2135 -8968 ) ( 360 -2136 -8967 ) 07892355cc74f984f94d3df97b3a2336-dithered [ 0 -1 0 80 ] [ 0 0 -1 -48 ] 180 0.5 0.5
( 424 -2136 -8968 ) ( 424 -2136 -8967 ) ( 425 -2136 -8968 ) 07892355cc74f984f94d3df97b3a2336-dithered [ 1 0 0 -208 ] [ 0 0 -1 -48 ] 270 0.5 0.5
( 424 -2136 -8968 ) ( 425 -2136 -8968 ) ( 424 -2135 -8968 ) 07892355cc74f984f94d3df97b3a2336-dithered [ -1 0 0 208 ] [ 0 -1 0 80 ] 270 0.5 0.5
( 552 -2040 -8840 ) ( 552 -2039 -8840 ) ( 553 -2040 -8840 ) 07892355cc74f984f94d3df97b3a2336-dithered [ 1 0 0 -208 ] [ 0 -1 0 80 ] 0 0.5 0.5
( 552 -2008 -8952 ) ( 553 -2008 -8952 ) ( 552 -2008 -8951 ) 07892355cc74f984f94d3df97b3a2336-dithered [ -1 0 0 208 ] [ 0 0 -1 -48 ] 180 0.5 0.5
( 616 -2040 -8952 ) ( 616 -2040 -8951 ) ( 616 -2039 -8952 ) 07892355cc74f984f94d3df97b3a2336-dithered [ 0 1 0 -80 ] [ 0 0 -1 -48 ] 90 0.5 0.5
}
// brush 310
{
( -2984 -712 -8968 ) ( -2984 -711 -8968 ) ( -2984 -712 -8967 ) 07892355cc74f984f94d3df97b3a2336-dithered [ 0 -1 0 112 ] [ 0 0 -1 -48 ] 180 0.5 0.5
( -2920 -712 -8968 ) ( -2920 -712 -8967 ) ( -2919 -712 -8968 ) 07892355cc74f984f94d3df97b3a2336-dithered [ 1 0 0 -176 ] [ 0 0 -1 -48 ] 270 0.5 0.5
( -2920 -712 -8968 ) ( -2919 -712 -8968 ) ( -2920 -711 -8968 ) 07892355cc74f984f94d3df97b3a2336-dithered [ -1 0 0 176 ] [ 0 -1 0 112 ] 270 0.5 0.5
( -2792 -616 -8856 ) ( -2792 -615 -8856 ) ( -2791 -616 -8856 ) 07892355cc74f984f94d3df97b3a2336-dithered [ 1 0 0 -176 ] [ 0 -1 0 112 ] 270 0.5 0.5
( -2792 -440 -8952 ) ( -2791 -440 -8952 ) ( -2792 -440 -8951 ) 07892355cc74f984f94d3df97b3a2336-dithered [ -1 0 0 176 ] [ 0 0 -1 -48 ] 0 0.5 0.5
( -2728 -616 -8952 ) ( -2728 -616 -8951 ) ( -2728 -615 -8952 ) 07892355cc74f984f94d3df97b3a2336-dithered [ 0 1 0 -112 ] [ 0 0 -1 -48 ] 90 0.5 0.5
}
// brush 311
{
( -4072 2600 -8968 ) ( -4072 2601 -8968 ) ( -4072 2600 -8967 ) 07892355cc74f984f94d3df97b3a2336-dithered [ 0 -1 0 80 ] [ 0 0 -1 -48 ] 180 0.5 0.5
( -4008 2600 -8968 ) ( -4008 2600 -8967 ) ( -4007 2600 -8968 ) 07892355cc74f984f94d3df97b3a2336-dithered [ 1 0 0 -48 ] [ 0 0 -1 -48 ] 270 0.5 0.5
( -4008 2600 -8968 ) ( -4007 2600 -8968 ) ( -4008 2601 -8968 ) 07892355cc74f984f94d3df97b3a2336-dithered [ -1 0 0 48 ] [ 0 -1 0 80 ] 270 0.5 0.5
( -3880 2696 -8856 ) ( -3880 2697 -8856 ) ( -3879 2696 -8856 ) 07892355cc74f984f94d3df97b3a2336-dithered [ 1 0 0 -48 ] [ 0 -1 0 80 ] 270 0.5 0.5
( -3880 2856 -8952 ) ( -3879 2856 -8952 ) ( -3880 2856 -8951 ) 07892355cc74f984f94d3df97b3a2336-dithered [ -1 0 0 48 ] [ 0 0 -1 -48 ] 270 0.5 0.5
( -3944 2696 -8952 ) ( -3944 2696 -8951 ) ( -3944 2697 -8952 ) 07892355cc74f984f94d3df97b3a2336-dithered [ 0 1 0 -80 ] [ 0 0 -1 -48 ] 0 0.5 0.5
}
// brush 312
{
( -3432 6824 -8968 ) ( -3432 6825 -8968 ) ( -3432 6824 -8967 ) 07892355cc74f984f94d3df97b3a2336-dithered [ 0 -1 0 80 ] [ 0 0 -1 -48 ] 270 0.5 0.5
( -3368 6824 -8968 ) ( -3368 6824 -8967 ) ( -3367 6824 -8968 ) 07892355cc74f984f94d3df97b3a2336-dithered [ 1 0 0 -48 ] [ 0 0 -1 -48 ] 0 0.5 0.5
( -3368 6824 -8968 ) ( -3367 6824 -8968 ) ( -3368 6825 -8968 ) 07892355cc74f984f94d3df97b3a2336-dithered [ -1 0 0 48 ] [ 0 -1 0 80 ] 0 0.5 0.5
( -3240 6920 -8856 ) ( -3240 6921 -8856 ) ( -3239 6920 -8856 ) 07892355cc74f984f94d3df97b3a2336-dithered [ 1 0 0 -48 ] [ 0 -1 0 80 ] 0 0.5 0.5
( -3240 6952 -8952 ) ( -3239 6952 -8952 ) ( -3240 6952 -8951 ) 07892355cc74f984f94d3df97b3a2336-dithered [ -1 0 0 48 ] [ 0 0 -1 -48 ] 180 0.5 0.5
( -3304 6920 -8952 ) ( -3304 6920 -8951 ) ( -3304 6921 -8952 ) 07892355cc74f984f94d3df97b3a2336-dithered [ 0 1 0 -80 ] [ 0 0 -1 -48 ] 90 0.5 0.5
}
// brush 313
{
( -4296 7448 -8968 ) ( -4296 7449 -8968 ) ( -4296 7448 -8967 ) 07892355cc74f984f94d3df97b3a2336-dithered [ 0 -1 0 48 ] [ 0 0 -1 -48 ] 180 0.5 0.5
( -4232 7448 -8968 ) ( -4232 7448 -8967 ) ( -4231 7448 -8968 ) 07892355cc74f984f94d3df97b3a2336-dithered [ 1 0 0 -112 ] [ 0 0 -1 -48 ] 270 0.5 0.5
( -4232 7448 -8968 ) ( -4231 7448 -8968 ) ( -4232 7449 -8968 ) 07892355cc74f984f94d3df97b3a2336-dithered [ -1 0 0 112 ] [ 0 -1 0 48 ] 270 0.5 0.5
( -4104 7544 -8856 ) ( -4104 7545 -8856 ) ( -4103 7544 -8856 ) 07892355cc74f984f94d3df97b3a2336-dithered [ 1 0 0 -112 ] [ 0 -1 0 48 ] 270 0.5 0.5
( -4104 7592 -8952 ) ( -4103 7592 -8952 ) ( -4104 7592 -8951 ) 07892355cc74f984f94d3df97b3a2336-dithered [ -1 0 0 112 ] [ 0 0 -1 -48 ] 180 0.5 0.5
( -4168 7544 -8952 ) ( -4168 7544 -8951 ) ( -4168 7545 -8952 ) 07892355cc74f984f94d3df97b3a2336-dithered [ 0 1 0 -48 ] [ 0 0 -1 -48 ] 0 0.5 0.5
}
// brush 314
{
( -2408 6984 -8840 ) ( -2408 6985 -8840 ) ( -2408 6984 -8839 ) 07892355cc74f984f94d3df97b3a2336-dithered [ 0 -1 0 144 ] [ 0 0 -1 -48 ] 270 0.5 0.5
( -2344 6984 -8840 ) ( -2344 6984 -8839 ) ( -2343 6984 -8840 ) 07892355cc74f984f94d3df97b3a2336-dithered [ 1 0 0 -48 ] [ 0 0 -1 -48 ] 0 0.5 0.5
( -2344 6984 -8840 ) ( -2343 6984 -8840 ) ( -2344 6985 -8840 ) 07892355cc74f984f94d3df97b3a2336-dithered [ -1 0 0 48 ] [ 0 -1 0 144 ] 0 0.5 0.5
( -2216 7080 -8728 ) ( -2216 7081 -8728 ) ( -2215 7080 -8728 ) 07892355cc74f984f94d3df97b3a2336-dithered [ 1 0 0 -48 ] [ 0 -1 0 144 ] 0 0.5 0.5
( -2216 7112 -8824 ) ( -2215 7112 -8824 ) ( -2216 7112 -8823 ) 07892355cc74f984f94d3df97b3a2336-dithered [ -1 0 0 48 ] [ 0 0 -1 -48 ] 180 0.5 0.5
( -2280 7080 -8824 ) ( -2280 7080 -8823 ) ( -2280 7081 -8824 ) 07892355cc74f984f94d3df97b3a2336-dithered [ 0 1 0 -144 ] [ 0 0 -1 -48 ] 90 0.5 0.5
}
// brush 315
{
( -1944 8088 -8968 ) ( -1944 8089 -8968 ) ( -1944 8088 -8967 ) 07892355cc74f984f94d3df97b3a2336-dithered [ 0 -1 0 48 ] [ 0 0 -1 -48 ] 180 0.5 0.5
( -1880 8088 -8968 ) ( -1880 8088 -8967 ) ( -1879 8088 -8968 ) 07892355cc74f984f94d3df97b3a2336-dithered [ 1 0 0 -208 ] [ 0 0 -1 -48 ] 270 0.5 0.5
( -1880 8088 -8968 ) ( -1879 8088 -8968 ) ( -1880 8089 -8968 ) 07892355cc74f984f94d3df97b3a2336-dithered [ -1 0 0 208 ] [ 0 -1 0 48 ] 270 0.5 0.5
( -1752 8184 -8856 ) ( -1752 8185 -8856 ) ( -1751 8184 -8856 ) 07892355cc74f984f94d3df97b3a2336-dithered [ 1 0 0 -208 ] [ 0 -1 0 48 ] 270 0.5 0.5
( -1752 8216 -8952 ) ( -1751 8216 -8952 ) ( -1752 8216 -8951 ) 07892355cc74f984f94d3df97b3a2336-dithered [ -1 0 0 208 ] [ 0 0 -1 -48 ] 90 0.5 0.5
( -1816 8184 -8952 ) ( -1816 8184 -8951 ) ( -1816 8185 -8952 ) 07892355cc74f984f94d3df97b3a2336-dithered [ 0 1 0 -48 ] [ 0 0 -1 -48 ] 0 0.5 0.5
}
// brush 316
{
( 2056 9048 -8968 ) ( 2056 9049 -8968 ) ( 2056 9048 -8967 ) 07892355cc74f984f94d3df97b3a2336-dithered [ 0 -1 0 176 ] [ 0 0 -1 -48 ] 90 0.5 0.5
( 2120 9048 -8968 ) ( 2120 9048 -8967 ) ( 2121 9048 -8968 ) 07892355cc74f984f94d3df97b3a2336-dithered [ 1 0 0 -16 ] [ 0 0 -1 -48 ] 180 0.5 0.5
( 2120 9048 -8968 ) ( 2121 9048 -8968 ) ( 2120 9049 -8968 ) 07892355cc74f984f94d3df97b3a2336-dithered [ -1 0 0 16 ] [ 0 -1 0 176 ] 180 0.5 0.5
( 2248 9144 -8856 ) ( 2248 9145 -8856 ) ( 2249 9144 -8856 ) 07892355cc74f984f94d3df97b3a2336-dithered [ 1 0 0 -16 ] [ 0 -1 0 176 ] 180 0.5 0.5
( 2248 9176 -8952 ) ( 2249 9176 -8952 ) ( 2248 9176 -8951 ) 07892355cc74f984f94d3df97b3a2336-dithered [ -1 0 0 16 ] [ 0 0 -1 -48 ] 0 0.5 0.5
( 2184 9144 -8952 ) ( 2184 9144 -8951 ) ( 2184 9145 -8952 ) 07892355cc74f984f94d3df97b3a2336-dithered [ 0 1 0 -176 ] [ 0 0 -1 -48 ] 270 0.5 0.5
}
// brush 317
{
( -1960 7624 -17528 ) ( -1960 7625 -17528 ) ( -1960 7624 -17527 ) street2 [ 0 -1 0 -232 ] [ 0 0 -1 -792 ] 180 1 1
( -1960 7624 -17528 ) ( -1960 7624 -17527 ) ( -1959 7624 -17528 ) street2 [ 1 0 0 -216 ] [ 0 0 -1 -792 ] 180 1 1
( -1960 7624 -17528 ) ( -1959 7624 -17528 ) ( -1960 7625 -17528 ) street2 [ -1 0 0 216 ] [ 0 -1 0 -232 ] 180 1 1
( -1064 8728 -17512 ) ( -1064 8729 -17512 ) ( -1063 8728 -17512 ) street2 [ 1 0 0 -216 ] [ 0 -1 0 -232 ] 180 1 1
( -1064 8728 -17512 ) ( -1063 8728 -17512 ) ( -1064 8728 -17511 ) street2 [ -1 0 0 216 ] [ 0 0 -1 -792 ] 180 1 1
( -1064 8728 -17512 ) ( -1064 8728 -17511 ) ( -1064 8729 -17512 ) street2 [ 0 1 0 232 ] [ 0 0 -1 -792 ] 180 1 1
}
// brush 318
{
( -1168 7856 -464 ) ( -1168 7857 -464 ) ( -1168 7856 -463 ) 6130c9ca365d42d02a2d52637615d1c4-dithered [ 0 -1 0 0 ] [ 0 0 -1 0 ] 0 1 1
( -1168 7856 -464 ) ( -1168 7856 -463 ) ( -1167 7856 -464 ) 6130c9ca365d42d02a2d52637615d1c4-dithered [ 1 0 0 0 ] [ 0 0 -1 0 ] 0 1 1
( -1168 7856 -464 ) ( -1167 7856 -464 ) ( -1168 7857 -464 ) 6130c9ca365d42d02a2d52637615d1c4-dithered [ -1 0 0 0 ] [ 0 -1 0 0 ] 0 1 1
( -1072 8016 -448 ) ( -1072 8017 -448 ) ( -1071 8016 -448 ) 6130c9ca365d42d02a2d52637615d1c4-dithered [ 1 0 0 0 ] [ 0 -1 0 0 ] 0 1 1
( -1072 8048 -448 ) ( -1071 8048 -448 ) ( -1072 8048 -447 ) 6130c9ca365d42d02a2d52637615d1c4-dithered [ -1 0 0 0 ] [ 0 0 -1 0 ] 270 1 1
( 1376 8016 -448 ) ( 1376 8016 -447 ) ( 1376 8017 -448 ) 6130c9ca365d42d02a2d52637615d1c4-dithered [ 0 1 0 0 ] [ 0 0 -1 0 ] 90 1 1
}
// brush 319
{
( -1072 8048 -448 ) ( -1072 8049 -448 ) ( -1072 8048 -447 ) street2 [ 0 -1 0 0 ] [ 0 0 -1 0 ] 0 1 1
( -1072 8048 -448 ) ( -1072 8048 -447 ) ( -1071 8048 -448 ) street2 [ 1 0 0 0 ] [ 0 0 -1 0 ] 0 1 1
( -1072 8048 -448 ) ( -1071 8048 -448 ) ( -1072 8049 -448 ) street2 [ -1 0 0 0 ] [ 0 -1 0 0 ] 0 1 1
( -704 8080 -32 ) ( -704 8081 -32 ) ( -703 8080 -32 ) street2 [ 1 0 0 0 ] [ 0 -1 0 0 ] 270 1 1
( -704 8080 -432 ) ( -703 8080 -432 ) ( -704 8080 -431 ) street2 [ -1 0 0 0 ] [ 0 0 -1 0 ] 0 1 1
( 1408 8080 -432 ) ( 1408 8080 -431 ) ( 1408 8081 -432 ) street2 [ 0 1 0 0 ] [ 0 0 -1 0 ] 180 1 1
}
// brush 320
{
( -1072 7808 -848 ) ( -1072 7809 -848 ) ( -1072 7808 -847 ) street2 [ 0 -1 0 -240 ] [ 0 0 -1 -400 ] 270 1 1
( -1072 7808 -848 ) ( -1072 7808 -847 ) ( -1071 7808 -848 ) street2 [ 1 0 0 0 ] [ 0 0 -1 -400 ] 270 1 1
( -1072 7808 -848 ) ( -1071 7808 -848 ) ( -1072 7809 -848 ) street2 [ -1 0 0 0 ] [ 0 -1 0 -240 ] 270 1 1
( -704 7840 -48 ) ( -704 7841 -48 ) ( -703 7840 -48 ) street2 [ 1 0 0 0 ] [ 0 -1 0 -240 ] 270 1 1
( -704 7856 -832 ) ( -703 7856 -832 ) ( -704 7856 -831 ) street2 [ -1 0 0 0 ] [ 0 0 -1 -400 ] 0 1 1
( 1376 7840 -832 ) ( 1376 7840 -831 ) ( 1376 7841 -832 ) street2 [ 0 1 0 240 ] [ 0 0 -1 -400 ] 90 1 1
}
// brush 321
{
( 1488 7856 -464 ) ( 1488 7857 -464 ) ( 1488 7856 -463 ) str_metalflr3 [ 0 -1 0 0 ] [ 0 0 -1 0 ] 0 1 1
( 1488 7856 -464 ) ( 1488 7856 -463 ) ( 1489 7856 -464 ) str_metalflr3 [ 1 0 0 0 ] [ 0 0 -1 0 ] 0 1 1
( 1488 7856 -464 ) ( 1489 7856 -464 ) ( 1488 7857 -464 ) str_metalflr3 [ -1 0 0 0 ] [ 0 -1 0 0 ] 0 1 1
( 1664 8048 -448 ) ( 1664 8049 -448 ) ( 1665 8048 -448 ) str_metalflr3 [ 1 0 0 0 ] [ 0 -1 0 0 ] 0 1 1
( 1664 8048 -448 ) ( 1665 8048 -448 ) ( 1664 8048 -447 ) str_metalflr3 [ -1 0 0 0 ] [ 0 0 -1 0 ] 0 1 1
( 1664 8048 -448 ) ( 1664 8048 -447 ) ( 1664 8049 -448 ) str_metalflr3 [ 0 1 0 0 ] [ 0 0 -1 0 ] 0 1 1
}
// brush 322
{
( 1664 7856 -464 ) ( 1664 7857 -464 ) ( 1664 7856 -463 ) c691df8bccd8a32f962fcce8bbaaa246-dithered [ 0 -1 0 0 ] [ 0 0 -1 0 ] 0 1 1
( 1664 7856 -464 ) ( 1664 7856 -463 ) ( 1665 7856 -464 ) c691df8bccd8a32f962fcce8bbaaa246-dithered [ 1 0 0 0 ] [ 0 0 -1 0 ] 0 1 1
( 1664 7856 -464 ) ( 1665 7856 -464 ) ( 1664 7857 -464 ) c691df8bccd8a32f962fcce8bbaaa246-dithered [ -1 0 0 0 ] [ 0 -1 0 0 ] 0 1 1
( 1712 8048 -96 ) ( 1712 8049 -96 ) ( 1713 8048 -96 ) c691df8bccd8a32f962fcce8bbaaa246-dithered [ 1 0 0 0 ] [ 0 -1 0 0 ] 270 1 1
( 1712 8048 -448 ) ( 1713 8048 -448 ) ( 1712 8048 -447 ) c691df8bccd8a32f962fcce8bbaaa246-dithered [ -1 0 0 0 ] [ 0 0 -1 0 ] 0 1 1
( 1792 8048 -448 ) ( 1792 8048 -447 ) ( 1792 8049 -448 ) c691df8bccd8a32f962fcce8bbaaa246-dithered [ 0 1 0 0 ] [ 0 0 -1 0 ] 270 1 1
}
// brush 323
{
( 1408 8048 -464 ) ( 1408 8049 -464 ) ( 1408 8048 -463 ) c691df8bccd8a32f962fcce8bbaaa246-dithered [ 0 -1 0 0 ] [ 0 0 -1 0 ] 180 1 1
( 1488 8048 -464 ) ( 1488 8048 -463 ) ( 1489 8048 -464 ) c691df8bccd8a32f962fcce8bbaaa246-dithered [ 1 0 0 0 ] [ 0 0 -1 0 ] 0 1 1
( 1488 8048 -464 ) ( 1489 8048 -464 ) ( 1488 8049 -464 ) c691df8bccd8a32f962fcce8bbaaa246-dithered [ -1 0 0 0 ] [ 0 -1 0 0 ] 0 1 1
( 1664 8064 -96 ) ( 1664 8065 -96 ) ( 1665 8064 -96 ) c691df8bccd8a32f962fcce8bbaaa246-dithered [ 1 0 0 0 ] [ 0 -1 0 0 ] 180 1 1
( 1664 8112 -448 ) ( 1665 8112 -448 ) ( 1664 8112 -447 ) c691df8bccd8a32f962fcce8bbaaa246-dithered [ -1 0 0 0 ] [ 0 0 -1 0 ] 270 1 1
( 1664 8064 -448 ) ( 1664 8064 -447 ) ( 1664 8065 -448 ) c691df8bccd8a32f962fcce8bbaaa246-dithered [ 0 1 0 0 ] [ 0 0 -1 0 ] 0 1 1
}
// brush 324
{
( 1376 7792 -464 ) ( 1376 7793 -464 ) ( 1376 7792 -463 ) c691df8bccd8a32f962fcce8bbaaa246-dithered [ 0 -1 0 0 ] [ 0 0 -1 0 ] 180 1 1
( 1488 7792 -464 ) ( 1488 7792 -463 ) ( 1489 7792 -464 ) c691df8bccd8a32f962fcce8bbaaa246-dithered [ 1 0 0 0 ] [ 0 0 -1 0 ] 0 1 1
( 1488 7792 -464 ) ( 1489 7792 -464 ) ( 1488 7793 -464 ) c691df8bccd8a32f962fcce8bbaaa246-dithered [ -1 0 0 0 ] [ 0 -1 0 0 ] 0 1 1
( 1664 7808 -48 ) ( 1664 7809 -48 ) ( 1665 7808 -48 ) c691df8bccd8a32f962fcce8bbaaa246-dithered [ 1 0 0 0 ] [ 0 -1 0 0 ] 90 1 1
( 1664 7856 -448 ) ( 1665 7856 -448 ) ( 1664 7856 -447 ) c691df8bccd8a32f962fcce8bbaaa246-dithered [ -1 0 0 0 ] [ 0 0 -1 0 ] 270 1 1
( 1664 7808 -448 ) ( 1664 7808 -447 ) ( 1664 7809 -448 ) c691df8bccd8a32f962fcce8bbaaa246-dithered [ 0 1 0 0 ] [ 0 0 -1 0 ] 0 1 1
}
// brush 325
{
( 1376 7856 -464 ) ( 1376 7857 -464 ) ( 1376 7856 -463 ) c691df8bccd8a32f962fcce8bbaaa246-dithered [ 0 -1 0 0 ] [ 0 0 -1 0 ] 270 1 1
( 1408 7856 -464 ) ( 1408 7856 -463 ) ( 1409 7856 -464 ) c691df8bccd8a32f962fcce8bbaaa246-dithered [ 1 0 0 0 ] [ 0 0 -1 0 ] 0 1 1
( 1408 7856 -464 ) ( 1409 7856 -464 ) ( 1408 7857 -464 ) c691df8bccd8a32f962fcce8bbaaa246-dithered [ -1 0 0 0 ] [ 0 -1 0 0 ] 0 1 1
( 1488 8048 -448 ) ( 1488 8049 -448 ) ( 1489 8048 -448 ) c691df8bccd8a32f962fcce8bbaaa246-dithered [ 1 0 0 0 ] [ 0 -1 0 0 ] 0 1 1
( 1488 8048 -448 ) ( 1489 8048 -448 ) ( 1488 8048 -447 ) c691df8bccd8a32f962fcce8bbaaa246-dithered [ -1 0 0 0 ] [ 0 0 -1 0 ] 0 1 1
( 1488 8048 -448 ) ( 1488 8048 -447 ) ( 1488 8049 -448 ) c691df8bccd8a32f962fcce8bbaaa246-dithered [ 0 1 0 0 ] [ 0 0 -1 0 ] 0 1 1
}
// brush 326
{
( -1152 7856 -128 ) ( -1152 7857 -128 ) ( -1152 7856 -127 ) 518ad05a9668e0b16717b256acf369b7-dithered [ 0 -1 0 0 ] [ 0 0 -1 0 ] 0 1 1
( -1152 7856 -128 ) ( -1152 7856 -127 ) ( -1151 7856 -128 ) 518ad05a9668e0b16717b256acf369b7-dithered [ 1 0 0 0 ] [ 0 0 -1 0 ] 0 1 1
( -1152 7856 -128 ) ( -1151 7856 -128 ) ( -1152 7857 -128 ) 518ad05a9668e0b16717b256acf369b7-dithered [ -1 0 0 0 ] [ 0 -1 0 0 ] 0 1 1
( -1072 8048 -32 ) ( -1072 8049 -32 ) ( -1071 8048 -32 ) 518ad05a9668e0b16717b256acf369b7-dithered [ 1 0 0 0 ] [ 0 -1 0 0 ] 180 1 1
( -1072 8048 -112 ) ( -1071 8048 -112 ) ( -1072 8048 -111 ) 518ad05a9668e0b16717b256acf369b7-dithered [ -1 0 0 0 ] [ 0 0 -1 0 ] 0 1 1
( -1072 8048 -112 ) ( -1072 8048 -111 ) ( -1072 8049 -112 ) 518ad05a9668e0b16717b256acf369b7-dithered [ 0 1 0 0 ] [ 0 0 -1 0 ] 0 1 1
}
// brush 327
{
( -1072 7856 -128 ) ( -1072 7857 -128 ) ( -1072 7856 -127 ) {str_grating3 [ 0 -1 0 0 ] [ 0 0 -1 0 ] 0 1 1
( -1072 7856 -128 ) ( -1072 7856 -127 ) ( -1071 7856 -128 ) {str_grating3 [ 1 0 0 0 ] [ 0 0 -1 0 ] 0 1 1
( -1072 7856 -128 ) ( -1071 7856 -128 ) ( -1072 7857 -128 ) {str_grating3 [ -1 0 0 0 ] [ 0 -1 0 0 ] 0 1 1
( -976 8048 -112 ) ( -976 8049 -112 ) ( -975 8048 -112 ) {str_grating3 [ 1 0 0 0 ] [ 0 -1 0 0 ] 0 1 1
( -976 8048 -112 ) ( -975 8048 -112 ) ( -976 8048 -111 ) {str_grating3 [ -1 0 0 0 ] [ 0 0 -1 0 ] 0 1 1
( 1408 8048 -112 ) ( 1408 8048 -111 ) ( 1408 8049 -112 ) {str_grating3 [ 0 1 0 0 ] [ 0 0 -1 0 ] 0 1 1
}
// brush 328
{
( -1072 7856 -112 ) ( -1072 7857 -112 ) ( -1072 7856 -111 ) 1499b6ffc2ee3ca2c24bcebe7e358a88-dithered [ 0 -1 0 0 ] [ 0 0 -1 0 ] 0 1 1
( 1328 7856 -112 ) ( 1328 7856 -111 ) ( 1329 7856 -112 ) 1499b6ffc2ee3ca2c24bcebe7e358a88-dithered [ 1 0 0 0 ] [ 0 0 -1 0 ] 0 1 1
( 1328 7856 -112 ) ( 1329 7856 -112 ) ( 1328 7857 -112 ) 1499b6ffc2ee3ca2c24bcebe7e358a88-dithered [ -1 0 0 0 ] [ 0 -1 0 0 ] 0 1 1
( 1360 8048 -96 ) ( 1360 8049 -96 ) ( 1361 8048 -96 ) 1499b6ffc2ee3ca2c24bcebe7e358a88-dithered [ 1 0 0 0 ] [ 0 -1 0 0 ] 0 1 1
( 1360 8048 -96 ) ( 1361 8048 -96 ) ( 1360 8048 -95 ) 1499b6ffc2ee3ca2c24bcebe7e358a88-dithered [ -1 0 0 0 ] [ 0 0 -1 0 ] 0 1 1
( 1392 8048 -96 ) ( 1392 8048 -95 ) ( 1392 8049 -96 ) 1499b6ffc2ee3ca2c24bcebe7e358a88-dithered [ 0 1 0 0 ] [ 0 0 -1 0 ] 270 1 1
}
// brush 329
{
( 1392 7968 -112 ) ( 1392 7969 -112 ) ( 1392 7968 -111 ) 1499b6ffc2ee3ca2c24bcebe7e358a88-dithered [ 0 -1 0 0 ] [ 0 0 -1 0 ] 0 1 1
( 1392 7856 -112 ) ( 1392 7856 -111 ) ( 1393 7856 -112 ) 1499b6ffc2ee3ca2c24bcebe7e358a88-dithered [ 1 0 0 0 ] [ 0 0 -1 0 ] 180 1 1
( 1392 7968 -112 ) ( 1393 7968 -112 ) ( 1392 7969 -112 ) 1499b6ffc2ee3ca2c24bcebe7e358a88-dithered [ -1 0 0 0 ] [ 0 -1 0 0 ] 0 1 1
( 1648 8048 -96 ) ( 1648 8049 -96 ) ( 1649 8048 -96 ) 1499b6ffc2ee3ca2c24bcebe7e358a88-dithered [ 1 0 0 0 ] [ 0 -1 0 0 ] 0 1 1
( 1648 8048 -96 ) ( 1649 8048 -96 ) ( 1648 8048 -95 ) 1499b6ffc2ee3ca2c24bcebe7e358a88-dithered [ -1 0 0 0 ] [ 0 0 -1 0 ] 0 1 1
( 1664 8048 -96 ) ( 1664 8048 -95 ) ( 1664 8049 -96 ) 1499b6ffc2ee3ca2c24bcebe7e358a88-dithered [ 0 1 0 0 ] [ 0 0 -1 0 ] 270 1 1
}
// brush 330
{
( 1408 7856 -128 ) ( 1408 7857 -128 ) ( 1408 7856 -127 ) str_metalflr3 [ 0 -1 0 0 ] [ 0 0 -1 0 ] 270 1 1
( 1392 7856 -128 ) ( 1392 7856 -127 ) ( 1393 7856 -128 ) str_metalflr3 [ 1 0 0 0 ] [ 0 0 -1 0 ] 0 1 1
( 1392 7856 -128 ) ( 1393 7856 -128 ) ( 1392 7857 -128 ) str_metalflr3 [ -1 0 0 0 ] [ 0 -1 0 0 ] 0 1 1
( 1408 8048 -112 ) ( 1408 8049 -112 ) ( 1409 8048 -112 ) str_metalflr3 [ 1 0 0 0 ] [ 0 -1 0 0 ] 0 1 1
( 1408 8048 -112 ) ( 1409 8048 -112 ) ( 1408 8048 -111 ) str_metalflr3 [ -1 0 0 0 ] [ 0 0 -1 0 ] 0 1 1
( 1664 8048 -112 ) ( 1664 8048 -111 ) ( 1664 8049 -112 ) str_metalflr3 [ 0 1 0 0 ] [ 0 0 -1 0 ] 270 1 1
}
// brush 331
{
( -3760 8400 -9440 ) ( -3760 8401 -9440 ) ( -3760 8400 -9439 ) str_metalflr3 [ 0 -1 0 0 ] [ 0 0 -1 0 ] 270 1 1
( -3584 8400 -9440 ) ( -3584 8400 -9439 ) ( -3583 8400 -9440 ) str_metalflr3 [ 1 0 0 0 ] [ 0 0 -1 0 ] 0 1 1
( -3584 8400 -9456 ) ( -3583 8400 -9456 ) ( -3584 8401 -9456 ) str_metalflr3 [ -1 0 0 0 ] [ 0 -1 0 0 ] 270 1 1
( -3440 8672 -9424 ) ( -3440 8673 -9424 ) ( -3439 8672 -9424 ) str_metalflr3 [ 1 0 0 0 ] [ 0 -1 0 0 ] 180 1 1
( -3440 8672 -9424 ) ( -3439 8672 -9424 ) ( -3440 8672 -9423 ) str_metalflr3 [ -1 0 0 0 ] [ 0 0 -1 0 ] 0 1 1
( -3408 8672 -9424 ) ( -3408 8672 -9423 ) ( -3408 8673 -9424 ) str_metalflr3 [ 0 1 0 0 ] [ 0 0 -1 0 ] 270 1 1
}
// brush 332
{
( -1040 8624 -10640 ) ( -1040 8625 -10640 ) ( -1040 8624 -10639 ) 05af2fa7aae1bdbe2cd590e075462790-dithered [ 0 -1 0 0 ] [ 0 0 -1 0 ] 0 1 1
( -1040 8400 -10640 ) ( -1040 8400 -10639 ) ( -1039 8400 -10640 ) 05af2fa7aae1bdbe2cd590e075462790-dithered [ 1 0 0 0 ] [ 0 0 -1 0 ] 270 1 1
( -1040 8624 -10640 ) ( -1039 8624 -10640 ) ( -1040 8625 -10640 ) 05af2fa7aae1bdbe2cd590e075462790-dithered [ -1 0 0 0 ] [ 0 -1 0 0 ] 0 1 1
( -992 8688 -10624 ) ( -992 8689 -10624 ) ( -991 8688 -10624 ) 05af2fa7aae1bdbe2cd590e075462790-dithered [ 1 0 0 0 ] [ 0 -1 0 0 ] 0 1 1
( -992 8688 -10624 ) ( -991 8688 -10624 ) ( -992 8688 -10623 ) 05af2fa7aae1bdbe2cd590e075462790-dithered [ -1 0 0 0 ] [ 0 0 -1 0 ] 0 1 1
( -816 8688 -10624 ) ( -816 8688 -10623 ) ( -816 8689 -10624 ) 05af2fa7aae1bdbe2cd590e075462790-dithered [ 0 1 0 0 ] [ 0 0 -1 0 ] 180 1 1
}
// brush 333
{
( -3392 8384 -10640 ) ( -3392 8385 -10640 ) ( -3392 8384 -10639 ) 05af2fa7aae1bdbe2cd590e075462790-dithered [ 0 -1 0 0 ] [ 0 0 -1 0 ] 180 1 1
( -1056 8384 -10640 ) ( -1056 8384 -10639 ) ( -1055 8384 -10640 ) 05af2fa7aae1bdbe2cd590e075462790-dithered [ 1 0 0 0 ] [ 0 0 -1 0 ] 0 1 1
( -1056 8384 -10640 ) ( -1055 8384 -10640 ) ( -1056 8385 -10640 ) 05af2fa7aae1bdbe2cd590e075462790-dithered [ -1 0 0 0 ] [ 0 -1 0 0 ] 0 1 1
( -1024 8400 -9104 ) ( -1024 8401 -9104 ) ( -1023 8400 -9104 ) 05af2fa7aae1bdbe2cd590e075462790-dithered [ 1 0 0 0 ] [ 0 -1 0 0 ] 270 1 1
( -1024 8400 -10624 ) ( -1023 8400 -10624 ) ( -1024 8400 -10623 ) 05af2fa7aae1bdbe2cd590e075462790-dithered [ -1 0 0 0 ] [ 0 0 -1 0 ] 0 1 1
( -1040 8400 -10624 ) ( -1040 8400 -10623 ) ( -1040 8401 -10624 ) 05af2fa7aae1bdbe2cd590e075462790-dithered [ 0 1 0 0 ] [ 0 0 -1 0 ] 270 1 1
}
// brush 334
{
( -3392 6080 -10640 ) ( -3392 6081 -10640 ) ( -3392 6080 -10639 ) 05af2fa7aae1bdbe2cd590e075462790-dithered [ 0 -1 0 0 ] [ 0 0 -1 0 ] 0 1 1
( -3392 6080 -10640 ) ( -3392 6080 -10639 ) ( -3391 6080 -10640 ) 05af2fa7aae1bdbe2cd590e075462790-dithered [ 1 0 0 0 ] [ 0 0 -1 0 ] 0 1 1
( -3392 6080 -10640 ) ( -3391 6080 -10640 ) ( -3392 6081 -10640 ) 05af2fa7aae1bdbe2cd590e075462790-dithered [ -1 0 0 0 ] [ 0 -1 0 0 ] 0 1 1
( -816 8400 -10624 ) ( -816 8401 -10624 ) ( -815 8400 -10624 ) 05af2fa7aae1bdbe2cd590e075462790-dithered [ 1 0 0 0 ] [ 0 -1 0 0 ] 0 1 1
( -816 8400 -10624 ) ( -815 8400 -10624 ) ( -816 8400 -10623 ) 05af2fa7aae1bdbe2cd590e075462790-dithered [ -1 0 0 0 ] [ 0 0 -1 0 ] 0 1 1
( -816 8400 -10624 ) ( -816 8400 -10623 ) ( -816 8401 -10624 ) 05af2fa7aae1bdbe2cd590e075462790-dithered [ 0 1 0 0 ] [ 0 0 -1 0 ] 0 1 1
}
// brush 335
{
( -3392 5984 -10640 ) ( -3392 5985 -10640 ) ( -3392 5984 -10639 ) 05af2fa7aae1bdbe2cd590e075462790-dithered [ 0 -1 0 0 ] [ 0 0 -1 0 ] 0 1 1
( -3392 5984 -10640 ) ( -3392 5984 -10639 ) ( -3391 5984 -10640 ) 05af2fa7aae1bdbe2cd590e075462790-dithered [ 1 0 0 0 ] [ 0 0 -1 0 ] 0 1 1
( -3392 5984 -10640 ) ( -3391 5984 -10640 ) ( -3392 5985 -10640 ) 05af2fa7aae1bdbe2cd590e075462790-dithered [ -1 0 0 0 ] [ 0 -1 0 0 ] 0 1 1
( -3136 6080 -9136 ) ( -3136 6081 -9136 ) ( -3135 6080 -9136 ) 05af2fa7aae1bdbe2cd590e075462790-dithered [ 1 0 0 0 ] [ 0 -1 0 0 ] 180 1 1
( -3136 6080 -10624 ) ( -3135 6080 -10624 ) ( -3136 6080 -10623 ) 05af2fa7aae1bdbe2cd590e075462790-dithered [ -1 0 0 0 ] [ 0 0 -1 0 ] 0 1 1
( -816 6080 -10624 ) ( -816 6080 -10623 ) ( -816 6081 -10624 ) 05af2fa7aae1bdbe2cd590e075462790-dithered [ 0 1 0 0 ] [ 0 0 -1 0 ] 180 1 1
}
// brush 336
{
( -816 8496 -10640 ) ( -816 8497 -10640 ) ( -816 8496 -10639 ) 05af2fa7aae1bdbe2cd590e075462790-dithered [ 0 -1 0 0 ] [ 0 0 -1 0 ] 0 1 1
( -816 6000 -10640 ) ( -816 6000 -10639 ) ( -815 6000 -10640 ) 05af2fa7aae1bdbe2cd590e075462790-dithered [ 1 0 0 0 ] [ 0 0 -1 0 ] 270 1 1
( -816 8496 -10640 ) ( -815 8496 -10640 ) ( -816 8497 -10640 ) 05af2fa7aae1bdbe2cd590e075462790-dithered [ -1 0 0 0 ] [ 0 -1 0 0 ] 0 1 1
( -656 8688 -9088 ) ( -656 8689 -9088 ) ( -655 8688 -9088 ) 05af2fa7aae1bdbe2cd590e075462790-dithered [ 1 0 0 0 ] [ 0 -1 0 0 ] 180 1 1
( -656 8688 -10624 ) ( -655 8688 -10624 ) ( -656 8688 -10623 ) 05af2fa7aae1bdbe2cd590e075462790-dithered [ -1 0 0 0 ] [ 0 0 -1 0 ] 0 1 1
( -656 8688 -10624 ) ( -656 8688 -10623 ) ( -656 8689 -10624 ) 05af2fa7aae1bdbe2cd590e075462790-dithered [ 0 1 0 0 ] [ 0 0 -1 0 ] 0 1 1
}
// brush 337
{
( -3376 5952 -9136 ) ( -3376 5953 -9136 ) ( -3376 5952 -9135 ) 05af2fa7aae1bdbe2cd590e075462790-dithered [ 0 -1 0 0 ] [ 0 0 -1 0 ] 0 1 1
( -3376 5952 -9136 ) ( -3376 5952 -9135 ) ( -3375 5952 -9136 ) 05af2fa7aae1bdbe2cd590e075462790-dithered [ 1 0 0 0 ] [ 0 0 -1 0 ] 0 1 1
( -3376 5952 -9136 ) ( -3375 5952 -9136 ) ( -3376 5953 -9136 ) 05af2fa7aae1bdbe2cd590e075462790-dithered [ -1 0 0 0 ] [ 0 -1 0 0 ] 0 1 1
( -704 8384 -9120 ) ( -704 8385 -9120 ) ( -703 8384 -9120 ) 05af2fa7aae1bdbe2cd590e075462790-dithered [ 1 0 0 0 ] [ 0 -1 0 0 ] 0 1 1
( -704 8384 -9120 ) ( -703 8384 -9120 ) ( -704 8384 -9119 ) 05af2fa7aae1bdbe2cd590e075462790-dithered [ -1 0 0 0 ] [ 0 0 -1 0 ] 0 1 1
( -704 8384 -9120 ) ( -704 8384 -9119 ) ( -704 8385 -9120 ) 05af2fa7aae1bdbe2cd590e075462790-dithered [ 0 1 0 0 ] [ 0 0 -1 0 ] 0 1 1
}
// brush 338
{
( -1040 8384 -9136 ) ( -1040 8385 -9136 ) ( -1040 8384 -9135 ) 05af2fa7aae1bdbe2cd590e075462790-dithered [ 0 -1 0 0 ] [ 0 0 -1 0 ] 0 1 1
( -1040 8384 -9136 ) ( -1040 8384 -9135 ) ( -1039 8384 -9136 ) 05af2fa7aae1bdbe2cd590e075462790-dithered [ 1 0 0 0 ] [ 0 0 -1 0 ] 0 1 1
( -1040 8384 -10352 ) ( -1039 8384 -10352 ) ( -1040 8385 -10352 ) 05af2fa7aae1bdbe2cd590e075462790-dithered [ -1 0 0 0 ] [ 0 -1 0 0 ] 90 1 1
( -816 8400 -9104 ) ( -816 8401 -9104 ) ( -815 8400 -9104 ) 05af2fa7aae1bdbe2cd590e075462790-dithered [ 1 0 0 0 ] [ 0 -1 0 0 ] 270 1 1
( -816 8400 -9120 ) ( -815 8400 -9120 ) ( -816 8400 -9119 ) 05af2fa7aae1bdbe2cd590e075462790-dithered [ -1 0 0 0 ] [ 0 0 -1 0 ] 0 1 1
( -816 8400 -9120 ) ( -816 8400 -9119 ) ( -816 8401 -9120 ) 05af2fa7aae1bdbe2cd590e075462790-dithered [ 0 1 0 0 ] [ 0 0 -1 0 ] 0 1 1
}
// brush 339
{
( -3392 8304 -10624 ) ( -3392 8305 -10624 ) ( -3392 8304 -10623 ) 05af2fa7aae1bdbe2cd590e075462790-dithered [ 0 -1 0 0 ] [ 0 0 -1 0 ] 0 1 1
( -3392 6064 -10624 ) ( -3392 6064 -10623 ) ( -3391 6064 -10624 ) 05af2fa7aae1bdbe2cd590e075462790-dithered [ 1 0 0 0 ] [ 0 0 -1 0 ] 270 1 1
( -3392 8304 -10624 ) ( -3391 8304 -10624 ) ( -3392 8305 -10624 ) 05af2fa7aae1bdbe2cd590e075462790-dithered [ -1 0 0 0 ] [ 0 -1 0 0 ] 0 1 1
( -3360 8384 -9136 ) ( -3360 8385 -9136 ) ( -3359 8384 -9136 ) 05af2fa7aae1bdbe2cd590e075462790-dithered [ 1 0 0 0 ] [ 0 -1 0 0 ] 180 1 1
( -3360 8384 -10608 ) ( -3359 8384 -10608 ) ( -3360 8384 -10607 ) 05af2fa7aae1bdbe2cd590e075462790-dithered [ -1 0 0 0 ] [ 0 0 -1 0 ] 0 1 1
( -3360 8384 -10608 ) ( -3360 8384 -10607 ) ( -3360 8385 -10608 ) 05af2fa7aae1bdbe2cd590e075462790-dithered [ 0 1 0 0 ] [ 0 0 -1 0 ] 0 1 1
}
}
